 ,dni,dhi,wind_speed,ghi,air_temperature,dew_point,relative_humidity,surface_pressure
2022,0,0,1.4,0,24.5,24.5,100,955
2022,0,0,1.6,0,24.3,24.3,100,955
2022,0,0,1.8,0,24.1,24.1,100,954
2022,0,0,1.9,0,24,24,100,954
2022,0,0,2,0,23.8,23.8,100,955
2022,0,0,2,0,23.7,23.7,99.87,955
2022,131,23,2.6,31,24.4,23.9,97.23,956
2022,537,79,3.5,233,25.6,24.4,92.94,957
2022,725,109,4,474,26.9,24.7,87.95,957
2022,826,127,4.3,700,28.2,25,82.67,957
2022,886,138,4.3,887,29.2,25.2,78.96,956
2022,915,146,4.5,1014,29.9,25.4,76.69,956
2022,934,145,4.6,1073,30.3,25.5,75.46,955
2022,938,138,4.7,1058,30.5,25.5,74.63,954
2022,941,121,4.7,976,30.4,25.3,74.3,953
2022,907,112,4.7,821,30,25.1,75.22,953
2022,845,98,4.4,615,29.4,25,77.29,952
2022,732,80,3.9,377,28.4,25,82.08,952
2022,486,50,3.3,139,27.1,24.9,87.59,953
2022,0,0,3.1,0,26.1,24.7,92.03,953
2022,0,0,3.2,0,25.7,24.6,93.83,954
2022,0,0,3.4,0,25.4,24.5,94.95,954
2022,0,0,3.6,0,25.2,24.5,95.65,954
2022,0,0,3.5,0,24.9,24.4,97.01,954
2022,0,0,3.5,0,24.8,24.3,97.33,953
2022,0,0,3.6,0,24.8,24.3,97.15,952
2022,0,0,3.7,0,24.8,24.3,97,952
2022,0,0,3.7,0,24.7,24.3,97.35,952
2022,0,0,3.8,0,24.7,24.2,97.08,952
2022,0,0,3.8,0,24.7,24.2,96.85,953
2022,137,23,4.1,31,25.1,24.3,95.25,954
2022,543,78,4.8,232,26,24.6,91.82,955
2022,733,106,5.5,473,27,24.7,87.07,956
2022,836,121,5.8,699,27.9,24.7,82.73,956
2022,896,129,5.9,886,28.6,24.8,79.85,956
2022,927,135,5.8,1013,29.1,24.9,78.19,956
2022,0,190,5.7,190,29.4,25,77.1,955
2022,5,431,5.4,436,29.5,25,76.76,955
2022,142,487,5.1,616,29.3,25,77.53,955
2022,0,105,4.7,105,28.9,24.9,79.1,954
2022,823,106,4.2,610,28.2,25,82.64,954
2022,714,83,3.7,375,27.4,25,86.98,954
2022,468,51,3.3,138,26.5,25,91.34,954
2022,0,0,3,0,25.8,24.9,94.73,955
2022,0,0,3.1,0,25.6,24.8,95.38,955
2022,0,0,3.4,0,25.4,24.7,95.81,956
2022,0,0,3.5,0,25.2,24.6,96.41,956
2022,0,0,3.5,0,25,24.5,97.33,956
2022,0,0,3.7,0,25,24.5,97.09,956
2022,0,0,3.8,0,25,24.4,96.41,955
2022,0,0,3.7,0,24.8,24.2,96.71,955
2022,0,0,3.7,0,24.6,24.1,97,955
2022,0,0,3.6,0,24.5,24,96.88,956
2022,0,0,3.5,0,24.3,23.8,97.18,956
2022,2,23,3.8,23,24.8,23.9,94.91,957
2022,135,133,4.4,171,25.9,24.2,90.54,958
2022,354,205,4.7,382,26.8,24.5,87.01,958
2022,56,307,4.8,346,27.6,24.6,83.88,958
2022,50,375,4.7,417,28.1,24.8,82.08,958
2022,186,438,4.5,614,28.2,24.8,81.95,957
2022,932,138,4.3,1064,28.3,24.9,81.85,957
2022,155,502,4.1,655,28.3,25,82.27,956
2022,909,134,4,961,28.1,25.1,83.84,955
2022,875,124,3.9,810,27.8,25.2,85.69,955
2022,809,110,3.6,606,27.4,25.2,87.81,954
2022,687,90,3.1,371,26.8,25.3,91.32,954
2022,430,56,2.6,136,26,25.1,94.96,954
2022,0,0,2.4,0,25.3,24.9,97.85,955
2022,0,0,2.5,0,25.1,24.8,98.2,955
2022,0,0,2.8,0,25,24.6,97.85,956
2022,0,0,2.7,0,24.8,24.5,97.98,956
2022,0,0,2.9,0,24.6,24.2,97.9,956
2022,0,0,3,0,24.4,24.1,98.03,956
2022,0,0,3.1,0,24.2,23.9,98.17,955
2022,0,0,3.2,0,24,23.7,98.42,955
2022,0,0,3.2,0,23.9,23.6,98.11,954
2022,0,0,3.2,0,23.8,23.5,98.19,955
2022,0,0,3.2,0,23.8,23.4,97.68,955
2022,0,16,3.5,16,24.2,23.6,96.31,956
2022,34,128,4.1,137,25.2,23.9,92.73,956
2022,35,251,4.7,269,26.2,24.2,88.82,956
2022,869,103,4.9,702,27.1,24.6,86.06,956
2022,918,113,5,887,27.8,24.8,83.96,956
2022,930,130,4.9,1011,28.2,25,82.87,955
2022,941,134,4.8,1069,28.3,25.1,82.75,955
2022,935,135,4.7,1053,28.2,25.1,83.26,954
2022,926,125,4.4,969,28.1,25.1,83.91,954
2022,887,119,4,815,27.8,25.1,85.49,953
2022,819,106,3.5,610,27.3,25.2,88.32,953
2022,696,87,2.9,373,26.5,25.2,92.51,953
2022,441,55,2.3,137,25.6,24.9,96.11,953
2022,0,0,2.1,0,24.9,24.7,98.52,954
2022,0,0,2.1,0,24.6,24.5,99.48,955
2022,0,0,2.2,0,24.5,24.4,99.25,955
2022,0,0,2.2,0,24.3,24.3,99.82,956
2022,0,0,2.2,0,24.2,24.1,99.66,956
2022,0,0,2.2,0,24,24,99.98,955
2022,0,0,2.3,0,23.9,23.9,99.79,955
2022,0,0,2.4,0,23.8,23.8,99.71,955
2022,0,0,2.5,0,23.7,23.6,99.61,954
2022,0,0,2.5,0,23.6,23.5,99.63,954
2022,0,0,2.4,0,23.5,23.4,99.68,955
2022,0,10,2.6,10,23.8,23.7,99.37,956
2022,1,51,3,52,24.6,24.2,97.83,957
2022,78,243,3.4,282,25.5,24.6,95.05,958
2022,9,204,3.2,211,26.7,24.8,89.19,958
2022,323,356,2.7,627,27.6,24.7,84.42,959
2022,88,447,2,530,28.3,24.8,81.28,958
2022,377,390,1.4,765,28.7,24.8,79.45,958
2022,951,118,1.3,1053,29,24.7,77.72,957
2022,806,171,1.4,906,28.9,24.6,77.48,957
2022,807,158,1.4,793,28.6,24.4,78.3,956
2022,697,155,1.1,585,28.1,24.6,81.38,956
2022,599,113,0.9,360,27.4,24.4,83.57,956
2022,327,68,0.6,129,26.1,24.6,91.5,957
2022,0,0,0.6,0,25.2,24.1,93.8,958
2022,0,0,0.6,0,24.8,24,95.26,959
2022,0,0,0.6,0,24.6,23.8,95.18,959
2022,0,0,0.8,0,24.4,23.5,94.57,960
2022,0,0,1.1,0,24.2,23.2,93.9,960
2022,0,0,1.3,0,23.7,22.9,95.06,959
2022,0,0,1.3,0,23.2,22.5,96.13,959
2022,0,0,1.1,0,22.7,22.2,96.97,959
2022,0,0,1,0,22.3,21.8,97.13,959
2022,0,0,1,0,21.8,21.4,97.7,959
2022,0,0,1,0,21.5,21.1,97.43,960
2022,118,19,1.7,25,22.5,21.4,93.74,960
2022,547,74,2.1,225,24.1,22,87.93,961
2022,737,104,2.5,468,26,22.4,80.55,961
2022,833,123,2.9,695,27.4,22.3,73.87,961
2022,886,136,3.1,881,28.5,22.2,68.95,961
2022,918,142,3.1,1010,29.2,22.3,66.37,960
2022,695,319,2.9,1009,29.7,22.4,64.9,960
2022,917,152,2.6,1053,29.9,22.5,64.4,959
2022,436,442,2.3,840,29.9,22.4,64.25,958
2022,872,128,2,815,29.6,22.3,64.94,958
2022,800,116,1.7,610,29.1,22.3,66.66,957
2022,676,94,1.2,374,28.5,22.4,69.56,957
2022,0,71,0.7,71,26.8,23.1,80.31,958
2022,0,0,0.6,0,26.1,22,78.28,958
2022,0,0,0.5,0,26,21.6,76.55,959
2022,0,0,0.4,0,26,21.1,74.29,959
2022,0,0,0.3,0,25.6,21,75.87,960
2022,0,0,0.5,0,24.8,21.2,80.52,959
2022,0,0,0.6,0,24,21.4,85.37,959
2022,0,0,0.7,0,23.4,21.4,88.56,958
2022,0,0,0.7,0,23,21.3,90.26,958
2022,0,0,0.7,0,22.7,21.2,91.53,958
2022,0,0,0.8,0,22.4,21.2,92.95,958
2022,0,0,0.8,0,22.3,21.2,93.42,958
2022,78,19,1.1,22,23.8,22.1,90.3,959
2022,0,53,1.3,53,25.9,22.2,80.16,959
2022,670,124,1.2,454,27.6,22.5,73.72,960
2022,776,147,1.2,679,28.7,22.9,70.97,960
2022,830,166,1.4,863,29.5,23.3,69.47,960
2022,398,483,1.6,859,30,23.5,68.37,959
2022,661,341,1.8,998,30.3,23.6,67.46,958
2022,362,523,1.9,879,30.4,23.6,67.05,958
2022,5,404,1.9,409,30.4,23.6,66.98,957
2022,289,433,1.9,661,29.9,23.6,68.81,957
2022,741,137,1.9,596,29.4,23.6,71.14,956
2022,99,237,1.5,278,28.6,24,75.99,956
2022,20,100,0.8,104,27,24.4,85.78,957
2022,0,0,0.7,0,25.8,24,89.65,957
2022,0,0,0.8,0,25.4,23.7,90.47,958
2022,0,0,0.8,0,25,23.6,91.81,959
2022,0,0,0.8,0,24.6,23.4,93.09,960
2022,0,0,0.8,0,24.3,23.2,93.85,959
2022,0,0,0.8,0,24,23,94.38,959
2022,0,0,0.8,0,23.8,22.8,94.12,958
2022,0,0,0.8,0,23.7,22.6,93.45,958
2022,0,0,0.7,0,23.6,22.4,92.73,958
2022,0,0,0.8,0,23.6,22.1,91.07,958
2022,0,0,0.8,0,23.6,21.8,89.54,958
2022,0,11,0.8,11,24.9,22.8,88.36,959
2022,5,123,0.8,124,27.2,22.7,76.37,959
2022,2,187,1.1,188,28.6,23,71.87,960
2022,16,317,1.3,327,29.5,23.5,70.28,960
2022,395,427,1.5,758,30.1,23.8,69.15,960
2022,69,487,1.7,552,30.4,23.8,67.94,960
2022,26,493,1.8,519,30.5,23.6,66.75,959
2022,836,204,1.9,1026,30.4,23.6,66.9,959
2022,848,174,2,948,30,23.6,68.49,958
2022,804,162,2.2,798,29.3,23.7,71.7,957
2022,732,142,2.3,596,28.5,23.8,75.68,957
2022,0,8,2.2,8,27.5,23.9,80.54,957
2022,348,67,1.7,133,26,24,88.74,958
2022,0,0,1.7,0,24.9,23.8,93.85,958
2022,0,0,1.8,0,24.3,23.6,96.16,958
2022,0,0,1.7,0,23.8,23.4,97.53,959
2022,0,0,1.4,0,23.4,23,97.73,959
2022,0,0,1.3,0,23.1,22.6,97.13,959
2022,0,0,1.1,0,22.7,22.2,97.13,959
2022,0,0,1.1,0,22.4,21.8,96.67,958
2022,0,0,1,0,22.1,21.5,96.62,958
2022,0,0,1,0,22,21.2,95.35,958
2022,0,0,1,0,21.9,21,94.5,958
2022,0,0,1.1,0,21.8,20.8,94.25,959
2022,0,9,1.8,9,23.2,21.5,90.14,959
2022,1,88,2.5,88,25.1,21.8,82.1,960
2022,0,34,3,34,27,22.1,74.7,960
2022,0,117,3.1,117,28.4,22.5,70.4,960
2022,315,384,3.2,648,29.4,22.8,67.74,960
2022,231,453,3.1,671,30.1,23.2,66.51,959
2022,769,239,3,1003,30.5,23.5,66.29,959
2022,876,179,3,1041,30.6,23.7,66.65,958
2022,821,197,2.9,947,30.5,23.8,67.34,957
2022,666,252,2.7,779,30.1,23.8,68.89,956
2022,431,260,2.5,528,29.5,23.8,71.37,956
2022,295,198,2,321,28.6,24,76.2,956
2022,25,97,1.1,102,26.7,24.3,86.79,956
2022,0,0,0.9,0,25.5,23.8,90.56,957
2022,0,0,0.9,0,25,23.7,92.59,958
2022,0,0,0.9,0,24.6,23.6,94.1,959
2022,0,0,1,0,24.4,23.5,94.53,959
2022,0,0,1.1,0,24.2,23.3,94.84,959
2022,0,0,1,0,23.9,23.2,95.69,959
2022,0,0,1,0,23.6,23,96.54,958
2022,0,0,1.2,0,23.4,22.9,97.15,958
2022,0,0,1.3,0,23.2,22.9,97.92,958
2022,0,0,1.3,0,23,22.7,98.41,958
2022,0,0,1.3,0,22.8,22.6,98.64,959
2022,0,14,1.9,14,23.7,22.9,95.07,960
2022,33,126,2.5,135,25,23.2,89.94,960
2022,220,232,2.7,339,26.3,23.4,84.27,961
2022,64,314,2.4,358,27.6,23.4,77.79,961
2022,249,377,1.6,585,28.4,23.4,74.21,961
2022,2,241,0.9,243,29,23.4,72.02,960
2022,103,492,0.9,595,29.3,23.5,71.18,960
2022,363,524,1.1,880,29.4,23.6,70.87,959
2022,7,417,1.4,424,29.3,23.5,71.2,959
2022,3,228,1.5,230,28.9,23.5,72.66,958
2022,3,170,1.5,172,28.4,23.6,75.1,958
2022,1,90,1.3,90,27.6,23.8,79.59,957
2022,1,52,0.8,52,26,24,88.94,958
2022,0,0,0.8,0,24.9,23.6,92.66,958
2022,0,0,0.9,0,24.4,23.4,94.38,958
2022,0,0,0.9,0,24,23.3,95.89,959
2022,0,0,0.9,0,23.7,23.2,96.91,959
2022,0,0,0.8,0,23.5,23.1,97.47,959
2022,0,0,0.7,0,23.5,23,96.87,958
2022,0,0,0.6,0,23.6,22.9,95.63,958
2022,0,0,0.5,0,23.6,22.7,94.9,958
2022,0,0,0.5,0,23.5,22.6,94.99,958
2022,0,0,0.5,0,23.3,22.6,95.92,958
2022,0,0,0.5,0,23.1,22.6,96.85,959
2022,0,11,0.9,11,23.7,23.1,96.25,960
2022,1,87,1.5,87,24.6,23.3,92.22,960
2022,620,133,1.4,433,25.9,23.3,85.74,961
2022,749,153,1.2,663,27.4,23.2,77.71,961
2022,829,162,1.2,855,28.9,23.1,70.83,961
2022,869,169,1.5,989,30,22.8,65.55,960
2022,885,174,1.8,1054,30.5,22.8,63.38,959
2022,879,178,2,1043,30.7,22.7,62.53,958
2022,305,431,2,710,30.8,22.7,61.93,957
2022,57,370,1.8,416,30.7,22.6,62.06,957
2022,743,142,1.4,605,30.5,22.6,62.95,956
2022,600,117,1.1,368,30,22.3,63.36,957
2022,326,71,0.7,134,27.9,23.2,75.83,957
2022,0,0,0.8,0,26.4,22.4,78.51,958
2022,0,0,0.9,0,25.5,22.3,82.62,959
2022,0,0,0.8,0,25,22.3,84.84,959
2022,0,0,0.7,0,24.6,22.5,87.93,960
2022,0,0,0.6,0,24.2,22.6,90.72,960
2022,0,0,0.6,0,24,22.6,91.93,960
2022,0,0,0.7,0,23.7,22.4,92.68,959
2022,0,0,0.8,0,23.5,22.2,92.38,959
2022,0,0,0.9,0,23,21.8,92.78,959
2022,0,0,0.9,0,22.5,21.2,92.62,959
2022,0,0,0.9,0,22,20.8,93.12,960
2022,48,14,1.4,16,23.4,21.7,90,960
2022,451,85,1.8,203,25.2,22.2,83.43,961
2022,657,125,1.5,443,27.6,22.5,73.73,961
2022,764,152,1.9,671,29.5,22.2,64.77,961
2022,808,181,2.3,857,30.5,22.3,61.75,961
2022,865,178,2.6,993,30.9,22.4,60.62,961
2022,1,377,2.8,378,31.2,22.3,59.26,960
2022,880,178,2.9,1045,31.4,22.3,58.46,959
2022,0,36,2.8,36,31.6,22.2,57.39,958
2022,33,361,2.5,388,31.5,21.9,56.91,958
2022,670,177,2,595,30.9,21.7,58.04,957
2022,521,142,1.8,360,29.7,21.8,62.54,957
2022,260,79,1.1,130,27.1,22.5,76.11,958
2022,0,0,1.3,0,25.8,21.3,76.24,958
2022,0,0,1.4,0,25.1,20.8,76.85,959
2022,0,0,1.2,0,24.5,20.3,77.63,960
2022,0,0,0.9,0,24.1,20.1,78.53,961
2022,0,0,0.6,0,23.9,20.2,79.9,961
2022,0,0,0.4,0,24,20.1,78.63,961
2022,0,0,0.6,0,23.5,19.8,79.65,960
2022,0,0,0.8,0,23,19.4,80.11,960
2022,0,0,0.9,0,22.6,19,80.08,960
2022,0,0,0.9,0,22.5,18.8,79.59,960
2022,0,0,0.9,0,22.4,18.7,79.45,961
2022,23,11,0.8,11,23.8,20.5,81.91,961
2022,379,94,1.2,193,26.8,19.5,64.16,962
2022,618,137,1.2,435,30.1,18.5,49.8,962
2022,756,156,1.6,668,30.9,18.8,48.52,962
2022,839,166,1.8,866,31.4,19.5,49.27,961
2022,806,220,1.8,979,32,19.8,48.67,961
2022,827,222,1.7,1043,32.3,20.2,48.79,960
2022,834,216,1.7,1038,32.5,20.3,48.65,959
2022,82,477,1.6,552,32.4,20.3,49.07,959
2022,0,73,1.5,73,32.1,20.4,50.17,958
2022,0,17,1.3,17,32,20.1,49.4,958
2022,0,30,1.1,30,31.1,19.3,49.5,958
2022,0,39,0.8,39,28.2,21.5,67.02,958
2022,0,0,0.9,0,26.1,20.7,72.15,959
2022,0,0,1,0,25.1,20.4,75.22,959
2022,0,0,1.1,0,24.4,20.5,78.68,960
2022,0,0,1.1,0,23.8,20.6,82.33,960
2022,0,0,1.1,0,23.3,20.7,85.57,960
2022,0,0,1.1,0,22.9,20.8,88.07,960
2022,0,0,1.1,0,22.6,20.9,89.97,959
2022,0,0,1.1,0,22.3,20.9,91.97,960
2022,0,0,1.1,0,22.2,21,92.72,960
2022,0,0,1.1,0,22,20.9,93.66,960
2022,0,0,1,0,21.8,20.8,94.29,961
2022,13,8,1.3,8,22.8,21.7,93.74,962
2022,330,98,1.8,183,24.2,22.5,90.51,963
2022,193,278,2.4,371,25.5,23,86.12,963
2022,7,299,2.9,304,26.9,22.9,78.6,963
2022,750,168,3,793,28,22.7,72.97,963
2022,550,332,3.1,850,28.4,22.7,71.08,962
2022,275,482,3.2,755,28.3,22.7,71.54,962
2022,853,155,3.2,996,28.1,22.6,72.25,961
2022,751,231,3.2,920,27.7,22.6,73.61,961
2022,831,149,3,810,27.3,22.5,75.21,961
2022,763,130,2.8,607,26.7,22.6,78.03,961
2022,645,102,2.2,374,26,22.7,82.27,961
2022,402,61,1.4,140,24.8,22.9,89.27,961
2022,0,0,1.1,0,24,22.8,92.99,962
2022,0,0,1.1,0,23.5,22.7,95.42,962
2022,0,0,1.1,0,23.2,22.6,96.71,963
2022,0,0,1.1,0,23,22.5,97.06,963
2022,0,0,1.2,0,22.7,22.3,97.84,963
2022,0,0,1.4,0,22.5,22.2,97.99,963
2022,0,0,1.6,0,22.2,22,98.66,962
2022,0,0,1.7,0,22,21.8,98.72,962
2022,0,0,1.9,0,21.9,21.6,98.28,962
2022,0,0,2,0,21.8,21.5,98.19,962
2022,0,0,2.2,0,21.8,21.4,97.86,963
2022,0,10,2.8,10,22.4,21.6,95.11,963
2022,529,69,3.8,205,23.7,21.7,88.6,964
2022,737,96,4.4,448,25.2,21.7,80.76,964
2022,845,110,4.7,681,26.6,21.6,74.14,964
2022,906,119,4.9,873,27.7,21.6,69.6,964
2022,941,122,5.1,1008,28.4,21.7,67.06,963
2022,639,352,5.2,988,28.9,21.8,65.56,962
2022,277,537,5.2,810,29,22,65.9,962
2022,917,130,5.2,972,28.9,22.1,66.63,961
2022,881,121,5.1,823,28.7,22.1,67.45,960
2022,815,108,4.8,619,28.1,22,69.37,960
2022,696,89,4.2,383,27.2,21.9,72.9,960
2022,458,55,3.1,145,25.7,22.1,80.31,960
2022,0,0,2.7,0,24.6,22,85.7,960
2022,0,0,2.6,0,24.1,22.1,88.55,961
2022,0,0,2.7,0,23.7,22.1,90.66,961
2022,0,0,2.8,0,23.5,22,91.47,961
2022,0,0,2.9,0,23.2,22,92.74,961
2022,0,0,3,0,22.9,21.9,93.94,960
2022,0,0,3,0,22.7,21.8,94.61,960
2022,0,0,3.1,0,22.4,21.7,95.86,959
2022,0,0,3.2,0,22.2,21.7,96.73,959
2022,0,0,3.2,0,22.1,21.6,97.13,959
2022,0,0,3.3,0,22,21.6,97.51,959
2022,0,9,3.9,9,23,21.8,93.11,960
2022,326,109,4.9,192,24.8,22.2,85.27,960
2022,493,159,5.7,394,26.5,22.3,77.69,961
2022,638,167,6.1,597,27.8,22.3,72.08,961
2022,205,389,6.3,560,28.8,22.3,67.99,960
2022,413,461,6.4,851,29.6,22.4,65.12,960
2022,940,132,6.4,1067,30,22.4,63.92,959
2022,938,133,6.3,1058,30.2,22.4,63.13,958
2022,921,129,6.2,975,30.1,22.4,63.45,957
2022,885,120,5.9,826,29.7,22.4,64.75,956
2022,819,109,5.5,623,29,22.3,67.05,956
2022,702,89,4.9,386,27.9,22.2,71.35,956
2022,455,56,4,146,26.4,22.2,77.97,956
2022,0,0,3.6,0,25.3,22.2,83.15,957
2022,0,0,3.5,0,24.7,22.3,86.52,958
2022,0,0,3.5,0,24.3,22.4,89.09,958
2022,0,0,3.7,0,24,22.4,91,958
2022,0,0,4,0,23.8,22.4,92.09,958
2022,0,0,4,0,23.5,22.4,93.51,957
2022,0,0,4,0,23.4,22.4,93.92,957
2022,0,0,4,0,23.4,22.4,93.84,957
2022,0,0,4,0,23.3,22.4,94.5,957
2022,0,0,4,0,23.2,22.4,95.28,958
2022,0,0,4.1,0,23.1,22.4,95.75,958
2022,75,12,4.5,13,23.7,22.5,92.79,958
2022,552,63,5.3,202,25.1,22.6,86.11,959
2022,755,87,5.8,446,26.7,22.6,78.41,959
2022,855,103,6,677,28,22.7,72.93,959
2022,909,113,6.1,869,29,22.8,69.27,960
2022,952,111,6.2,1007,29.7,22.8,66.54,959
2022,538,340,6.2,875,30.1,22.8,65.11,959
2022,968,110,6.1,1065,30.2,22.8,64.7,958
2022,944,113,5.9,981,30.1,22.7,64.78,957
2022,912,105,5.6,832,29.6,22.6,66.04,956
2022,850,94,5.2,629,29,22.4,67.72,956
2022,740,78,4.5,391,28,22.4,71.45,956
2022,13,98,3.5,101,26.5,22.4,78.07,956
2022,0,0,3.1,0,25.4,22.3,82.91,957
2022,0,0,3,0,24.9,22.2,85.1,957
2022,0,0,3.1,0,24.5,22.1,86.62,958
2022,0,0,3.1,0,24.1,22,88.07,958
2022,0,0,3.1,0,23.8,21.9,88.93,958
2022,0,0,3.2,0,23.6,21.6,88.7,958
2022,0,0,3.3,0,23.3,21.4,89.07,958
2022,0,0,3.2,0,23,21.2,89.71,958
2022,0,0,3.1,0,22.6,21.1,91.15,958
2022,0,0,3.2,0,22.5,21,91.19,958
2022,0,0,3.2,0,22.3,20.9,91.98,959
2022,0,6,3.5,6,23.1,21.2,89.08,960
2022,304,104,4.5,180,24.8,21.6,82.32,961
2022,7,192,5.2,195,26.7,22,75.37,961
2022,151,374,5.5,476,28.2,22.4,70.68,961
2022,100,399,5.6,482,29.4,22.6,66.71,961
2022,258,514,5.5,756,30.1,22.7,64.67,960
2022,429,477,5.4,903,30.5,22.8,63.65,959
2022,228,538,5.2,762,30.7,22.9,63.34,959
2022,1,311,5,312,30.6,22.9,63.49,958
2022,921,98,4.8,833,30.4,22.8,63.94,958
2022,520,207,4.4,534,29.8,22.7,65.79,958
2022,751,74,3.7,393,28.8,22.7,69.78,958
2022,515,49,2.5,151,27.1,23,78.24,959
2022,0,0,2.1,0,25.9,23,84.26,959
2022,0,0,2,0,25.3,23.2,88.06,960
2022,0,0,1.9,0,24.9,23.2,90.54,961
2022,0,0,1.9,0,24.5,23.2,92.61,962
2022,0,0,1.8,0,24.2,23.2,94.04,962
2022,0,0,1.8,0,23.8,23.1,95.93,962
2022,0,0,1.8,0,23.5,23,96.99,961
2022,0,0,1.7,0,23.1,22.9,98.67,961
2022,0,0,1.7,0,22.8,22.8,99.72,961
2022,0,0,1.5,0,22.6,22.6,99.9,961
2022,0,0,1.3,0,22.4,22.4,100,962
2022,71,10,2,12,23.4,22.9,97.25,962
2022,559,61,2.6,200,24.8,23.5,92.26,963
2022,762,85,3.1,444,26.6,23.4,82.44,964
2022,739,145,3.4,640,28.3,22.9,72.5,964
2022,660,220,3.5,768,29.5,22.6,66.64,964
2022,900,79,3.6,925,30.2,22.6,63.72,963
2022,967,111,3.6,1072,30.5,22.5,62.38,963
2022,965,110,3.6,1064,30.6,22.5,61.98,962
2022,927,121,3.5,975,30.5,22.4,62.13,961
2022,892,114,3.5,826,30.2,22.3,62.87,961
2022,828,102,3.3,624,29.6,22.2,64.63,961
2022,714,84,2.7,387,28.7,22.3,68.17,961
2022,466,54,1.6,147,26.9,22.6,77.38,961
2022,0,0,1.1,0,25.5,22.6,83.77,962
2022,0,0,1,0,24.9,22.5,86.81,962
2022,0,0,0.9,0,24.4,22.5,89.36,963
2022,0,0,0.9,0,23.9,22.5,91.79,963
2022,0,0,0.8,0,23.4,22.5,94.43,963
2022,0,0,0.8,0,23,22.4,96.65,963
2022,0,0,0.8,0,22.6,22.4,98.71,962
2022,0,0,0.8,0,22.4,22.3,99.62,962
2022,0,0,0.9,0,22.1,22.1,100,962
2022,0,0,0.9,0,22,22,100,962
2022,0,0,0.9,0,21.9,21.9,100,963
2022,62,10,1.7,11,23.3,22.5,95.12,963
2022,561,60,2.5,198,25.1,22.6,85.85,964
2022,763,85,2.9,443,26.9,22.3,75.93,964
2022,862,101,3,677,28.3,22,68.89,964
2022,917,111,3.1,871,29.4,21.8,63.77,963
2022,936,126,3.3,1006,30.2,21.7,60.39,963
2022,954,126,3.4,1075,30.7,21.6,58.39,962
2022,955,124,3.5,1068,31,21.5,57.07,961
2022,952,112,3.6,990,30.8,21.4,57.48,960
2022,920,104,3.6,839,30.4,21.4,58.52,959
2022,857,94,3.4,634,29.7,21.3,60.53,958
2022,744,78,3,394,28.6,21.3,64.8,959
2022,501,51,1.8,150,26.7,21.7,74.25,959
2022,0,0,1.3,0,25.3,21.7,80.69,960
2022,0,0,1.2,0,24.7,21.8,83.93,961
2022,0,0,1.1,0,24.2,21.8,86.38,961
2022,0,0,1.1,0,23.8,21.7,88.12,962
2022,0,0,1.3,0,23.5,21.6,89.09,961
2022,0,0,1.5,0,23.2,21.5,90.07,961
2022,0,0,1.6,0,23,21.4,90.58,960
2022,0,0,1.9,0,22.9,21.3,90.91,960
2022,0,0,2,0,22.8,21.4,91.55,960
2022,0,0,1.9,0,22.6,21.4,92.82,960
2022,0,0,1.9,0,22.4,21.4,94.29,960
2022,0,0,2.4,0,23,21.7,92.26,960
2022,39,132,3.3,142,24.2,21.8,86.38,961
2022,722,95,3.8,434,25.5,21.6,79.12,961
2022,826,114,4.1,665,26.3,21.8,76.15,961
2022,882,127,4.3,858,27,21.9,73.47,961
2022,939,118,4.5,1001,27.6,21.9,70.96,960
2022,951,122,4.6,1068,27.9,21.9,69.95,960
2022,951,122,4.5,1061,27.9,21.9,70.05,959
2022,922,126,4.4,977,27.9,21.9,69.92,958
2022,891,116,4.2,829,27.6,21.8,70.85,957
2022,830,103,3.9,627,27.2,21.9,72.65,957
2022,718,84,3.2,389,26.4,22.1,77.33,957
2022,478,53,2.5,148,25.3,22.1,82.69,957
2022,0,0,2.4,0,24.4,22.1,87.01,958
2022,0,0,2.3,0,23.9,22.1,89.51,959
2022,0,0,2.4,0,23.4,22,91.93,960
2022,0,0,2.4,0,23,21.9,93.58,960
2022,0,0,2.4,0,22.7,21.8,94.7,960
2022,0,0,2.4,0,22.4,21.7,95.88,959
2022,0,0,2.4,0,22.2,21.6,96.7,959
2022,0,0,2.7,0,22.1,21.6,96.96,959
2022,0,0,2.9,0,22.1,21.5,96.61,959
2022,0,0,3,0,21.9,21.5,97.33,959
2022,0,0,3.1,0,21.7,21.4,97.99,959
2022,0,0,3.6,0,22.2,21.6,96.61,959
2022,143,117,4.6,152,23.3,22,92.32,960
2022,780,77,5.4,441,24.9,21.7,82.6,960
2022,880,89,5.8,675,26.7,21.1,71.62,960
2022,937,95,6,870,28,20.9,65.56,960
2022,962,104,6,1008,28.9,21,62.39,959
2022,979,101,6.1,1075,29.5,21.1,60.55,958
2022,980,99,6,1068,29.7,21.1,60.11,957
2022,942,113,5.8,982,29.6,21.2,60.67,957
2022,908,106,5.6,833,29.1,21.1,62.15,956
2022,846,95,5.4,629,28.3,20.9,64.21,956
2022,736,78,4.9,392,27.1,20.6,67.83,956
2022,498,51,3.9,150,25.6,20.7,74.3,957
2022,0,0,3.3,0,24.4,20.9,80.88,957
2022,0,0,3.1,0,23.8,21.1,84.92,958
2022,0,0,3,0,23.3,21.2,88.21,959
2022,0,0,2.9,0,23.1,21.3,89.73,960
2022,0,0,3,0,22.8,21.4,91.84,959
2022,0,0,3,0,22.7,21.5,93.17,959
2022,0,0,3.2,0,22.6,21.7,94.41,958
2022,0,0,3.3,0,22.6,21.8,94.99,958
2022,0,0,3.4,0,22.5,21.8,95.73,957
2022,0,0,3.3,0,22.4,21.8,96.32,958
2022,0,0,3.2,0,22.5,21.8,95.74,959
2022,0,0,3.7,0,23.1,21.9,92.99,959
2022,0,9,4.6,9,24.3,22.1,87.59,960
2022,0,88,5.3,88,25.7,22,80.29,961
2022,10,216,5.6,223,27,21.9,73.63,961
2022,307,367,5.7,621,28.1,21.8,68.69,961
2022,500,406,5.8,875,29,21.8,65.12,960
2022,165,498,5.7,662,29.6,21.8,62.77,959
2022,922,90,5.5,1002,29.8,21.7,61.98,959
2022,626,272,5.2,850,29.8,21.8,62.09,958
2022,904,106,4.9,830,29.6,21.8,63.02,957
2022,172,350,4.5,458,29.1,21.9,65.28,957
2022,736,77,3.9,390,28.2,22.1,69.46,957
2022,502,50,2.7,149,26.7,22.3,77.08,958
2022,0,0,2.1,0,25.7,22.4,82.24,958
2022,0,0,1.8,0,25.2,22.5,85,959
2022,0,0,1.7,0,24.8,22.5,86.98,960
2022,0,0,1.7,0,24.5,22.4,88.23,960
2022,0,0,2,0,24.2,22.3,89.3,960
2022,0,0,2,0,23.9,22.3,90.72,960
2022,0,0,1.9,0,23.5,22.3,92.82,959
2022,0,0,1.9,0,23.3,22.3,94.05,959
2022,0,0,1.9,0,23,22.3,95.79,959
2022,0,0,1.8,0,22.9,22.3,96.37,959
2022,0,0,1.8,0,22.7,22.3,97.59,960
2022,0,0,2.4,0,23.5,22.4,93.84,961
2022,574,54,3.3,191,25,22.2,84.66,961
2022,775,77,3.6,436,26.6,22.1,76.39,962
2022,873,91,3.7,670,28.1,22.2,70.23,962
2022,878,84,3.6,809,29.3,22.1,65.44,961
2022,947,113,3.6,1002,30.2,22.2,62.17,961
2022,962,114,3.6,1071,30.7,22.1,60.32,960
2022,583,306,3.5,883,31,22.1,59.17,959
2022,924,125,3.4,978,30.9,22.1,59.37,959
2022,897,113,3.2,831,30.7,22,59.7,958
2022,839,99,2.9,629,30.1,21.9,61.39,957
2022,728,80,2.3,390,29.3,21.9,64.49,957
2022,146,100,1.2,128,27.4,22.4,74.18,958
2022,0,0,0.9,0,26,22.2,79.37,959
2022,0,0,0.9,0,25.3,22.1,82.27,959
2022,0,0,1,0,24.9,22,83.91,960
2022,0,0,1,0,24.5,21.9,85.61,960
2022,0,0,1.1,0,24.1,21.9,87.44,960
2022,0,0,1.1,0,23.7,21.8,89.2,959
2022,0,0,1,0,23.4,21.7,90.29,959
2022,0,0,1.1,0,23.2,21.6,90.64,959
2022,0,0,1.1,0,23.2,21.5,90.08,959
2022,0,0,1,0,23.2,21.4,89.52,959
2022,0,0,1,0,23.1,21.3,89.59,960
2022,0,0,1.6,0,24,21.4,85.38,960
2022,307,102,2.4,175,26,21.5,76.41,961
2022,560,131,3.1,390,28.3,21.8,67.73,961
2022,393,275,3.4,536,29.8,22.1,63.38,961
2022,607,243,3.6,744,30.8,22.2,60.17,960
2022,883,121,3.7,950,31.4,22.1,57.95,960
2022,729,250,3.9,975,31.9,22.1,56.13,959
2022,897,96,4,984,32.1,22,55.21,958
2022,884,122,4.1,939,32.1,21.9,54.81,957
2022,297,433,4,670,31.7,21.8,55.79,957
2022,838,103,3.9,633,31,21.6,57.53,956
2022,719,86,3.3,392,29.9,21.7,61.62,957
2022,470,55,2.2,148,27.9,21.9,69.76,957
2022,0,0,2,0,26.6,21.7,74.65,958
2022,0,0,2.1,0,26,21.7,77.43,958
2022,0,0,2.2,0,25.4,21.8,80.55,959
2022,0,0,2.1,0,24.8,21.9,83.87,959
2022,0,0,2.1,0,24.3,22,87.15,959
2022,0,0,2.1,0,23.8,22.2,90.68,958
2022,0,0,2.1,0,23.4,22.3,93.71,958
2022,0,0,2.1,0,23.1,22.4,95.85,957
2022,0,0,2.2,0,22.9,22.4,97.28,957
2022,0,0,2.3,0,22.7,22.4,98.44,957
2022,0,0,2.3,0,22.6,22.4,98.78,958
2022,0,0,3,0,23.7,22.5,93.06,959
2022,21,124,4,129,25.8,22.6,82.39,959
2022,678,108,4.5,420,27.8,22.5,72.87,960
2022,791,131,4.7,654,29.3,22.4,66.46,959
2022,856,143,4.7,849,30.4,22.5,62.77,959
2022,587,316,4.8,867,31.2,22.6,60.39,958
2022,519,372,4.8,887,31.7,22.6,58.6,957
2022,909,153,4.9,1052,31.9,22.5,57.54,957
2022,880,156,4.8,969,31.9,22.2,56.68,956
2022,843,144,4.7,820,31.7,22,56.43,955
2022,775,127,4.5,617,31.1,21.8,57.81,955
2022,648,102,3.8,378,30.1,21.8,61.12,955
2022,393,62,2.7,140,28.3,21.9,68.11,955
2022,0,0,2.4,0,27.2,21.9,72.75,956
2022,0,0,2.4,0,26.6,22.1,76.24,957
2022,0,0,2.3,0,26,22.3,79.95,958
2022,0,0,2.3,0,25.5,22.4,83,958
2022,0,0,2.3,0,24.9,22.5,86.4,958
2022,0,0,2.3,0,24.5,22.5,88.59,958
2022,0,0,2.5,0,24.1,22.4,90.47,957
2022,0,0,2.5,0,23.7,22.4,92.4,957
2022,0,0,2.4,0,23.4,22.3,93.82,958
2022,0,0,2.3,0,23.1,22.3,95.24,958
2022,0,0,2.3,0,22.9,22.2,95.99,958
2022,0,0,2.9,0,23.7,22.3,92.04,959
2022,1,50,4,50,25.6,22.2,81.71,960
2022,491,171,4.4,396,27.3,22.3,74,960
2022,13,230,4.3,239,28.7,22.6,69.63,960
2022,2,190,4.1,191,30.1,22.8,64.83,959
2022,481,355,3.9,806,30.9,22.8,62.11,959
2022,625,301,3.7,922,31.5,22.8,60.04,958
2022,408,409,3.5,813,31.8,22.8,58.94,957
2022,438,357,3.2,762,31.7,22.8,59.29,957
2022,303,357,2.9,600,31.3,22.7,60.48,956
2022,132,297,2.5,380,30.6,22.7,62.86,956
2022,0,53,1.8,53,29.5,23.1,68.33,957
2022,0,20,0.8,20,27.7,23.7,78.85,957
2022,0,0,0.7,0,26.6,23.6,83.7,958
2022,0,0,0.6,0,26.1,23.6,86.14,958
2022,0,0,0.6,0,25.8,23.6,87.49,959
2022,0,0,0.6,0,25.4,23.4,88.97,959
2022,0,0,0.5,0,25.1,23.3,89.99,959
2022,0,0,0.4,0,24.8,23.3,91.6,959
2022,0,0,0.4,0,24.4,23.4,94.22,959
2022,0,0,0.7,0,24.1,23.4,95.77,959
2022,0,0,1.1,0,23.8,23.3,97,959
2022,0,0,1.7,0,23.4,23,97.61,959
2022,0,0,2.1,0,23,22.4,96.61,960
2022,0,0,2.1,0,22.7,22,95.61,960
2022,16,118,2.4,122,22.7,21.7,93.84,960
2022,68,254,2.8,285,23.2,21.7,91.08,961
2022,2,253,4,255,24.3,21.1,82.56,961
2022,3,333,5.2,335,25.5,20.2,72.39,960
2022,16,447,5.5,462,26.3,19.4,65.99,960
2022,77,505,5.4,581,26.2,19.1,65.18,959
2022,236,548,5.2,782,26,19,65.28,959
2022,2,360,4.8,362,25.8,18.8,65.42,958
2022,67,415,4.4,469,26,18.8,64.57,957
2022,234,346,3.8,494,26.3,18.9,63.94,957
2022,649,99,3,375,26.1,19.2,65.81,957
2022,400,59,1.8,138,24.9,19.4,71.6,957
2022,0,0,1.3,0,24,19.2,74.72,957
2022,0,0,1.2,0,23.6,19.1,75.84,958
2022,0,0,1.3,0,23.2,18.9,76.67,959
2022,0,0,1.5,0,23,18.6,76.24,959
2022,0,0,1.8,0,22.8,18.3,75.77,959
2022,0,0,2,0,22.7,17.9,74.53,958
2022,0,0,2,0,22.5,17.7,74.19,958
2022,0,0,1.8,0,22.2,17.5,74.51,957
2022,0,0,1.6,0,21.9,17.4,75.41,957
2022,0,0,1.4,0,21.6,17.2,76.25,957
2022,0,0,1.3,0,21.3,17.2,77.23,958
2022,0,0,1.8,0,22.4,17.5,73.66,959
2022,107,119,2.7,144,24.5,17.3,64.28,959
2022,372,196,3.9,365,26.7,16.9,54.79,960
2022,633,204,4.2,621,28.4,16.5,48.64,960
2022,807,162,4.1,826,29.9,16.6,44.82,959
2022,842,175,3.8,964,31.1,16.9,42.55,958
2022,861,180,3.6,1036,31.9,17.1,41.16,957
2022,863,178,3.4,1031,32.4,17.1,40.17,956
2022,589,373,3.3,918,32.5,17.1,39.85,955
2022,579,336,3.1,801,32.3,17,40.05,955
2022,734,140,2.7,604,31.6,17,41.75,955
2022,597,113,1.9,367,30.2,17.7,47.1,955
2022,334,66,0.9,132,27.3,18.6,59.08,955
2022,0,0,0.9,0,26.1,17.6,59.58,956
2022,0,0,0.9,0,25.4,17.4,61.13,957
2022,0,0,1,0,25,17.3,62.43,958
2022,0,0,1.2,0,24.3,17.3,65.14,958
2022,0,0,1.2,0,23.6,17.3,67.74,958
2022,0,0,1.2,0,23,17.1,69.4,958
2022,0,0,1.2,0,22.5,16.7,69.75,957
2022,0,0,1.3,0,22,16.2,69.57,957
2022,0,0,1.3,0,21.5,15.6,69.2,957
2022,0,0,1.2,0,21.1,15.2,69.25,957
2022,0,0,1.1,0,20.6,15,70.45,957
2022,0,0,1.4,0,22.1,15.7,67.19,958
2022,358,77,1.9,159,24.8,15.6,56.68,959
2022,591,129,2.2,398,28.2,15.9,47.09,959
2022,714,162,2,631,30.3,16.1,42.35,959
2022,783,183,1.7,827,31.6,16.5,40.45,958
2022,925,133,1.6,1000,32.7,17,39.16,957
2022,934,140,1.6,1068,33.4,17.4,38.51,956
2022,930,140,1.7,1061,33.7,17.6,38.48,955
2022,423,463,1.8,854,33.7,17.8,38.9,955
2022,850,140,1.8,823,33.3,17.9,39.94,954
2022,783,124,1.8,619,32.6,17.8,41.42,954
2022,657,100,1.6,379,31.4,18.1,45.15,954
2022,400,60,0.9,138,28.4,19.4,58.18,955
2022,0,0,0.9,0,26.7,18.8,61.96,955
2022,0,0,1,0,25.9,18.7,64.59,956
2022,0,0,1,0,25.3,18.7,66.81,957
2022,0,0,1,0,24.8,18.7,68.7,957
2022,0,0,1,0,24.4,18.6,70.21,957
2022,0,0,1.1,0,24,18.6,71.97,956
2022,0,0,1.2,0,23.8,18.9,73.9,956
2022,0,0,1.1,0,23.5,19.2,76.9,956
2022,0,0,1,0,23.1,19.6,80.56,956
2022,0,0,0.9,0,22.7,19.8,83.74,956
2022,0,0,0.9,0,22.3,20,86.58,956
2022,0,0,1.7,0,23.6,20.4,82.31,957
2022,399,73,2.6,163,26,20.7,72.58,958
2022,629,118,2.4,403,28.5,20.9,63.36,959
2022,277,360,2.1,542,30,21.1,59.03,959
2022,812,167,2,834,31,21.5,56.92,958
2022,872,164,2,981,31.4,21.9,56.98,958
2022,888,169,1.8,1051,31.3,22.1,58.31,958
2022,893,163,1.6,1048,31.1,22.3,59.59,957
2022,865,164,1.5,964,30.7,22.3,60.97,956
2022,829,150,1.4,816,30.2,22.4,62.99,956
2022,762,130,1.3,613,29.5,22.7,66.92,956
2022,635,105,1.1,375,28.4,23.3,73.76,956
2022,367,64,0.7,135,26.7,24.1,85.6,957
2022,0,0,0.7,0,25.6,24.2,92.23,958
2022,0,0,0.9,0,25.1,24,93.72,959
2022,0,0,1.1,0,24.6,23.8,95.11,959
2022,0,0,1.2,0,24.3,23.6,96.02,959
2022,0,0,1.2,0,24,23.5,97.11,959
2022,0,0,1.1,0,23.7,23.4,97.92,959
2022,0,0,0.9,0,23.6,23.2,97.35,958
2022,0,0,0.8,0,23.4,23,97.54,959
2022,0,0,0.7,0,23.2,22.8,97.83,959
2022,0,0,0.8,0,23,22.7,98.05,959
2022,0,0,0.8,0,22.7,22.5,98.6,960
2022,0,0,1.2,0,23,22.6,97.45,960
2022,2,60,1.9,60,23.6,22.8,94.99,961
2022,165,237,2.1,311,24.2,23,93.3,961
2022,645,187,2.1,609,25.3,23.1,87.75,961
2022,192,483,2.1,641,26.5,22.6,79.23,961
2022,126,534,2,652,27.3,22.2,73.74,960
2022,426,447,1.9,870,27.7,22.2,71.82,960
2022,759,252,1.8,1004,27.8,22.2,71.66,959
2022,824,188,1.6,950,27.7,22.3,72.45,959
2022,788,172,1.4,805,27.5,22.3,73.41,959
2022,271,346,1.1,517,27,22.2,75.23,958
2022,607,112,0.8,370,26.4,22.5,79.31,958
2022,356,64,0.4,133,25.2,22.4,84.53,958
2022,0,0,0.4,0,24.6,21.9,84.76,959
2022,0,0,0.5,0,23.9,21.8,88.12,959
2022,0,0,0.7,0,23.1,21.8,92.21,960
2022,0,0,0.8,0,22.6,21.6,94.14,960
2022,0,0,0.9,0,22.3,21.4,94.81,960
2022,0,0,1,0,22.1,21.2,94.89,960
2022,0,0,1,0,22,21,93.8,959
2022,0,0,0.9,0,21.9,20.6,92.26,959
2022,0,0,0.8,0,21.7,20.2,91.35,959
2022,0,0,0.8,0,21.6,19.9,90.33,959
2022,0,0,0.8,0,21.5,19.7,89.62,959
2022,0,0,0.8,0,22.7,20.6,88.12,960
2022,405,70,1.3,160,24.7,20.6,77.74,960
2022,649,109,0.8,402,27.3,20.3,65.66,960
2022,773,132,1,639,29.1,20.3,59.09,960
2022,842,146,1.5,837,30.3,20.7,56.58,960
2022,920,129,2,989,30.9,21.1,56.13,959
2022,935,131,2.4,1060,31.2,21.4,56.09,958
2022,935,130,2.6,1056,31.1,21.5,56.87,958
2022,885,147,2.7,966,30.8,21.5,57.84,957
2022,855,134,2.8,820,30.2,21.5,59.73,956
2022,796,115,2.7,618,29.5,21.5,62.18,956
2022,688,89,2.2,381,28.4,21.7,67.03,956
2022,447,54,1.3,140,26.3,22,77.44,956
2022,0,0,1.1,0,24.9,21.8,83.11,957
2022,0,0,1.1,0,24.2,21.8,86.27,958
2022,0,0,1.1,0,23.7,21.7,88.82,959
2022,0,0,1.1,0,23.3,21.8,91.23,959
2022,0,0,1.1,0,23,21.9,93.51,959
2022,0,0,1.2,0,22.7,22,96.09,959
2022,0,0,1.3,0,22.6,22.2,97.34,958
2022,0,0,1.3,0,22.4,22.2,99.07,958
2022,0,0,1.3,0,22.2,22.2,100,958
2022,0,0,1.3,0,22.1,22.1,100,958
2022,0,0,1.4,0,22,22,100,958
2022,0,0,2.4,0,23.2,22.4,95.29,959
2022,481,60,3.6,166,25.1,22.5,85.52,960
2022,717,89,4.1,411,26.8,22.4,76.84,960
2022,832,104,4.2,648,28.2,22.3,70.36,960
2022,894,114,4.3,847,29.3,22.3,65.95,959
2022,939,112,4.4,990,29.9,22.3,63.96,959
2022,954,114,4.5,1061,30.3,22.4,62.54,958
2022,952,114,4.6,1057,30.4,22.3,62.12,957
2022,904,132,4.6,969,30.3,22.3,62.23,957
2022,868,124,4.4,820,29.9,22.1,63.19,956
2022,799,112,4.2,616,29.3,22.1,65.12,956
2022,681,89,3.6,378,28.2,22.2,69.93,956
2022,431,55,2.7,138,26.7,22.4,77.29,956
2022,0,0,2.4,0,25.7,22.5,82.73,957
2022,0,0,2.5,0,25.2,22.6,85.69,957
2022,0,0,2.4,0,24.8,22.7,88.05,958
2022,0,0,2.4,0,24.4,22.7,90.17,958
2022,0,0,2.4,0,24.1,22.7,91.76,958
2022,0,0,2.6,0,23.9,22.7,92.79,958
2022,0,0,2.8,0,23.6,22.6,94.37,958
2022,0,0,3,0,23.4,22.6,95.36,958
2022,0,0,3.1,0,23.2,22.6,96.22,958
2022,0,0,3.1,0,23,22.5,96.86,958
2022,0,0,3.1,0,22.9,22.4,96.81,958
2022,0,0,3.5,0,23.3,22.4,94.78,958
2022,2,52,4.7,53,24.6,22.7,88.94,959
2022,0,8,5.5,8,26.4,22.7,80.3,959
2022,1,127,5.9,128,27.9,22.6,73.11,959
2022,3,227,6.1,230,29,22.5,68.04,959
2022,41,462,6.1,500,29.7,22.4,64.88,959
2022,341,409,6,748,30.1,22.3,63.16,958
2022,898,81,6,970,30.2,22.2,62.38,957
2022,865,158,5.8,958,30,22.1,62.51,956
2022,56,360,5.6,405,29.6,22,63.62,956
2022,507,206,5.3,526,29,21.8,65.36,955
2022,246,195,4.6,299,28,21.8,69.09,955
2022,50,99,3.9,109,26.6,21.8,75.18,956
2022,0,0,3.7,0,25.8,21.9,79.16,956
2022,0,0,3.5,0,25.2,22,82.47,957
2022,0,0,3.4,0,24.6,22,85.63,958
2022,0,0,3.4,0,24.2,22,87.67,958
2022,0,0,3.6,0,23.9,22,89.27,958
2022,0,0,3.7,0,23.7,22,90.4,957
2022,0,0,3.7,0,23.5,22.1,91.74,957
2022,0,0,3.8,0,23.5,22.1,91.83,957
2022,0,0,3.9,0,23.4,22.1,92.16,957
2022,0,0,4.1,0,23.4,22,91.83,957
2022,0,0,4.1,0,23.2,22,92.77,958
2022,0,0,4.3,0,23.7,22.1,90.52,958
2022,2,57,4.9,57,25.1,22.3,84.51,959
2022,1,76,5.4,77,26.3,22.6,79.95,959
2022,7,191,5.5,196,26.9,23,79.46,960
2022,5,228,5.4,231,27.3,23.3,78.74,960
2022,446,362,5.2,779,27.5,23.3,78.01,960
2022,31,487,5,518,27.4,23.2,78.06,959
2022,32,460,4.8,492,27.2,23.2,78.72,959
2022,0,45,4.4,45,26.8,23.1,80.44,958
2022,11,288,3.7,297,26.2,23.3,83.88,958
2022,0,17,2.6,17,25.5,23.5,88.57,958
2022,0,28,1.6,28,24.7,23.6,93.68,959
2022,0,31,0.6,31,24,23.5,96.9,959
2022,0,0,0.5,0,23.6,23.3,98.32,960
2022,0,0,1.1,0,23.3,23,98.17,961
2022,0,0,1.9,0,22.6,22.4,98.98,962
2022,0,0,2.2,0,22,21.8,98.62,963
2022,0,0,2.3,0,21.2,20.8,97.87,963
2022,0,0,2.2,0,20.5,20,97.07,963
2022,0,0,2.1,0,20.1,19.5,96.35,963
2022,0,0,2.2,0,19.8,19,95.44,962
2022,0,0,2.6,0,19.4,18.3,93.46,963
2022,0,0,2.6,0,18.9,17.6,92.34,963
2022,0,0,2.6,0,18.5,17.1,91.3,964
2022,0,0,2.8,0,18.6,16.7,88.47,964
2022,20,104,3.1,108,19.3,16.6,84.45,965
2022,683,99,3.4,403,20.4,16.8,79.88,965
2022,84,358,3.6,413,22.3,16.8,70.94,966
2022,795,149,4,799,24.2,16.5,62.27,965
2022,846,126,4.5,916,25.6,16.4,56.92,965
2022,882,117,4.8,993,26.6,16.7,54.42,965
2022,538,344,5,877,27.2,16.9,53.29,964
2022,137,491,4.9,617,27.4,17.1,53.32,963
2022,853,133,4.6,817,27.3,17.2,54.22,962
2022,794,113,4,614,26.7,17.5,56.99,962
2022,676,91,2.7,375,25.7,18.1,63.03,962
2022,417,55,1.3,134,23.5,18.4,73.04,962
2022,0,0,1.1,0,22.5,18.1,76.3,963
2022,0,0,1,0,22.1,18.1,78.17,964
2022,0,0,1,0,21.7,18,79.39,965
2022,0,0,0.9,0,21.3,17.8,80.31,965
2022,0,0,1,0,20.9,17.4,80.65,965
2022,0,0,1.3,0,20.7,17,79.61,964
2022,0,0,1.5,0,20.4,16.7,79.33,964
2022,0,0,1.5,0,20.1,16.4,79.19,964
2022,0,0,1.8,0,19.8,15.9,78.37,963
2022,0,0,2,0,19.6,15.5,77.15,963
2022,0,0,2.2,0,19.2,15.1,77.3,964
2022,0,0,2.5,0,19.9,15.3,74.98,965
2022,448,62,3.4,158,21.8,15.7,68.14,966
2022,691,97,4.3,404,23.8,15.9,61.18,966
2022,809,118,4.7,643,25.3,15.9,56.16,966
2022,871,132,4.7,843,26.6,16,52.36,966
2022,887,152,4.6,980,27.6,16.2,49.93,965
2022,908,154,4.3,1056,28.4,16.3,47.92,964
2022,912,152,4,1054,28.8,16.2,46.45,963
2022,908,139,3.6,978,28.9,16,45.69,962
2022,872,129,3.3,828,28.7,15.8,45.61,961
2022,806,115,2.8,622,28.2,15.8,47.01,961
2022,682,93,1.8,380,26.9,16.7,53.51,961
2022,414,57,0.8,135,24.2,17.5,66.34,961
2022,0,0,0.8,0,23.3,16.3,64.95,961
2022,0,0,0.8,0,22.8,15.9,65.04,962
2022,0,0,0.9,0,21.8,15.7,68.16,963
2022,0,0,0.9,0,20.9,15.4,70.91,963
2022,0,0,0.9,0,20.2,15.2,72.99,963
2022,0,0,0.9,0,19.5,15,75.42,963
2022,0,0,1,0,19,14.7,76.29,963
2022,0,0,1.1,0,18.7,14.3,75.4,962
2022,0,0,1.3,0,18.5,13.8,74.25,962
2022,0,0,1.4,0,18.4,13.4,72.48,962
2022,0,0,1.4,0,18.1,13.1,72.43,962
2022,0,0,1.9,0,19.6,13.7,68.96,963
2022,436,63,2.9,156,22.1,14.1,60.62,964
2022,664,105,3.5,399,24.1,14.9,56.38,965
2022,772,134,3.7,635,25.7,15.5,53.17,965
2022,833,154,3.7,834,27,16,51.09,964
2022,908,142,3.6,990,28.2,16.5,49.1,964
2022,931,141,3.4,1065,29.3,16.7,46.75,963
2022,940,136,3.1,1065,29.9,16.8,45.33,962
2022,918,134,2.9,983,30,16.9,45.23,961
2022,892,120,2.6,835,29.7,16.8,45.97,960
2022,835,104,2.2,629,29.1,16.8,47.53,959
2022,719,84,1.6,385,28,17.1,51.44,959
2022,465,51,0.7,138,25.2,18,64.43,959
2022,0,0,0.7,0,24.2,17,64.02,960
2022,0,0,0.8,0,23.1,16.6,66.97,961
2022,0,0,1,0,22.2,16.2,68.8,961
2022,0,0,1.1,0,21.6,15.9,69.83,962
2022,0,0,1.1,0,21.3,15.6,69.86,961
2022,0,0,1.1,0,20.9,15.4,70.72,961
2022,0,0,1.1,0,20.6,15.2,71.33,961
2022,0,0,1.1,0,20.2,15.1,72.37,960
2022,0,0,1.2,0,19.9,14.9,73.02,960
2022,0,0,1.3,0,19.6,14.8,73.8,961
2022,0,0,1.5,0,19.3,14.7,74.76,961
2022,0,0,2.3,0,20.6,15.3,71.51,961
2022,463,60,3.1,158,23,15.7,63.33,962
2022,699,96,3.6,404,25.4,16.1,56.29,962
2022,811,118,3.5,643,27.4,16.6,51.72,962
2022,870,134,3.4,844,28.9,17,48.5,962
2022,909,140,3.1,987,30.1,17.1,45.66,961
2022,919,147,2.8,1059,30.8,17.2,44.14,961
2022,914,149,2.5,1052,31.1,17.2,43.44,960
2022,896,143,2.2,971,31.1,17.1,43.21,959
2022,857,134,1.7,820,30.8,17,43.59,958
2022,786,119,1.3,612,30.2,16.9,44.72,957
2022,661,95,0.9,371,29.2,16.7,46.93,957
2022,394,56,0.5,129,27.3,17.9,56.42,957
2022,0,0,0.3,0,26.7,16.8,54.44,958
2022,0,0,0.6,0,25.5,16.6,57.73,959
2022,0,0,0.9,0,24.2,16.4,61.57,959
2022,0,0,0.9,0,23.3,16,63.62,959
2022,0,0,0.9,0,23,15.6,63.05,959
2022,0,0,0.7,0,22.7,15.4,63.53,958
2022,0,0,0.8,0,22.2,15.2,64.62,958
2022,0,0,0.8,0,21.7,15.2,66.59,958
2022,0,0,0.8,0,21.5,15.1,66.96,958
2022,0,0,0.8,0,21.4,14.9,66.61,958
2022,0,0,0.7,0,21.2,14.8,66.99,958
2022,0,0,0.6,0,22.2,16.7,70.95,958
2022,478,56,1.1,156,25.2,17.3,61.53,959
2022,724,86,1.7,405,27.5,18.3,57.38,959
2022,840,103,1.8,646,29.2,18.8,53.68,959
2022,904,113,2.1,849,30.4,19.2,51.37,958
2022,924,127,2.2,989,31.3,19.5,49.53,958
2022,938,131,2.2,1062,31.9,19.6,48.17,957
2022,937,130,2.3,1057,32.3,19.7,47.31,956
2022,906,134,2.4,970,32.3,19.8,47.61,955
2022,873,123,2.5,821,31.9,19.8,48.96,954
2022,810,108,2.4,616,31.3,19.8,50.65,954
2022,690,87,2,374,30,20.3,55.98,954
2022,427,52,1,131,27.3,20.9,67.91,954
2022,0,0,1,0,25.9,20.4,71.85,955
2022,0,0,1,0,25.2,20.4,74.77,956
2022,0,0,0.9,0,24.6,20.4,77.5,956
2022,0,0,0.9,0,24,20.4,80.45,957
2022,0,0,1,0,23.4,20.5,83.55,956
2022,0,0,1,0,22.9,20.6,86.87,956
2022,0,0,1.1,0,22.5,20.8,89.98,956
2022,0,0,1.1,0,22.2,21,92.74,955
2022,0,0,1.1,0,22.1,21.2,94.7,955
2022,0,0,1.1,0,21.8,21.4,97.82,956
2022,0,0,1.3,0,21.8,21.6,98.86,956
2022,0,0,2.1,0,23,22,93.87,957
2022,399,65,3.1,147,25.1,22.4,84.96,957
2022,655,102,3.6,390,27.1,22.5,75.84,958
2022,779,124,3.8,627,28.6,22.3,68.88,958
2022,844,139,3.9,827,29.6,22.2,64.62,958
2022,329,501,4.1,807,30.2,22.2,62.5,957
2022,875,166,4.2,1034,30.6,22.3,61.27,956
2022,882,162,4.2,1034,30.6,22.3,61.28,956
2022,158,512,4.1,657,30.5,22.3,61.47,955
2022,811,153,4,801,30,22.2,63.21,955
2022,738,135,3.5,597,29.3,22.3,66.05,954
2022,613,105,2.7,360,28.2,22.6,71.76,955
2022,348,60,1.7,123,27,22.8,77.72,955
2022,0,0,1.5,0,26.2,22.8,81.76,956
2022,0,0,1.5,0,25.8,22.9,84.06,956
2022,0,0,1.5,0,25.4,23,86.52,957
2022,0,0,1.6,0,25.1,23.1,88.53,957
2022,0,0,1.7,0,24.9,23.2,90.17,958
2022,0,0,2,0,24.6,23.1,91.58,957
2022,0,0,1.9,0,24.2,23.1,93.38,957
2022,0,0,1.8,0,24,23,94.31,958
2022,0,0,2,0,23.8,23,95.02,958
2022,0,0,2.1,0,23.6,22.8,95.56,958
2022,0,0,2.2,0,23.4,22.7,95.85,958
2022,0,0,2.3,0,23.5,22.6,94.65,959
2022,2,57,2.9,57,24.3,22.4,89.19,960
2022,1,80,3.3,80,25.4,22.1,82.19,960
2022,60,276,3.2,315,26.7,22.2,76.3,961
2022,3,229,2.9,231,28,22.1,70.31,961
2022,63,457,2.6,516,29.3,22,64.93,960
2022,70,439,2.4,508,30.3,22,61.38,960
2022,148,454,2.1,601,30.8,22.1,59.88,959
2022,399,377,1.7,744,30.7,22.1,60.16,959
2022,175,355,1.3,495,30.1,22,62.05,958
2022,23,235,1.2,249,29.3,22.1,65.15,959
2022,4,110,1.7,112,27.7,22.3,72.58,959
2022,1,44,2.9,44,25.5,22.1,81.73,960
2022,0,0,3.9,0,23.6,21.1,85.77,962
2022,0,0,3.8,0,22.4,19.9,85.75,962
2022,0,0,3.3,0,21.6,19.2,86.46,963
2022,0,0,3.2,0,21.2,19,87.29,963
2022,0,0,3.3,0,21,18.9,87.57,963
2022,0,0,3.5,0,20.8,18.7,87.68,962
2022,0,0,3.6,0,20.7,18.5,87.38,962
2022,0,0,3.9,0,20.5,18.3,87.4,962
2022,0,0,4,0,20.4,18.1,86.83,962
2022,0,0,4.2,0,20.2,17.9,86.62,962
2022,0,0,4.3,0,20,17.7,86.48,962
2022,0,0,4.3,0,20.1,17.6,85.76,963
2022,0,41,4.6,41,21,17.7,81.65,964
2022,26,171,5.2,182,22.4,17.5,73.96,964
2022,1,241,5.4,242,24,17.5,66.96,964
2022,3,335,5.2,337,25.4,17.8,62.93,964
2022,13,441,4.9,453,26.7,18.3,59.89,963
2022,142,517,4.5,658,27.8,18.7,57.82,963
2022,353,529,4,878,28.5,19.1,56.83,962
2022,865,157,3.6,954,29,19.4,56.09,961
2022,832,142,3.2,806,29.1,19.5,56.11,960
2022,763,124,2.7,601,28.6,19.4,57.59,959
2022,640,98,2,362,27.6,19.6,61.59,959
2022,156,93,0.9,121,25.4,20,72.25,959
2022,0,0,0.8,0,24.3,19.6,75.25,960
2022,0,0,0.9,0,23.7,19.3,76.53,960
2022,0,0,1.1,0,23.2,19,77.45,961
2022,0,0,1.3,0,22.8,18.8,78.01,961
2022,0,0,1.3,0,22.4,18.5,78.83,960
2022,0,0,1.3,0,22.2,18.4,79.03,960
2022,0,0,1.2,0,22,18.2,79.23,960
2022,0,0,1.2,0,21.8,18.1,79.38,960
2022,0,0,1.2,0,21.6,17.9,79.54,960
2022,0,0,1.3,0,21.4,17.8,79.74,960
2022,0,0,1.3,0,21.3,17.6,79.6,960
2022,0,0,1.9,0,22.3,17.9,76.27,961
2022,248,80,2.7,130,24.6,18.2,67.47,961
2022,478,153,2.9,362,27.1,18.5,59.26,962
2022,604,203,3,592,28.9,18.8,54.32,962
2022,678,233,2.9,784,30.1,19.1,51.78,962
2022,862,163,2.7,965,31.1,19.4,49.87,961
2022,885,165,2.3,1040,31.7,19.6,48.88,960
2022,890,159,2,1037,32,19.8,48.44,959
2022,87,474,1.8,554,32,19.8,48.4,958
2022,839,141,1.7,809,31.8,19.6,48.52,957
2022,123,357,1.6,433,31.2,19.5,49.73,957
2022,16,196,1.3,203,30,19.6,53.84,957
2022,359,56,0.7,120,27.8,20.2,63.47,958
2022,0,0,0.3,0,27.2,19.6,63.29,959
2022,0,0,0.4,0,26.6,19.4,64.7,960
2022,0,0,0.7,0,25.5,19.3,68.49,960
2022,0,0,0.8,0,24.5,19.2,72.14,961
2022,0,0,0.8,0,23.9,19,73.9,961
2022,0,0,0.9,0,23.7,18.8,73.88,960
2022,0,0,1,0,23.5,18.6,74.01,960
2022,0,0,1,0,23.2,18.5,74.71,959
2022,0,0,1.1,0,23.1,18.4,75.09,960
2022,0,0,1.2,0,23.1,18.5,75.31,960
2022,0,0,1.5,0,23,18.5,75.95,960
2022,0,0,1.8,0,23.2,18.7,75.67,961
2022,0,37,2.1,37,24.2,18.9,72.28,961
2022,55,264,2.1,288,26,19.2,66.32,962
2022,9,287,2.6,292,28,19.6,60.29,962
2022,388,372,2.8,687,29.9,20.4,56.61,962
2022,77,462,2.9,533,30.9,21,55.6,962
2022,51,473,2.8,523,31.3,21.3,55.45,961
2022,756,246,2.7,991,31.4,21.5,55.82,960
2022,796,196,2.5,929,31.3,21.6,56.5,960
2022,757,179,2.4,782,31,21.6,57.39,959
2022,346,321,2.2,537,30.4,21.5,58.99,959
2022,540,122,1.6,343,29.3,21.9,64.25,959
2022,274,63,0.7,111,27.2,22.5,75.61,960
2022,0,0,0.7,0,26.1,22.4,79.95,960
2022,0,0,0.7,0,25.5,22.3,82.59,961
2022,0,0,0.7,0,25,22.3,84.86,962
2022,0,0,0.7,0,24.5,22.3,87.35,962
2022,0,0,0.6,0,24,22.2,89.81,962
2022,0,0,0.6,0,23.7,22.2,91.14,962
2022,0,0,0.5,0,23.4,22.1,92.15,961
2022,0,0,0.5,0,23,21.9,93.42,960
2022,0,0,0.5,0,22.8,21.7,93.44,960
2022,0,0,0.5,0,22.6,21.5,93.46,961
2022,0,0,0.5,0,22.5,21.3,92.72,961
2022,0,0,0.5,0,23.7,21.7,88.34,962
2022,412,59,0.5,142,26.3,21.6,75.52,962
2022,673,93,1,385,28.7,21.4,64.68,963
2022,800,112,1.6,625,30.5,21.4,58.17,963
2022,869,122,2,827,31.8,21.4,54.12,962
2022,869,153,2.3,961,32.8,21.4,51.32,962
2022,888,158,2.5,1036,33.3,21.6,50.24,961
2022,891,155,2.5,1033,33.6,21.6,49.67,960
2022,829,178,2.5,941,33.5,21.6,49.87,959
2022,794,162,2.4,793,33,21.5,51.09,959
2022,709,139,2.3,578,32.3,21.4,52.71,959
2022,587,110,1.9,349,31.1,21.6,57.1,959
2022,315,59,1,114,28.8,22.2,67.51,959
2022,0,0,0.9,0,27.5,22,72.05,960
2022,0,0,1,0,26.9,22,74.35,961
2022,0,0,1.1,0,26.3,21.9,76.83,961
2022,0,0,1.1,0,25.8,21.9,79.01,961
2022,0,0,1.1,0,25.4,21.9,81.13,961
2022,0,0,1.1,0,25,22,83.41,961
2022,0,0,1.1,0,24.6,22,85.58,960
2022,0,0,1,0,24.3,22,87.27,960
2022,0,0,0.9,0,23.9,22,89.38,960
2022,0,0,0.8,0,23.6,22,90.7,960
2022,0,0,0.8,0,23.4,21.9,91.3,961
2022,0,0,1.4,0,24.5,22,86.15,961
2022,446,56,2,145,26.9,22.2,75.71,962
2022,698,88,2.1,389,29,22.5,68.12,962
2022,814,106,2.1,628,30.4,22.9,64.46,962
2022,876,119,2.1,828,31.4,23.1,61.57,961
2022,886,142,2.2,965,31.7,23.2,60.64,960
2022,900,148,2.2,1038,31.5,23.2,61.53,960
2022,896,151,2.2,1033,31.1,23.3,63.37,959
2022,847,167,2.1,945,30.5,23.4,66.02,958
2022,808,155,1.8,796,29.9,23.6,69.14,958
2022,738,134,1.4,592,29.1,24.2,74.72,958
2022,603,106,1.1,352,28.1,24.2,79.63,958
2022,326,58,0.6,114,26.9,24.9,88.69,958
2022,0,0,0.5,0,26.4,24.3,88.52,959
2022,0,0,0.6,0,26.1,24.1,88.87,960
2022,0,0,0.6,0,25.5,24.1,91.79,960
2022,0,0,0.7,0,25,24,94.01,960
2022,0,0,0.7,0,24.5,23.8,95.84,959
2022,0,0,0.7,0,24.3,23.7,96.27,959
2022,0,0,0.7,0,24.2,23.6,96.47,959
2022,0,0,0.7,0,24,23.4,96.55,958
2022,0,0,0.7,0,23.9,23.2,95.95,958
2022,0,0,0.6,0,23.9,23,94.63,958
2022,0,0,0.6,0,23.8,22.8,93.97,958
2022,0,0,0.5,0,24.2,23.5,95.94,959
2022,0,14,0.8,14,25.7,24.1,90.76,960
2022,0,68,1,69,27.5,24.4,83.22,960
2022,48,275,1.4,306,28.4,24,76.88,961
2022,295,369,1.7,608,28.9,23.4,72.1,960
2022,195,516,1.7,697,29.8,23.1,67.29,959
2022,56,493,1.5,548,30.2,22.8,64.63,959
2022,378,495,1.5,867,30.4,22.6,63.16,958
2022,900,132,1.5,957,30.3,22.4,62.76,957
2022,867,121,1.5,808,30,22.3,63.34,957
2022,806,104,1.4,602,29.3,22.2,65.68,956
2022,691,81,1.1,361,28.3,22.6,71.43,956
2022,427,47,0.7,120,26.7,23.2,81.1,957
2022,0,0,0.6,0,25.6,23,85.47,957
2022,0,0,0.7,0,25,22.9,88.1,957
2022,0,0,0.7,0,24.5,22.9,90.87,958
2022,0,0,0.7,0,24.1,22.9,92.96,958
2022,0,0,0.6,0,23.8,22.8,94.39,958
2022,0,0,0.6,0,23.6,22.8,95.2,958
2022,0,0,0.6,0,23.4,22.7,95.84,957
2022,0,0,0.6,0,23.1,22.6,97.14,957
2022,0,0,0.6,0,22.9,22.6,97.93,957
2022,0,0,0.6,0,22.8,22.5,98.07,957
2022,0,0,0.6,0,22.6,22.4,98.55,958
2022,0,0,1,0,23.5,22.5,94.02,958
2022,478,52,1.3,146,25.6,22.2,81.7,958
2022,0,33,1.3,33,27.5,22.1,72.27,959
2022,823,105,1.4,631,28.9,22.1,66.84,958
2022,104,409,1.7,493,29.9,22.2,63.34,958
2022,778,219,2.1,941,30.8,22.2,60.27,957
2022,411,507,2.4,913,31.4,22.2,58.26,957
2022,818,208,2.7,1013,31.7,22.1,57.02,956
2022,815,189,2.8,936,31.6,22.1,57.12,955
2022,437,381,2.8,727,31.1,22.1,58.68,954
2022,80,342,2.7,391,30.4,22.1,61.27,954
2022,614,102,2.2,349,29.3,22.3,66.16,954
2022,0,17,1.2,17,27.3,22.8,76.42,955
2022,0,0,1,0,26.3,22.8,81.17,955
2022,0,0,1.1,0,25.9,22.9,83.69,956
2022,0,0,1.1,0,25.5,23,86.21,957
2022,0,0,1,0,25.1,23.2,88.98,957
2022,0,0,0.8,0,24.9,23.3,90.76,957
2022,0,0,0.9,0,24.6,23.3,92.48,957
2022,0,0,1,0,24.4,23.2,93.06,956
2022,0,0,1.1,0,24.3,23.1,93.19,956
2022,0,0,1.1,0,24.1,23.1,93.96,956
2022,0,0,1.4,0,24,22.9,93.86,956
2022,0,0,1.7,0,23.9,22.8,93.78,957
2022,0,0,1.9,0,24,22.8,93.14,957
2022,0,69,2.4,69,24.6,22.8,89.69,958
2022,548,131,2.9,366,25.5,22.6,84.16,958
2022,404,315,3,573,26.7,22.5,77.82,959
2022,234,452,3,642,27.9,22.4,72.24,959
2022,833,178,3,950,28.9,22.3,67.78,959
2022,861,177,3,1026,29.6,22.3,64.86,958
2022,861,176,3.1,1022,30,22.2,63.07,957
2022,820,185,3.2,936,30,22.1,62.82,956
2022,776,172,3.1,786,29.4,22.1,64.96,956
2022,700,150,2.9,581,28.7,22.2,68.01,956
2022,559,117,2.4,342,27.7,22.5,73.32,956
2022,276,61,1.5,107,26.3,22.7,80.76,956
2022,0,0,1.2,0,25.5,22.8,85,956
2022,0,0,1,0,25,22.9,88.03,957
2022,0,0,0.9,0,24.7,22.9,89.84,958
2022,0,0,0.9,0,24.4,22.9,91.49,958
2022,0,0,0.9,0,24.3,23,92.21,958
2022,0,0,1.1,0,24.2,23,92.76,958
2022,0,0,1.2,0,24.1,22.9,93.12,957
2022,0,0,1.2,0,23.9,22.9,94.4,957
2022,0,0,0.9,0,23.6,23,96.43,957
2022,0,0,0.8,0,23.4,23,97.73,957
2022,0,0,0.7,0,23.2,23,99,958
2022,0,0,1.1,0,23.8,23.2,96.37,958
2022,402,60,1.9,138,25.1,23.4,90.39,959
2022,671,95,2.8,382,26.6,23.7,83.92,959
2022,798,114,3.2,622,27.7,23.6,78.53,959
2022,868,125,3.4,826,28.4,23.5,74.78,959
2022,879,149,3.6,963,28.9,23.3,71.66,958
2022,903,147,3.8,1037,29.1,23.1,70.04,958
2022,909,140,3.9,1033,29.1,22.9,69.3,958
2022,877,146,3.9,948,28.9,22.8,69.47,957
2022,842,134,3.7,798,28.4,22.6,71,957
2022,768,119,3.5,590,27.8,22.6,73.53,957
2022,0,6,3,6,26.8,22.9,79.03,958
2022,141,86,2.2,108,25.5,23.1,86.76,958
2022,0,0,2,0,24.7,23.4,92.23,959
2022,0,0,1.9,0,24.3,23.5,95.25,960
2022,0,0,1.9,0,24,23.5,96.97,960
2022,0,0,2,0,23.8,23.4,97.58,960
2022,0,0,2,0,23.7,23.3,97.38,960
2022,0,0,2,0,23.5,23.1,97.75,960
2022,0,0,1.8,0,23.4,23,97.62,960
2022,0,0,1.7,0,23.2,22.9,98.13,960
2022,0,0,1.6,0,23,22.8,98.7,960
2022,0,0,1.5,0,22.9,22.7,98.79,960
2022,0,0,1.3,0,22.8,22.6,99.07,961
2022,0,0,1.6,0,23.1,22.7,97.88,961
2022,7,64,2.3,66,24,23,94.25,962
2022,741,73,2.8,390,25.1,23.4,90.09,963
2022,790,102,3,605,26.1,23.8,87.15,963
2022,912,95,3,831,27,23.8,82.63,963
2022,945,100,2.9,975,27.3,23.3,78.73,963
2022,959,103,2.7,1048,27.5,22.7,75.35,962
2022,958,103,2.5,1043,27.7,22.4,72.94,962
2022,903,128,2.3,953,27.7,22.2,72.05,961
2022,862,122,2.1,801,27.4,22.1,73.01,960
2022,20,205,1.5,217,26.9,22.6,77.2,960
2022,0,7,1.2,7,26,22.3,79.98,960
2022,0,24,0.6,24,24.6,22.4,87.63,961
2022,0,0,0.5,0,24.2,21.8,86.54,961
2022,0,0,0.4,0,24.1,21.5,85.2,962
2022,0,0,0.3,0,24.1,21.2,83.64,963
2022,0,0,0.2,0,23.9,21,83.8,963
2022,0,0,0.2,0,23.6,20.9,84.69,963
2022,0,0,0.2,0,23.3,20.7,85.47,962
2022,0,0,0.3,0,23.1,20.6,85.73,962
2022,0,0,0.4,0,22.7,20.5,87.47,961
2022,0,0,0.5,0,22.3,20.5,89.41,961
2022,0,0,0.6,0,22,20.4,90.62,961
2022,0,0,0.6,0,21.8,20.3,91.16,962
2022,0,0,0.6,0,22.4,21,92.03,962
2022,0,55,0.5,55,24.7,22.2,86,963
2022,0,89,0.7,89,26.5,22.6,79.11,964
2022,0,109,1.1,109,27.4,22.4,74.23,964
2022,114,421,1.5,512,28.2,22.5,71.34,963
2022,900,132,1.9,964,28.7,22.8,70.33,963
2022,473,362,2.2,827,29,23,69.95,962
2022,916,132,2.4,1030,28.9,22.9,70.27,960
2022,1,292,2.6,293,28.8,22.9,70.62,959
2022,45,382,2.7,417,28.4,22.8,71.89,959
2022,776,113,2.6,586,27.7,22.7,74.21,958
2022,192,189,2,265,26.6,22.9,80.06,958
2022,353,49,1.3,105,25,23,88.87,959
2022,0,0,1.2,0,24.2,23,92.91,959
2022,0,0,1.2,0,23.8,23,95.28,960
2022,0,0,1.2,0,23.6,23,96.53,960
2022,0,0,1.3,0,23.6,23,96.7,960
2022,0,0,1.4,0,23.5,23,96.99,960
2022,0,0,1.4,0,23.2,22.8,97.64,960
2022,0,0,1.4,0,22.9,22.5,97.65,959
2022,0,0,1.5,0,22.6,22.2,97.67,959
2022,0,0,1.6,0,22.3,21.9,97.59,958
2022,0,0,1.8,0,22.1,21.6,97.17,959
2022,0,0,1.8,0,21.8,21.4,97.74,959
2022,0,0,2.3,0,22.4,21.6,95.43,959
2022,457,51,3.1,138,24.2,22.2,88.64,960
2022,8,175,3.7,179,26,22.7,81.83,961
2022,55,306,3.9,340,27.5,22.9,76.06,961
2022,154,437,4.1,561,28.4,23.1,73.13,961
2022,236,423,4.2,641,29.1,23.3,71.03,960
2022,170,506,4.2,673,29.4,23.4,70.21,959
2022,460,362,4.2,812,29.6,23.5,69.61,958
2022,392,374,4.1,731,29.5,23.5,70,958
2022,462,290,3.9,653,29.2,23.3,70.71,957
2022,554,195,3.6,532,28.6,23.2,72.67,957
2022,681,80,2.7,348,27.6,23.3,77.61,957
2022,26,72,1.7,76,25.9,23.5,86.59,958
2022,0,0,1.5,0,25.2,23.4,90.01,959
2022,0,0,1.5,0,24.8,23.4,92.2,960
2022,0,0,1.5,0,24.6,23.4,93.16,960
2022,0,0,1.4,0,24.3,23.4,94.63,961
2022,0,0,1.4,0,24.1,23.3,95.25,961
2022,0,0,1.4,0,23.8,23.2,96.23,961
2022,0,0,1.2,0,23.4,23.1,98.03,961
2022,0,0,1.1,0,23.1,23,99.31,961
2022,0,0,1.1,0,22.8,22.8,100,961
2022,0,0,1.1,0,22.6,22.6,100,961
2022,0,0,1.2,0,22.5,22.5,100,962
2022,0,0,1.8,0,23.3,22.8,96.86,962
2022,450,51,2.8,136,25.2,22.9,87.24,963
2022,706,82,3.2,381,26.9,22.9,78.94,963
2022,822,99,3.3,621,28.1,23.1,74.42,963
2022,884,111,3.3,822,29.1,23.4,71.37,963
2022,7,407,3.2,414,29.8,23.6,69.55,963
2022,925,126,3.2,1035,30.2,23.7,68.42,962
2022,924,125,3.2,1028,30.3,23.8,68.23,961
2022,892,131,3.1,942,30.1,23.7,68.83,961
2022,851,123,3,789,29.8,23.6,69.46,960
2022,779,109,2.8,581,29.1,23.5,71.89,960
2022,249,194,2.2,292,28.1,23.7,76.96,960
2022,348,48,1.2,101,26.2,23.9,87.2,960
2022,0,0,1.1,0,25.4,23.9,91.28,961
2022,0,0,1,0,24.9,23.9,94,962
2022,0,0,1,0,24.5,23.8,96.02,963
2022,0,0,0.9,0,24.2,23.8,97.4,963
2022,0,0,1,0,24,23.7,98.28,963
2022,0,0,1,0,23.8,23.6,98.93,963
2022,0,0,1.1,0,23.6,23.5,99.49,963
2022,0,0,1.2,0,23.5,23.4,99.41,962
2022,0,0,1.1,0,23.4,23.3,99.39,962
2022,0,0,1.1,0,23.4,23.3,99.1,962
2022,0,0,1.2,0,23.4,23.2,98.94,962
2022,0,0,1.5,0,23.8,23.4,97.68,963
2022,403,56,2.2,131,24.7,23.8,94.76,963
2022,677,89,2.8,375,25.9,24.1,89.63,964
2022,804,105,3.4,615,27.3,24,82.08,964
2022,871,116,3.7,817,28.7,23.6,74.17,963
2022,918,115,4,962,29.6,23.4,69.45,963
2022,934,117,4.2,1034,30,23.3,67.57,962
2022,559,301,4.3,847,30.1,23.3,67.04,961
2022,527,273,4.4,752,29.9,23.3,67.72,961
2022,828,98,4.3,745,29.4,23.2,69.44,960
2022,506,209,4.1,514,28.7,23.1,71.86,960
2022,679,78,3.4,342,27.6,23.1,76.69,960
2022,388,43,2.3,101,26.1,23.2,83.88,961
2022,0,0,2.2,0,25.2,23.1,87.93,961
2022,0,0,2.1,0,24.8,23,89.86,962
2022,0,0,2.1,0,24.5,23,91.32,962
2022,0,0,2.1,0,24.3,23,92.2,962
2022,0,0,2.2,0,24.1,22.9,92.85,962
2022,0,0,2.2,0,23.9,22.7,93.01,961
2022,0,0,2.2,0,23.6,22.5,93.51,961
2022,0,0,2.2,0,23.3,22.2,93.82,960
2022,0,0,2.2,0,23.1,22.1,93.87,960
2022,0,0,2.1,0,22.9,21.9,93.9,960
2022,0,0,2.1,0,22.8,21.7,93.28,960
2022,0,0,2.3,0,23.1,21.6,91.22,961
2022,218,88,2.7,129,24.2,21.6,85.56,962
2022,725,76,3.5,382,26.3,21.4,74.66,962
2022,847,89,4.1,625,28.3,21.4,66.36,962
2022,907,98,4.4,826,29.7,21.6,61.76,961
2022,956,93,4.6,974,30.7,21.9,59.29,960
2022,969,95,4.8,1045,31.3,22.2,58.4,959
2022,910,93,4.8,981,31.6,22.5,58.49,958
2022,931,108,4.8,952,31.5,22.6,59.46,957
2022,894,101,4.7,798,31,22.7,61.22,956
2022,824,92,4.4,588,30.1,22.6,64.31,956
2022,694,74,3.7,343,28.8,22.8,69.86,956
2022,397,42,3,101,27,22.8,77.9,957
2022,0,0,2.8,0,26.1,22.9,82.82,957
2022,0,0,2.8,0,25.5,23.1,86.7,958
2022,0,0,2.9,0,25.1,23.2,89.24,958
2022,0,0,3,0,24.7,23.2,91.61,958
2022,0,0,3.1,0,24.4,23.3,93.38,958
2022,0,0,3.2,0,24.1,23.3,95.06,958
2022,0,0,3.4,0,23.9,23.2,95.87,957
2022,0,0,3.4,0,23.8,23.1,95.98,957
2022,0,0,3.5,0,23.7,23,96,957
2022,0,0,3.5,0,23.6,22.9,96.06,957
2022,0,0,3.5,0,23.6,22.9,95.62,958
2022,0,0,3.8,0,23.9,22.9,93.99,959
2022,463,49,4.6,135,25.3,23,86.85,959
2022,733,74,5.5,383,27.1,22.8,77.58,960
2022,851,88,5.8,625,28.6,22.7,70.63,960
2022,910,97,5.9,826,29.8,22.8,66.03,959
2022,939,105,5.9,969,30.7,22.9,63.29,959
2022,953,108,6,1041,31.2,23.1,62.31,958
2022,949,110,5.9,1034,31.3,23.2,62,957
2022,909,123,5.7,945,31.2,23.1,62.07,957
2022,869,117,5.4,793,30.7,23,63.53,956
2022,792,106,5,581,29.9,23,66.45,956
2022,647,86,4.3,335,28.7,23.1,71.6,957
2022,330,47,3.5,95,27.3,23,77.63,958
2022,0,0,3.3,0,26.6,23.1,80.97,958
2022,0,0,3.2,0,26.1,23.2,83.92,959
2022,0,0,2.9,0,25.7,23.3,86.49,960
2022,0,0,2.7,0,25.2,23.4,89.55,960
2022,0,0,2.8,0,24.9,23.4,91.37,960
2022,0,0,2.8,0,24.5,23.4,93.46,959
2022,0,0,2.5,0,24.2,23.3,94.81,959
2022,0,0,2.4,0,23.9,23.2,95.96,959
2022,0,0,2.4,0,23.7,23.1,96.58,959
2022,0,0,2.4,0,23.5,23,97.22,959
2022,0,0,2.4,0,23.4,23,97.45,960
2022,0,0,2.6,0,23.8,23,95.43,960
2022,77,93,3.5,107,25.4,23.1,87.18,961
2022,136,195,4,252,27.2,23,77.97,962
2022,592,168,4,541,28.9,22.9,70.09,962
2022,530,258,3.9,682,30.1,22.7,64.73,962
2022,690,198,3.9,832,30.9,22.6,61.39,961
2022,377,379,4,748,31.3,22.5,59.71,961
2022,482,350,4.1,819,31.4,22.4,58.91,960
2022,892,130,4.1,936,31.2,22.3,59.06,959
2022,857,119,3.9,784,30.7,22.1,60.2,958
2022,786,105,3.6,575,30,22,62.3,958
2022,649,83,2.8,331,28.7,22.2,67.92,959
2022,338,45,2.1,93,27,22.2,74.85,959
2022,0,0,2,0,26,22.1,79.19,959
2022,0,0,1.7,0,25.3,22.2,82.85,959
2022,0,0,1.5,0,24.7,22.2,85.98,960
2022,0,0,1.4,0,24.3,22.2,88.09,960
2022,0,0,1.5,0,23.9,22.2,90.3,960
2022,0,0,1.6,0,23.6,22.2,91.99,960
2022,0,0,1.7,0,23.3,22.2,93.67,960
2022,0,0,1.8,0,23,22.2,95.36,960
2022,0,0,1.8,0,22.7,22.2,97.05,960
2022,0,0,1.7,0,22.5,22.2,98.01,960
2022,0,0,1.7,0,22.3,22.1,98.87,960
2022,0,0,2.1,0,22.8,22.1,96.07,960
2022,215,87,2.9,126,24.6,22.2,86.6,961
2022,428,153,3.2,333,26.7,22,75.25,962
2022,296,319,3.3,506,28.4,21.6,66.77,962
2022,188,444,3.4,595,29.8,21.5,61,962
2022,894,136,3.5,957,30.9,21.4,57.08,961
2022,885,114,3.6,978,31.5,21.4,55.04,960
2022,908,137,3.7,1019,31.8,21.4,54.01,960
2022,888,134,3.8,935,31.7,21.3,54.29,959
2022,844,126,3.8,779,31.3,21.3,55.51,958
2022,766,112,3.5,569,30.5,21.3,58,958
2022,622,89,2.8,325,29.2,21.6,63.5,959
2022,306,46,1.8,89,27.1,21.7,72.17,959
2022,0,0,1.7,0,26.2,21.6,75.96,960
2022,0,0,1.6,0,25.5,21.7,79.63,960
2022,0,0,1.5,0,25,21.8,82.52,961
2022,0,0,1.4,0,24.4,21.9,85.76,961
2022,0,0,1.3,0,23.9,21.9,88.6,961
2022,0,0,1.1,0,23.4,21.9,91.56,961
2022,0,0,1,0,23,22,94.02,960
2022,0,0,0.9,0,22.7,22,95.99,960
2022,0,0,0.9,0,22.5,22.1,97.44,960
2022,0,0,1,0,22.3,22.1,99.04,960
2022,0,0,1,0,22.2,22.2,100,961
2022,0,0,1.6,0,23,22.5,97.26,961
2022,7,68,2.5,70,24.9,23.1,89.74,962
2022,178,200,3.2,274,26.9,23.2,80.28,963
2022,377,249,3.4,486,28.6,22.9,71.43,963
2022,604,234,3.5,716,29.8,22.7,65.64,962
2022,499,320,3.6,778,30.6,22.5,62.01,961
2022,302,421,3.8,716,31,22.3,59.79,960
2022,228,435,3.9,657,31.2,22,58.26,959
2022,259,414,3.9,647,30.9,21.8,58.47,959
2022,193,358,3.8,507,30.5,21.6,59.04,958
2022,40,233,3.6,256,29.7,21.4,61.21,958
2022,112,186,2.8,229,28.4,21.6,66.5,958
2022,13,62,1.8,64,26.7,21.8,74.53,958
2022,0,0,1.5,0,25.8,21.9,78.88,959
2022,0,0,1.3,0,25.2,22,82.37,959
2022,0,0,1.1,0,24.7,22.1,85.39,960
2022,0,0,1,0,24.2,22.1,88.26,960
2022,0,0,1,0,23.8,22.2,90.58,960
2022,0,0,0.9,0,23.4,22.2,92.93,960
2022,0,0,0.9,0,23,22.2,95.04,959
2022,0,0,0.8,0,22.7,22.1,96.64,959
2022,0,0,0.9,0,22.4,22.1,98.35,959
2022,0,0,1,0,22.2,22.1,99.65,959
2022,0,0,1.1,0,22.1,22.1,100,959
2022,0,0,2,0,22.9,22.3,96.67,960
2022,335,62,3,122,24.8,22.6,87.76,961
2022,611,107,3.6,362,26.9,22.6,77.35,961
2022,743,133,3.8,600,28.6,22.5,69.65,961
2022,815,149,3.9,800,29.8,22.5,64.96,961
2022,0,243,4,243,30.8,22.5,61.36,960
2022,891,149,4,1018,31.4,22.4,59.08,959
2022,892,147,3.9,1011,31.6,22.4,58.11,958
2022,90,458,3.8,539,31.6,22.3,57.75,957
2022,838,128,3.6,774,31.2,22.2,58.7,956
2022,760,114,3.2,563,30.6,22.1,60.47,956
2022,618,89,2.5,320,29.3,22.4,66.26,957
2022,303,44,1.3,85,27.4,22.6,75.03,957
2022,0,0,1.2,0,26.5,22.5,78.86,958
2022,0,0,1.1,0,25.9,22.6,81.91,959
2022,0,0,1.1,0,25.4,22.6,84.75,960
2022,0,0,1.1,0,25,22.7,87.08,960
2022,0,0,1,0,24.5,22.8,90.05,960
2022,0,0,1,0,24.2,22.8,91.93,959
2022,0,0,1.1,0,23.9,22.9,93.9,959
2022,0,0,1.2,0,23.7,22.9,95.02,958
2022,0,0,1.2,0,23.4,22.8,96.62,958
2022,0,0,1.2,0,23.2,22.8,97.44,958
2022,0,0,1.2,0,22.9,22.7,98.72,959
2022,0,0,1.8,0,23.6,22.7,94.71,959
2022,409,52,2.8,126,25.7,22.5,82.63,960
2022,688,85,3.2,371,27.8,22.1,71.38,960
2022,814,102,3.2,612,29.4,22.1,64.81,960
2022,881,112,3.2,814,30.7,22.2,60.61,959
2022,908,123,3.1,954,31.6,22.4,58.2,958
2022,922,127,3.2,1025,32.1,22.6,57.13,957
2022,921,127,3.2,1017,32.3,22.6,56.67,956
2022,894,129,3.2,931,32.1,22.6,57.21,955
2022,853,120,3.1,776,31.8,22.5,58.04,954
2022,775,108,2.9,564,31,22.5,60.76,954
2022,631,86,2.2,320,29.7,22.9,66.97,955
2022,307,44,1.3,84,27.8,23.1,75.52,955
2022,0,0,1.3,0,27,23,78.95,956
2022,0,0,1.4,0,26.5,23.1,81.53,957
2022,0,0,1.5,0,26,23.1,84.19,957
2022,0,0,1.4,0,25.4,23.2,87.74,958
2022,0,0,1.2,0,24.8,23.3,91.38,958
2022,0,0,1,0,24.3,23.3,94.15,957
2022,0,0,1,0,23.9,23.3,96.32,957
2022,0,0,0.9,0,23.5,23.2,98.43,956
2022,0,0,0.9,0,23.2,23.2,99.77,956
2022,0,0,0.8,0,23,23,100,956
2022,0,0,1.1,0,22.9,22.9,100,956
2022,0,0,2,0,23.6,23,96.63,957
2022,458,47,3.1,129,25.5,23,85.82,958
2022,722,76,3.9,376,27.5,22.4,73.93,959
2022,837,91,4.3,615,29,22.2,66.7,959
2022,900,100,4.5,817,30.1,22.2,62.6,959
2022,931,107,4.6,958,30.7,22.2,60.45,958
2022,945,109,4.7,1027,31.1,22.2,59.04,957
2022,944,108,4.7,1019,31.1,22.1,58.94,956
2022,887,131,4.8,925,30.8,22,59.64,955
2022,847,122,4.7,771,30.2,21.9,61.33,955
2022,231,264,4.5,399,29.2,21.9,64.78,955
2022,52,161,4,180,27.9,21.9,69.9,955
2022,11,57,3.2,59,26.4,22,76.63,956
2022,0,0,2.8,0,25.5,22.1,81.48,956
2022,0,0,2.6,0,24.9,22.2,85.07,957
2022,0,0,2.6,0,24.4,22.3,88.08,958
2022,0,0,2.6,0,24,22.3,90.47,958
2022,0,0,2.6,0,23.6,22.4,92.97,958
2022,0,0,2.6,0,23.4,22.5,94.43,958
2022,0,0,2.7,0,23.2,22.5,95.72,957
2022,0,0,2.8,0,23.1,22.5,96.31,957
2022,0,0,2.8,0,23,22.4,96.64,957
2022,0,0,2.9,0,22.9,22.4,96.82,957
2022,0,0,3,0,22.9,22.3,96.54,957
2022,0,0,3.3,0,23.3,22.4,94.56,958
2022,445,49,4.5,128,24.9,22.6,86.84,958
2022,714,77,5.2,374,26.8,22.6,77.66,959
2022,0,135,5.2,135,28.4,22.7,71.11,959
2022,897,101,5.1,815,29.7,22.7,66.32,958
2022,1,284,5,285,30.6,22.8,63.22,957
2022,0,248,4.9,249,31.2,22.8,61.11,957
2022,301,508,4.7,798,31.4,22.8,60.25,956
2022,1,279,4.6,280,31.4,22.7,60.15,955
2022,178,420,4.4,556,31,22.6,61.01,954
2022,0,170,4,170,30.2,22.5,63.51,955
2022,5,142,3.2,144,28.9,22.6,68.97,955
2022,345,38,2.2,82,27.3,22.8,76.32,956
2022,0,0,2,0,26.4,22.8,80.87,957
2022,0,0,1.8,0,25.7,23,84.88,958
2022,0,0,1.7,0,25.2,23,87.65,958
2022,0,0,1.6,0,24.6,23,90.94,959
2022,0,0,1.5,0,24.2,23,92.98,959
2022,0,0,1.4,0,23.7,22.9,95.46,959
2022,0,0,1.5,0,23.4,22.8,96.57,958
2022,0,0,1.4,0,23.1,22.7,97.71,958
2022,0,0,1.2,0,22.7,22.6,99.29,959
2022,0,0,1,0,22.4,22.4,99.92,959
2022,0,0,0.9,0,22.2,22.2,99.82,960
2022,0,0,1.1,0,22.6,22.3,97.93,960
2022,0,3,1.8,3,24.1,22.6,91.58,961
2022,1,77,2.2,77,25.8,22.7,82.88,962
2022,19,219,2.3,231,27.3,22.6,75.49,962
2022,324,313,2.2,570,28.4,22.6,70.93,962
2022,667,194,2,802,29,22.6,68.55,961
2022,559,298,1.8,840,29.2,22.6,67.8,960
2022,351,393,1.5,731,29.1,22.6,68.22,959
2022,196,402,1.4,576,28.9,22.7,69.27,959
2022,0,70,1.5,70,28.5,22.7,71.03,958
2022,0,79,1.3,80,27.8,23,75.35,958
2022,5,102,1,103,26.8,23.4,81.65,958
2022,2,43,0.6,44,25.4,23.7,90.59,959
2022,0,0,0.6,0,25,23.5,91.2,960
2022,0,0,0.5,0,24.7,23.2,91.64,960
2022,0,0,0.5,0,24.5,23.1,91.8,961
2022,0,0,0.5,0,24.2,22.9,92.44,961
2022,0,0,0.5,0,23.9,22.8,93.35,961
2022,0,0,0.4,0,23.7,22.6,93.83,960
2022,0,0,0.3,0,23.4,22.6,95.01,959
2022,0,0,0.3,0,23.1,22.4,96,959
2022,0,0,0.4,0,22.8,22.3,97.16,959
2022,0,0,0.4,0,22.6,22.2,97.65,959
2022,0,0,0.5,0,22.3,22.1,98.55,959
2022,0,0,1,0,22.6,22.2,97.87,960
2022,357,56,1.7,119,23.6,22.9,95.71,960
2022,631,97,2.2,358,24.8,23.2,90.91,961
2022,758,122,2.9,595,25.9,22.9,83.69,961
2022,839,130,3.6,795,27,22.3,75.47,961
2022,898,124,3.5,941,28,21.8,68.94,961
2022,918,124,3.3,1013,28.8,21.4,64.48,960
2022,919,122,3,1005,29.3,21.2,61.85,959
2022,888,93,2.9,882,29.4,21,60.75,958
2022,856,93,2.9,743,29.1,20.9,61.41,958
2022,429,205,2.7,454,28.3,20.9,64.33,958
2022,645,77,2,309,27.2,21.2,69.87,958
2022,11,52,1.1,54,25.6,21.6,78.5,958
2022,0,0,0.9,0,24.7,21.5,82.51,959
2022,0,0,0.8,0,24.2,21.5,84.84,960
2022,0,0,0.8,0,23.7,21.4,87.1,960
2022,0,0,0.7,0,23.3,21.4,88.96,961
2022,0,0,0.8,0,23,21.3,90.07,960
2022,0,0,0.8,0,22.7,21.2,91.22,960
2022,0,0,0.9,0,22.5,21.1,91.76,960
2022,0,0,1,0,22.2,21,92.68,959
2022,0,0,1.2,0,21.9,20.8,93.49,959
2022,0,0,1.3,0,21.7,20.6,93.49,959
2022,0,0,1.5,0,21.6,20.3,92.58,959
2022,0,0,2,0,22,20.3,90.04,960
2022,0,4,2.8,4,24,20.6,81.4,960
2022,94,222,3.5,261,26,21.2,75.08,961
2022,834,88,3.7,607,27.3,21.6,70.88,961
2022,210,426,3.8,592,28.4,21.6,66.79,961
2022,236,486,3.8,701,29.4,21.6,63.01,960
2022,936,108,3.8,1013,30,21.6,60.9,959
2022,932,110,3.8,1003,30.4,21.7,59.63,958
2022,200,485,3.7,663,30.4,21.6,59.47,957
2022,84,376,3.6,439,30.1,21.5,60.09,956
2022,765,104,3.4,545,29.4,21.4,62.14,956
2022,615,82,2.6,302,28.2,21.6,67.44,957
2022,268,39,1.5,70,26.4,21.8,75.89,957
2022,0,0,1.6,0,25.7,21.8,79.24,958
2022,0,0,1.6,0,25.1,21.9,82.4,959
2022,0,0,1.5,0,24.6,22,85.22,959
2022,0,0,1.2,0,23.9,22,89.37,960
2022,0,0,0.9,0,23.4,22.1,92.32,960
2022,0,0,0.8,0,23,22.1,94.64,960
2022,0,0,0.7,0,22.7,22.1,96.35,960
2022,0,0,0.6,0,22.4,22.1,97.96,960
2022,0,0,0.5,0,22.2,22,98.97,960
2022,0,0,0.4,0,22.2,22,98.95,960
2022,0,0,0.5,0,22.2,22,99.06,961
2022,0,0,1.3,0,22.3,22.1,99.08,962
2022,0,3,3,3,22.5,21.9,96.23,963
2022,0,40,3.9,40,22.2,21,92.7,964
2022,0,16,4.3,16,22.2,19.7,85.69,964
2022,0,38,4.6,38,23.3,18.9,76.23,964
2022,0,90,4.8,90,24.8,18.6,68.66,963
2022,1,206,4.8,206,25.8,18.6,64.53,962
2022,21,402,4.6,422,26.4,18.5,61.96,961
2022,32,401,4.3,429,26.6,18.4,60.88,960
2022,96,355,3.9,428,26.2,18.5,62.42,960
2022,131,267,3.3,341,25.5,18.6,65.72,960
2022,0,52,2.6,52,24.3,18.8,71.6,961
2022,0,20,2.4,20,23.1,18.7,76.17,961
2022,0,0,2.8,0,22.4,18.4,77.96,962
2022,0,0,3,0,21.7,18,79.65,963
2022,0,0,3.2,0,21.1,17.6,80.44,964
2022,0,0,3.3,0,20.7,17.2,80.27,964
2022,0,0,3.5,0,20.3,16.7,80.04,964
2022,0,0,3.5,0,20.1,16.3,78.86,964
2022,0,0,3.5,0,20,15.9,77.46,963
2022,0,0,3.4,0,20,15.6,75.94,963
2022,0,0,3.3,0,19.9,15.4,75.25,962
2022,0,0,3.3,0,19.8,15.3,75.19,963
2022,0,0,3.3,0,19.5,15.2,76.38,963
2022,0,0,3.3,0,19.6,15.4,76.71,964
2022,1,37,4.1,37,21.3,15.9,71.14,964
2022,26,154,5.1,164,23.2,16.1,64.34,965
2022,797,95,5.3,589,25,16.1,57.83,965
2022,897,99,5.2,808,26.6,16.2,52.92,964
2022,404,349,4.9,716,27.8,16.5,50.14,964
2022,207,520,4.3,720,28.5,16.7,48.83,963
2022,81,476,3.8,554,28.6,16.8,48.88,962
2022,53,436,3.2,483,28.4,16.9,49.62,961
2022,0,166,2.6,166,27.8,16.9,51.64,960
2022,25,266,2,280,27,17.2,55.18,960
2022,9,153,1.2,156,25.8,18.4,63.5,960
2022,0,26,0.7,26,24,18.3,70.34,961
2022,0,0,0.8,0,23.2,17.9,72.07,961
2022,0,0,0.8,0,22.7,17.8,73.79,962
2022,0,0,0.8,0,22,17.8,76.88,963
2022,0,0,0.8,0,21.5,17.7,79,963
2022,0,0,0.8,0,21,17.6,81.01,963
2022,0,0,0.8,0,20.7,17.4,81.58,963
2022,0,0,0.9,0,20.5,17.2,81.2,963
2022,0,0,1,0,20.4,16.8,79.72,962
2022,0,0,1.1,0,20.2,16.4,78.62,962
2022,0,0,1.1,0,20,16,78,963
2022,0,0,1.2,0,19.8,15.8,77.54,964
2022,0,0,1.7,0,20.3,15.6,74.57,964
2022,0,25,2.6,25,22.2,15.9,67.42,965
2022,0,118,3,118,24.4,17.1,63.6,965
2022,73,325,3.2,370,26.1,17.6,59.41,965
2022,497,274,3.3,666,27.2,17.6,55.75,965
2022,274,481,3.3,730,28.2,17.7,52.89,965
2022,161,494,3.2,648,28.8,17.8,51.58,964
2022,53,470,3.2,520,29.4,18,50.33,962
2022,194,486,3.1,657,29.6,18.1,50,961
2022,60,378,2.9,422,29.3,18,50.75,961
2022,65,303,2.7,340,28.6,17.9,52.23,960
2022,615,80,1.8,294,27.3,18.4,58.37,961
2022,252,36,0.9,64,24.9,18.7,68.46,961
2022,0,0,0.8,0,24.1,18.5,71.09,962
2022,0,0,0.8,0,23.8,18.5,72.3,963
2022,0,0,0.8,0,23.5,18.4,72.88,963
2022,0,0,0.9,0,23.2,18.1,72.83,964
2022,0,0,1.1,0,22.9,17.6,71.9,963
2022,0,0,1.4,0,22.5,16.9,70.64,963
2022,0,0,1.8,0,22.2,16.1,68.51,962
2022,0,0,2.1,0,21.6,15.3,67.43,962
2022,0,0,2.3,0,21,14.4,66.11,962
2022,0,0,2.4,0,20.5,13.6,64.58,962
2022,0,0,2.5,0,20.1,13.1,64.24,963
2022,0,0,2.6,0,20.2,13.2,64.1,964
2022,407,51,3.3,120,22.2,13.6,58.34,965
2022,42,218,4.4,235,24.8,13.5,49.57,965
2022,823,99,4.7,608,26.9,13.2,42.94,965
2022,599,230,4.6,701,28.4,13.2,39.26,965
2022,465,341,4.4,762,29.5,13.4,37.34,964
2022,668,317,4.1,959,30.3,13.7,36.38,963
2022,913,133,3.8,1001,30.7,14,36.12,962
2022,898,125,3.5,914,30.8,14.1,36.2,961
2022,859,115,3.2,756,30.4,14.2,37.18,961
2022,784,100,2.7,543,29.7,14.4,39.21,961
2022,637,77,1.6,297,28,15.9,47.75,961
2022,277,35,0.9,64,24.9,15.9,57.44,962
2022,0,0,0.9,0,24,15.4,58.79,962
2022,0,0,0.9,0,23.1,15.1,60.87,963
2022,0,0,1,0,22.3,14.6,61.9,963
2022,0,0,1.1,0,21.6,14.2,62.92,963
2022,0,0,1.2,0,20.9,14,64.53,964
2022,0,0,1.2,0,20.2,13.6,65.96,964
2022,0,0,1.3,0,19.7,13.3,66.38,963
2022,0,0,1.4,0,19.4,12.9,66.09,963
2022,0,0,1.4,0,19,12.8,67.13,963
2022,0,0,1.3,0,18.9,12.8,67.51,963
2022,0,0,1.2,0,18.8,12.8,68.16,964
2022,0,0,1.2,0,19.5,13.4,67.73,964
2022,73,90,2.3,102,22.6,13.6,56.79,965
2022,728,77,3.1,373,25.4,13.8,48.79,965
2022,490,265,3.4,568,27.6,14.3,44.23,966
2022,738,193,3.3,773,29.2,14.9,41.89,965
2022,934,111,3.1,954,30.3,15.4,40.41,965
2022,943,118,3,1021,31.1,15.5,38.86,964
2022,937,120,3,1009,31.5,15.3,37.64,962
2022,927,110,2.9,922,31.7,15.1,36.63,961
2022,886,104,2.8,763,31.3,14.7,36.61,961
2022,810,92,2.5,547,30.6,14.6,37.73,960
2022,660,72,1.5,298,28.6,16.2,46.89,960
2022,301,32,0.9,63,25.2,16,56.68,961
2022,0,0,0.9,0,24,15.6,59.42,961
2022,0,0,0.9,0,23.3,15.4,61.23,962
2022,0,0,0.9,0,22.5,15.2,63.31,963
2022,0,0,0.8,0,21.6,15,65.98,963
2022,0,0,0.8,0,20.8,14.7,67.89,963
2022,0,0,0.7,0,20.3,14.3,68.55,963
2022,0,0,0.7,0,19.5,13.9,70.24,963
2022,0,0,0.8,0,19,13.4,70.09,962
2022,0,0,0.9,0,18.8,13,68.88,962
2022,0,0,1,0,18.5,12.5,68.13,962
2022,0,0,1.1,0,18.3,12.1,67.15,963
2022,0,0,1.1,0,18.9,12.4,66.12,963
2022,433,49,1.9,123,22.7,12.4,52.14,963
2022,715,82,1.7,372,26,12,41.62,964
2022,837,100,2.1,616,28.1,12.3,37.6,963
2022,898,113,2.4,818,29.5,12.9,36,963
2022,922,126,2.4,957,30.6,13.3,34.66,963
2022,936,130,2.3,1025,31.2,13.5,33.96,962
2022,935,129,2.2,1013,31.5,13.5,33.53,961
2022,921,120,2.1,925,31.5,13.5,33.38,960
2022,881,111,2.1,764,31,13.2,33.76,959
2022,806,96,1.9,546,30.1,13,35.02,959
2022,656,74,1.2,297,28.3,14.1,41.71,959
2022,280,33,0.8,61,25.3,14.4,50.89,959
2022,0,0,0.8,0,24.6,13.7,50.62,959
2022,0,0,0.8,0,23.9,13.4,51.75,960
2022,0,0,0.9,0,22.6,13.4,56.07,961
2022,0,0,1,0,21.4,13.4,60.3,961
2022,0,0,1.1,0,20.5,13.4,63.74,961
2022,0,0,1.1,0,19.9,13.4,66.21,960
2022,0,0,1.1,0,19.5,13.5,68.48,960
2022,0,0,1.1,0,19.2,13.7,70.31,959
2022,0,0,1,0,19,13.8,71.61,959
2022,0,0,0.9,0,18.8,13.8,72.73,959
2022,0,0,0.9,0,18.6,13.8,73.81,960
2022,0,0,0.8,0,19.3,14.5,73.74,960
2022,447,46,1.6,122,22.7,14.9,61.61,960
2022,722,76,2.4,369,26.4,15.3,50.5,961
2022,839,93,3.2,609,29.1,15.2,42.87,961
2022,900,103,3.7,808,30.6,15.9,41.07,960
2022,940,105,4,950,31.7,16.5,40.16,959
2022,951,107,4.2,1015,32.5,16.8,39.1,958
2022,949,106,4.5,1003,32.8,16.8,38.52,957
2022,902,121,4.6,906,32.8,16.7,38.25,956
2022,861,111,4.6,746,32.3,16.6,39.01,955
2022,407,218,4.4,444,31.3,16.7,41.55,955
2022,229,158,3.6,235,29.6,17.2,47.22,956
2022,1,38,2.5,38,27.1,17.7,56.3,956
2022,0,0,2.3,0,26,18.2,62.29,957
2022,0,0,2,0,25.1,18.8,67.97,958
2022,0,0,1.9,0,24.4,19.2,72.83,959
2022,0,0,1.8,0,23.9,19.6,76.76,959
2022,0,0,1.7,0,23.4,19.9,80.63,959
2022,0,0,1.7,0,23.1,20.1,83.43,959
2022,0,0,1.8,0,22.8,20.4,86.18,959
2022,0,0,1.9,0,22.6,20.6,88.4,959
2022,0,0,2,0,22.4,20.8,90.57,959
2022,0,0,2,0,22.2,21,92.67,959
2022,0,0,2,0,22,21.1,94.83,960
2022,0,0,2.2,0,22.3,21.3,94.18,961
2022,0,26,3.2,26,24,21.6,86.23,961
2022,10,171,4,175,26.1,21.4,75.34,962
2022,750,122,4.3,582,27.9,21,66.24,962
2022,827,133,4.5,779,29.2,20.8,60.64,962
2022,821,169,4.5,906,30,20.7,57.65,961
2022,290,421,4.5,697,30.5,20.7,55.81,960
2022,696,253,4.5,909,30.6,20.6,55.33,959
2022,817,163,4.3,872,30.5,20.6,55.58,959
2022,772,148,4.1,716,30.1,20.6,56.72,958
2022,686,127,3.7,506,29.4,20.6,59.21,958
2022,521,94,2.7,267,28.2,21,64.82,959
2022,147,34,1.6,48,26.4,21.1,72.85,959
2022,0,0,1.4,0,25.5,21.3,77.66,960
2022,0,0,1.1,0,24.9,21.5,81.33,961
2022,0,0,0.9,0,24.4,21.6,84.5,962
2022,0,0,0.8,0,24,21.7,87.08,962
2022,0,0,0.7,0,23.6,21.8,89.71,962
2022,0,0,0.7,0,23.2,21.9,92.41,962
2022,0,0,0.7,0,23,22,94.07,962
2022,0,0,0.6,0,22.9,22.1,95,962
2022,0,0,0.6,0,22.9,22.1,95.18,962
2022,0,0,0.6,0,22.8,22.1,96.13,963
2022,0,0,1,0,22.6,22.1,96.77,963
2022,0,0,1.7,0,22.4,22,97.71,964
2022,0,8,2.4,8,22.9,22.3,96.48,964
2022,0,20,3.4,20,23.1,22.1,94.27,965
2022,0,49,4,49,23.1,21.6,91.44,966
2022,0,57,3.8,57,23,21,88.37,966
2022,0,120,3.4,120,23,20.6,86.13,966
2022,8,335,3.2,343,23.2,20.4,84.21,965
2022,147,439,2.9,577,23.3,20.4,83.8,964
2022,226,472,2.7,668,23.6,20.5,82.82,964
2022,771,145,2.6,710,23.9,20.5,81.41,963
2022,21,247,2.1,258,24,20.6,81.11,963
2022,601,74,1.3,272,23.5,20.8,84.73,963
2022,0,25,1,25,22.5,20.4,87.82,963
2022,0,0,1.2,0,22.3,19.9,86.16,963
2022,0,0,1.4,0,22.2,19.4,84.29,964
2022,0,0,1.6,0,22,19,83.36,965
2022,0,0,1.9,0,21.9,18.7,82.22,965
2022,0,0,2.2,0,21.8,18.4,81.15,965
2022,0,0,2.5,0,21.5,18.1,80.86,964
2022,0,0,2.5,0,21.2,17.8,80.81,964
2022,0,0,2.4,0,20.8,17.6,81.83,964
2022,0,0,2.3,0,20.3,17.5,84.09,963
2022,0,0,2.4,0,19.9,17.6,86.49,964
2022,0,0,2.5,0,19.5,17.6,88.77,964
2022,0,0,2.7,0,19.4,17.7,90.13,965
2022,0,38,3.3,38,20.4,18.4,88.1,965
2022,647,87,4.2,348,21.8,18.6,82,966
2022,69,323,4.8,365,23.4,18,71.65,966
2022,819,132,4.7,771,24.2,17.6,66.76,966
2022,41,438,4.4,475,24.6,17.7,65.41,966
2022,61,474,4.2,531,24.7,17.8,65.68,965
2022,26,453,3.9,477,24.7,18,66.38,964
2022,0,204,3.5,204,24.6,18.2,67.36,963
2022,39,366,3.1,394,24.6,18.3,67.85,962
2022,555,167,2.7,471,24.3,18.4,69.49,962
2022,391,114,1.8,242,23.6,18.6,73.42,962
2022,69,31,0.8,37,22.3,18.8,80.77,963
2022,0,0,0.7,0,21.7,18.8,83.37,963
2022,0,0,0.8,0,21.4,18.6,84.19,964
2022,0,0,1,0,21.2,18.5,84.48,964
2022,0,0,1.1,0,21.1,18.3,84.3,964
2022,0,0,1.1,0,20.9,18.2,84.66,964
2022,0,0,1.1,0,20.8,18.1,84.45,964
2022,0,0,1.1,0,20.6,17.9,84.56,963
2022,0,0,1.1,0,20.6,17.7,83.68,963
2022,0,0,1.1,0,20.5,17.6,83.36,962
2022,0,0,1.1,0,20.3,17.5,83.72,962
2022,0,0,1,0,20,17.3,84.69,962
2022,0,0,1.1,0,20.5,17.6,83.26,963
2022,337,52,2.1,108,23.3,17.6,70.44,963
2022,634,90,2.5,345,26.3,17.4,58.2,963
2022,771,110,2.3,581,28.2,17.9,53.61,963
2022,842,122,1.8,777,29.7,18.4,50.86,963
2022,879,130,1.6,915,30.8,18.9,49.12,962
2022,892,135,1.9,980,31.6,19.2,47.92,961
2022,889,135,2.4,966,31.8,19.5,48.08,960
2022,878,124,2.8,879,31.7,19.6,48.77,959
2022,836,113,2.9,721,31.1,19.6,50.58,958
2022,760,97,2.9,510,30.3,19.6,52.67,958
2022,5,133,2.1,135,28.9,19.9,58.38,958
2022,0,24,1.1,24,26.3,20,68.47,958
2022,0,0,1,0,25.3,19.9,72.09,959
2022,0,0,1,0,24.6,19.9,75.03,959
2022,0,0,0.9,0,24,19.9,77.76,960
2022,0,0,0.9,0,23.5,19.9,80.25,960
2022,0,0,0.9,0,23.1,20,82.6,960
2022,0,0,0.9,0,22.8,20.1,84.58,960
2022,0,0,0.9,0,22.5,20.1,86.14,959
2022,0,0,1,0,22.3,20,86.8,959
2022,0,0,1,0,22.1,19.9,87.42,959
2022,0,0,1,0,21.9,19.9,88.36,959
2022,0,0,0.9,0,21.6,19.9,90.15,960
2022,0,0,1.4,0,22.1,20.1,88.37,960
2022,371,50,2.7,111,24.4,20.5,78.83,961
2022,672,82,3.5,351,26.6,21.1,71.81,961
2022,811,95,4,589,28.3,21.4,66.29,961
2022,880,102,4.4,786,29.7,21.5,61.33,961
2022,919,105,4.7,924,30.8,21.4,57.48,960
2022,936,105,4.9,989,31.6,21.4,54.8,959
2022,936,103,5,976,31.9,21.2,53.31,957
2022,882,121,5,877,31.9,21.1,52.96,956
2022,76,364,4.9,418,31.5,21,53.76,955
2022,742,102,4.6,503,30.6,20.8,55.8,955
2022,568,79,3.8,260,29.2,20.6,59.97,955
2022,161,28,2.8,41,27.4,20.7,66.7,956
2022,0,0,2.5,0,26.4,20.8,71.37,957
2022,0,0,2.4,0,25.7,21,75.08,958
2022,0,0,2.2,0,25.1,21.1,78.68,959
2022,0,0,2.2,0,24.5,21.3,82.54,959
2022,0,0,2.1,0,24,21.5,86.05,959
2022,0,0,2.1,0,23.5,21.7,89.48,959
2022,0,0,2.1,0,23.1,21.8,92.2,958
2022,0,0,2.3,0,22.8,21.8,94.32,958
2022,0,0,2.4,0,22.5,21.9,96.29,958
2022,0,0,2.5,0,22.3,21.9,97.46,958
2022,0,0,2.7,0,22.2,21.8,97.84,958
2022,0,0,3,0,22.5,21.9,96.16,959
2022,0,45,4.3,45,24.2,21.9,86.87,959
2022,643,87,5.3,344,26.4,21.5,74.69,960
2022,775,107,5.7,578,28.3,21.2,65.45,960
2022,844,119,5.9,774,29.7,21,59.44,959
2022,0,168,6,168,30.8,20.8,55.41,958
2022,844,163,6,958,31.7,20.8,52.56,957
2022,854,152,5.9,948,32.2,20.8,51.09,956
2022,0,219,5.9,219,32.3,20.7,50.6,955
2022,805,124,5.9,705,31.8,20.6,51.69,954
2022,727,105,5.7,495,30.8,20.6,54.66,954
2022,567,77,5.1,256,29.4,20.7,59.36,954
2022,3,31,4.3,32,27.7,20.8,66.28,954
2022,0,0,4,0,26.7,21.3,72.1,955
2022,0,0,3.9,0,26,21.7,77.3,956
2022,0,0,3.9,0,25.5,22.1,81.72,956
2022,0,0,4,0,25,22.5,86.02,956
2022,0,0,4.2,0,24.7,22.7,88.92,956
2022,0,0,4.2,0,24.5,22.9,90.93,956
2022,0,0,4.3,0,24.3,23,92.7,955
2022,0,0,4.3,0,24.2,23.1,93.73,955
2022,0,0,4.3,0,24.1,23.1,94.42,955
2022,0,0,4.3,0,24,23.1,94.97,955
2022,0,0,4.3,0,23.9,23.1,95.53,956
2022,0,0,4.4,0,24,23.1,94.97,957
2022,366,49,4.7,109,24.6,23.2,92.19,957
2022,654,84,5.3,345,25.5,23.3,87.49,958
2022,0,67,5.6,67,26.4,23.2,82.83,958
2022,1,285,5.7,286,27.6,23.1,76.75,958
2022,262,475,5.7,708,28.6,23,71.9,958
2022,136,457,5.6,585,29.2,23,69.31,957
2022,88,426,5.3,507,29.4,23,68.67,957
2022,2,212,4.9,213,29.1,23.1,70.3,956
2022,6,222,4.3,226,28.3,23.4,74.85,956
2022,16,185,3.6,194,27.3,23.8,81.29,956
2022,26,130,3,139,26.1,24,88.49,957
2022,0,22,2.5,22,25.1,24,93.71,957
2022,0,0,2.3,0,24.6,24,96.45,958
2022,0,0,2.4,0,24.3,23.9,97.82,959
2022,0,0,2.3,0,24.1,23.8,98.47,959
2022,0,0,2.2,0,23.9,23.7,99.09,960
2022,0,0,1.7,0,23.7,23.6,99.67,960
2022,0,0,1,0,23.5,23.5,100,960
2022,0,0,0.5,0,23.3,23.3,99.74,961
2022,0,0,1.1,0,22.9,22.8,99.29,961
2022,0,0,2.4,0,22.3,21.9,97.86,961
2022,0,0,3.1,0,21,20.4,96.45,962
2022,0,0,3.4,0,19.4,18.5,94.37,963
2022,0,0,3.4,0,18.4,17.2,92.49,964
2022,0,3,3.5,3,18.2,16.9,92.18,965
2022,0,6,3.8,6,18.3,16.8,90.94,965
2022,0,40,4,40,18.4,16.8,90.15,966
2022,0,102,4.3,103,18.8,16.6,87.08,966
2022,1,180,4.5,181,19.2,16.3,83.17,966
2022,3,307,4.5,310,19.5,15.8,79.39,965
2022,2,252,4.3,254,19.6,15.5,77.14,965
2022,0,138,3.8,138,19.5,15.3,76.79,964
2022,1,119,3.3,119,19.2,15.3,78.04,963
2022,79,246,2.6,289,18.7,15.4,81.34,963
2022,29,121,2,130,18.1,15.7,85.97,963
2022,0,15,1.5,15,17.4,15.8,90.13,963
2022,0,0,1.4,0,17.2,15.7,90.85,963
2022,0,0,1.3,0,17,15.6,91.21,964
2022,0,0,1.1,0,16.8,15.3,91.02,964
2022,0,0,0.9,0,16.5,15.1,91.17,964
2022,0,0,0.9,0,16.3,14.8,90.66,964
2022,0,0,1,0,16.3,14.6,89.69,964
2022,0,0,1.1,0,16.3,14.5,89.21,963
2022,0,0,1.2,0,16.4,14.5,88.27,963
2022,0,0,1.3,0,16.4,14.5,88.37,963
2022,0,0,1.2,0,16.4,14.6,89.16,963
2022,0,0,1.2,0,16.6,14.9,89.64,963
2022,0,0,1.2,0,17.1,15.3,89.31,963
2022,0,11,2,11,19.1,15.9,81.69,964
2022,2,143,2.7,144,21.5,15.7,69.38,964
2022,121,343,3.2,416,23.8,14.4,55.6,964
2022,209,433,3.3,594,25.3,13.7,48.71,964
2022,268,492,3.2,728,26.2,13.6,45.82,964
2022,186,529,3,703,26.8,13.6,44.29,963
2022,852,159,2.6,945,27.2,13.8,43.63,962
2022,744,200,2.1,830,27.2,13.9,44.07,960
2022,716,179,1.7,689,26.9,14.1,45.34,960
2022,681,121,1.3,480,26.3,14.4,47.8,960
2022,498,88,0.8,241,25,15.3,54.75,960
2022,88,25,0.7,31,22.8,15.7,64.23,961
2022,0,0,0.7,0,22.1,15.2,65,961
2022,0,0,0.7,0,21.6,15,66.21,962
2022,0,0,0.8,0,20.8,15,69.49,962
2022,0,0,0.8,0,20,15,73.02,962
2022,0,0,0.9,0,19.5,15,75.19,962
2022,0,0,0.9,0,19.3,15,76.1,962
2022,0,0,0.9,0,19.3,15.1,76.59,961
2022,0,0,0.9,0,19.3,15.2,77.07,961
2022,0,0,0.8,0,19.2,15.2,77.75,960
2022,0,0,0.8,0,19.3,15.3,77.51,961
2022,0,0,0.8,0,19.6,15.3,76.27,961
2022,0,0,0.7,0,20.2,16,77.01,962
2022,0,3,0.6,3,22.7,16.6,68.39,962
2022,39,171,0.9,187,25.6,16.1,55.77,963
2022,2,124,1.6,125,27.3,16.8,52.85,963
2022,70,342,1.9,396,28.4,17.8,52.65,963
2022,21,353,2.2,372,29.2,18.5,52.48,963
2022,401,377,2.5,751,29.6,19,52.82,962
2022,728,225,2.6,895,29.6,19.3,53.88,961
2022,542,280,2.6,737,29.3,19.5,55.53,961
2022,798,126,2.4,691,28.8,19.6,57.52,960
2022,710,108,2.1,480,27.9,19.7,61,960
2022,536,79,1.4,242,26.6,20.3,68.5,961
2022,122,24,0.8,31,24.6,20.5,77.81,961
2022,0,0,0.7,0,24,20.3,79.67,962
2022,0,0,0.7,0,23.6,20.1,80.91,963
2022,0,0,0.7,0,23.1,20,82.71,963
2022,0,0,0.8,0,22.5,19.9,85.06,963
2022,0,0,0.8,0,22,19.7,86.88,963
2022,0,0,0.8,0,21.6,19.6,88.19,963
2022,0,0,0.8,0,21.2,19.4,89.46,963
2022,0,0,0.8,0,20.9,19.2,90.11,962
2022,0,0,0.8,0,20.7,19.1,90.35,962
2022,0,0,0.8,0,20.6,18.9,89.91,962
2022,0,0,0.8,0,20.5,18.7,89.23,962
2022,0,0,0.7,0,21,19,88.47,963
2022,399,46,1.1,109,24,19.5,76.03,964
2022,688,79,1,350,27.2,19.7,63.42,964
2022,809,97,1.2,584,29.1,20,58.02,964
2022,871,109,1.7,778,30.3,20.4,55.56,964
2022,924,103,2.2,916,31.1,20.7,54.11,963
2022,935,107,2.6,977,31.5,21,53.66,962
2022,932,106,2.8,961,31.5,21.1,54.1,961
2022,908,105,2.9,868,31.3,21.1,54.77,960
2022,868,95,2.9,708,30.8,21,56.06,959
2022,794,82,2.7,495,30,20.9,58.25,959
2022,637,62,2,252,28.4,21.3,65.3,959
2022,207,21,1.2,33,25.8,21.2,75.64,960
2022,0,0,1.2,0,24.9,21,78.82,960
2022,0,0,1.2,0,24.3,20.9,81.49,961
2022,0,0,1.3,0,23.7,20.9,84.51,961
2022,0,0,1.4,0,23.3,21,86.76,961
2022,0,0,1.5,0,22.9,21,89.01,961
2022,0,0,1.6,0,22.6,21,90.52,960
2022,0,0,1.6,0,22.3,21,92.16,960
2022,0,0,1.7,0,22.1,21,93.5,960
2022,0,0,1.7,0,21.9,21.1,94.96,959
2022,0,0,1.7,0,21.8,21.1,96.08,959
2022,0,0,1.8,0,21.7,21.3,97.36,960
2022,0,0,2.1,0,22,21.4,96.41,960
2022,379,47,3.1,107,24.2,21.8,86.55,961
2022,671,81,3.9,344,26.8,22,75.21,961
2022,804,97,4.4,579,28.7,22.2,67.77,961
2022,872,105,4.6,773,30,22.3,63.48,960
2022,933,94,4.7,913,31,22.5,60.53,960
2022,947,94,4.7,974,31.6,22.5,58.63,958
2022,944,94,4.7,958,31.9,22.6,57.83,957
2022,894,109,4.6,858,31.8,22.6,58.2,956
2022,852,100,4.5,698,31.4,22.5,59.28,955
2022,769,87,4.3,485,30.6,22.5,61.88,955
2022,597,66,3.5,243,29.2,22.5,67.33,955
2022,151,21,2.8,29,27.4,22.5,74.58,956
2022,0,0,2.8,0,26.7,22.6,78.25,956
2022,0,0,2.6,0,26,22.8,82.54,957
2022,0,0,2.6,0,25.4,22.9,86.12,958
2022,0,0,2.7,0,24.9,22.9,88.6,958
2022,0,0,2.7,0,24.4,22.8,90.79,958
2022,0,0,2.7,0,24,22.7,92.37,958
2022,0,0,2.8,0,23.7,22.6,93.63,958
2022,0,0,3,0,23.6,22.6,94.06,957
2022,0,0,3.1,0,23.5,22.6,94.86,957
2022,0,0,3.1,0,23.4,22.6,95.5,957
2022,0,0,3.1,0,23.3,22.6,95.83,958
2022,0,0,3.1,0,23.4,22.5,94.75,959
2022,376,45,4,105,24.6,22.5,87.98,960
2022,0,47,4.7,47,26.2,22.4,79.71,960
2022,783,99,4.8,568,27.4,22.7,75.39,960
2022,846,111,4.6,758,28.2,22.8,72.41,960
2022,865,128,4.4,886,28.6,22.8,71.04,960
2022,833,104,4.2,876,29.1,23,69.54,959
2022,86,433,3.9,512,29.2,23,69.44,958
2022,124,376,3.3,480,28.6,23.2,72.64,958
2022,0,105,2.2,106,27.4,23.4,78.68,958
2022,8,156,2.8,160,25.3,22.9,86.4,959
2022,5,76,4.6,78,22.5,20.7,89.73,961
2022,0,13,5.7,13,19,16.6,86.21,963
2022,0,0,5.4,0,16.3,13.3,82.35,964
2022,0,0,5.3,0,15.1,12.3,83.37,966
2022,0,0,5.5,0,14.2,11.7,84.93,967
2022,0,0,5.5,0,13.6,11.2,85.16,967
2022,0,0,5.6,0,13,10.7,85.79,968
2022,0,0,5.7,0,12.7,10.3,85.14,967
2022,0,0,5.6,0,12.4,9.9,84.66,967
2022,0,0,5.3,0,12.3,9.4,82.71,967
2022,0,0,5.1,0,12.2,9,80.55,967
2022,0,0,5,0,12.2,8.4,77.5,967
2022,0,0,5,0,12.2,7.8,74.34,967
2022,0,0,5,0,12.3,7.2,70.85,968
2022,3,43,5.2,43,13.3,6.6,63.95,969
2022,1,55,5.6,55,14.9,5.8,54.54,969
2022,23,271,6,285,16.8,5.6,47.59,969
2022,0,187,5.9,187,18.5,6.5,45.38,969
2022,13,401,5.5,412,20.1,7.5,44.11,968
2022,140,468,5.1,597,21.3,8.4,43.67,968
2022,211,497,4.7,690,22.1,9.2,43.73,967
2022,47,406,4.4,445,22.6,9.7,43.82,966
2022,18,317,4.2,330,22.5,9.9,44.9,965
2022,108,282,3.9,337,21.9,10,46.76,965
2022,574,68,3,234,20.5,10.3,52.03,965
2022,0,16,2,16,18.3,10.7,61.22,966
2022,0,0,2,0,17.4,10.7,64.61,967
2022,0,0,2,0,16.7,10.5,66.98,968
2022,0,0,2,0,16.2,10.3,68.02,969
2022,0,0,2.2,0,15.8,10,68.29,969
2022,0,0,2.5,0,15.5,9.7,68.18,969
2022,0,0,2.6,0,15.2,9.5,68.66,969
2022,0,0,2.8,0,14.9,9.2,68.86,969
2022,0,0,2.7,0,14.6,9,69.08,968
2022,0,0,2.6,0,14.4,8.8,69.05,968
2022,0,0,2.6,0,14.1,8.6,69.31,968
2022,0,0,2.4,0,13.8,8.4,69.75,969
2022,0,0,2.6,0,13.9,8.2,68.71,970
2022,0,4,3.6,4,15.5,8.2,61.6,970
2022,0,47,4.5,47,17.4,7.8,53.43,971
2022,7,249,4.8,254,19.1,7.6,47.25,971
2022,88,377,4.8,443,20.7,7.7,43.13,971
2022,242,491,4.6,702,22.2,8,40.2,970
2022,85,476,4.3,555,23.3,8.5,38.79,969
2022,71,460,3.9,525,24,9,38.46,968
2022,35,405,3.5,435,24.2,9.4,39.14,966
2022,44,341,3,372,24.1,9.8,40.3,966
2022,113,286,2.5,344,23.4,9.9,42.41,965
2022,504,80,1.4,224,21.7,11.5,52.41,965
2022,65,19,0.8,22,19.2,12.1,63.33,966
2022,0,0,0.7,0,18.5,12.2,66.93,966
2022,0,0,0.7,0,18.1,12.4,69.56,967
2022,0,0,0.6,0,17.8,12.5,71.14,968
2022,0,0,0.5,0,17.5,12.4,72.19,968
2022,0,0,0.3,0,17.3,12.3,72.25,968
2022,0,0,0.3,0,17,12,72.57,967
2022,0,0,0.5,0,16.6,11.8,73.49,967
2022,0,0,0.6,0,16.3,11.5,73.29,966
2022,0,0,0.7,0,16,11.2,73.07,966
2022,0,0,0.7,0,15.9,10.8,71.93,966
2022,0,0,0.7,0,15.7,10.5,71.15,966
2022,0,0,0.7,0,15.9,10.9,72.3,967
2022,357,48,1.2,103,18.7,10.7,59.52,967
2022,660,82,1.8,338,21.2,9.9,48.58,967
2022,790,100,1.9,569,23,10.8,46.03,967
2022,857,110,1.9,761,24.5,12,45.49,967
2022,904,109,2,895,25.8,13.2,45.77,966
2022,919,110,2.4,955,26.6,14.3,46.81,964
2022,915,109,2.9,936,27.1,15.1,47.81,963
2022,895,104,3.3,843,27.2,15.6,49.07,962
2022,852,95,3.4,683,26.9,15.8,50.79,961
2022,121,275,3.3,336,26.2,16,53.3,961
2022,5,119,2.4,120,24.7,16.5,60.26,961
2022,140,17,1.2,23,22.1,16.4,70.33,961
2022,0,0,1.2,0,21.3,16.3,73.37,962
2022,0,0,1.2,0,20.8,16.3,75.35,963
2022,0,0,1.3,0,20.3,16.2,77.45,963
2022,0,0,1.4,0,19.9,16.2,79.31,963
2022,0,0,1.3,0,19.5,16.3,81.54,963
2022,0,0,1.3,0,19.2,16.3,83.32,962
2022,0,0,1.4,0,18.8,16.4,85.79,962
2022,0,0,1.5,0,18.5,16.4,87.66,962
2022,0,0,1.5,0,18.2,16.4,89.44,961
2022,0,0,1.6,0,17.9,16.5,91.32,961
2022,0,0,1.8,0,17.7,16.5,92.86,962
2022,0,0,2.1,0,18,16.7,91.89,962
2022,335,50,3.1,101,20.2,17,82.02,962
2022,626,90,4.4,332,23.2,17.4,69.77,962
2022,756,113,4.9,561,25.3,17.9,63.54,962
2022,825,126,5.2,751,27,18.4,59.22,962
2022,897,111,5.4,890,28.2,18.7,56.43,961
2022,914,111,5.5,949,29.1,18.9,54.23,960
2022,912,109,5.4,931,29.7,19.1,52.83,959
2022,894,103,5.4,838,29.8,19.1,52.72,958
2022,854,93,5.2,679,29.6,19.1,53.36,957
2022,774,79,4.9,467,28.8,19.1,55.86,957
2022,611,58,4,229,27.3,19.2,61.29,957
2022,153,16,3.2,22,25.3,19.3,69.27,958
2022,0,0,2.9,0,24.4,19.4,73.86,959
2022,0,0,2.4,0,23.7,19.6,77.81,960
2022,0,0,2.1,0,23,19.8,82.03,960
2022,0,0,1.9,0,22.4,20,86.13,961
2022,0,0,1.7,0,21.9,20.2,89.85,961
2022,0,0,1.6,0,21.5,20.3,92.93,961
2022,0,0,1.6,0,21.2,20.4,95.15,961
2022,0,0,1.6,0,20.8,20.4,97.5,961
2022,0,0,1.6,0,20.5,20.3,98.84,961
2022,0,0,1.6,0,20.3,20.2,99.29,962
2022,0,0,1.5,0,20,20,100,962
2022,0,0,1.7,0,20.2,19.9,98.02,962
2022,437,40,2.5,106,22.6,20.1,85.53,963
2022,710,67,3,341,25.7,19.9,70.46,963
2022,824,83,2.9,571,28.1,19.8,60.74,963
2022,884,93,2.6,760,29.7,19.9,55.58,963
2022,877,122,2.5,881,30.7,20,52.96,962
2022,552,359,2.5,863,31.4,20.2,51.48,962
2022,97,458,2.7,546,31.6,20.4,51.47,961
2022,0,49,2.8,49,31.4,20.5,52.52,960
2022,0,58,2.9,58,30.9,20.6,54.32,959
2022,29,241,2.7,255,30,20.7,57.36,959
2022,582,62,1.9,223,28.4,21.1,64.84,959
2022,118,15,1,20,25.9,21.2,75.54,960
2022,0,0,1,0,25,21.3,79.78,961
2022,0,0,0.9,0,24.4,21.3,82.71,961
2022,0,0,0.8,0,23.9,21.3,85.26,962
2022,0,0,0.8,0,23.3,21.2,88.2,962
2022,0,0,0.8,0,22.9,21.1,89.84,963
2022,0,0,0.8,0,22.4,20.9,91.29,962
2022,0,0,0.8,0,22.1,20.6,91.22,962
2022,0,0,0.8,0,21.8,20.2,90.7,962
2022,0,0,0.7,0,21.6,19.8,89.34,962
2022,0,0,0.7,0,21.5,19.3,87.51,962
2022,0,0,0.7,0,21.4,19,85.97,962
2022,0,0,0.6,0,21.7,19.1,85.04,963
2022,418,40,0.9,104,24,19.3,74.88,964
2022,693,70,1.4,337,27.1,20.8,68.4,964
2022,806,88,2,564,29,21.4,63.54,964
2022,866,99,2.3,751,30.1,21.5,60.23,964
2022,875,119,2.5,874,30.9,21.5,57.43,963
2022,892,120,2.6,933,31.4,21.4,55.37,962
2022,891,117,2.7,915,31.7,21.3,54.05,961
2022,870,112,2.7,822,31.7,21.1,53.6,960
2022,495,226,2.7,563,31.4,21,54.05,959
2022,551,155,2.5,427,30.6,20.9,56.18,959
2022,11,97,1.7,100,29.1,21.4,63.12,959
2022,0,12,0.9,12,26.7,21.4,72.86,960
2022,0,0,0.8,0,25.9,21.4,76.11,961
2022,0,0,0.8,0,25.4,21.3,78.3,961
2022,0,0,0.8,0,24.8,21.3,81.06,962
2022,0,0,0.8,0,24.4,21.3,83,962
2022,0,0,0.7,0,24,21.3,85.06,962
2022,0,0,0.7,0,23.6,21.4,87.28,962
2022,0,0,0.7,0,23.3,21.4,88.84,961
2022,0,0,0.7,0,23,21.3,90.31,961
2022,0,0,0.7,0,22.7,21.3,91.56,961
2022,0,0,0.7,0,22.4,21.1,92.65,961
2022,0,0,0.7,0,22.1,21.1,93.91,962
2022,0,0,0.7,0,22.4,21.2,92.74,962
2022,3,66,1.6,67,24.9,21.4,80.74,963
2022,633,84,2,327,27.3,21.6,70.99,963
2022,761,105,2.2,553,28.9,21.7,65.18,963
2022,825,119,2.4,739,30,21.5,60.51,963
2022,2,325,2.6,326,30.8,21.2,56.72,962
2022,0,210,2.8,210,31.3,21.1,54.61,961
2022,838,151,2.8,899,31.6,21,53.47,960
2022,815,142,2.8,805,31.5,20.9,53.37,959
2022,771,127,2.6,648,31.2,20.8,53.95,959
2022,337,206,2.4,371,30.4,20.7,56.34,958
2022,492,74,1.5,207,28.9,21.5,64.19,959
2022,51,13,0.9,15,26.8,21.3,71.69,959
2022,0,0,0.9,0,26.1,21.2,74.23,960
2022,0,0,0.9,0,25.6,21.2,76.52,960
2022,0,0,1,0,25.1,21.3,79.53,961
2022,0,0,1,0,24.8,21.5,81.98,961
2022,0,0,1,0,24.4,21.8,85.19,960
2022,0,0,1,0,24,21.9,88.22,960
2022,0,0,1,0,23.7,22,90.47,960
2022,0,0,1,0,23.4,22.1,92.6,960
2022,0,0,1,0,23.1,22.2,94.6,960
2022,0,0,1.1,0,22.8,22.2,96.6,960
2022,0,0,1.2,0,22.6,22.3,98.07,961
2022,0,0,1.4,0,22.9,22.4,96.73,961
2022,349,46,2.6,98,25,22.5,85.87,962
2022,651,79,3.4,328,27.3,22.1,73.16,962
2022,732,111,3.7,541,28.9,21.8,65.36,962
2022,848,107,3.8,742,30.2,21.6,60.1,962
2022,845,111,3.9,836,31.1,21.4,56.45,961
2022,841,92,4,854,31.7,21.2,53.83,960
2022,905,105,4,911,32.1,21,51.87,959
2022,289,412,3.9,646,32.2,20.7,50.79,958
2022,783,123,3.8,649,31.9,20.5,50.9,957
2022,747,83,3.4,447,31.1,20.3,52.71,957
2022,561,61,2.4,210,29.6,20.5,58.25,957
2022,0,10,1.5,10,27.5,20.4,65.35,958
2022,0,0,1.5,0,26.8,20.4,67.92,958
2022,0,0,1.7,0,26.4,20.4,69.83,959
2022,0,0,1.5,0,25.7,20.6,73.54,960
2022,0,0,1.4,0,25.1,20.9,77.42,960
2022,0,0,1.4,0,24.5,21.2,81.95,960
2022,0,0,1.4,0,23.9,21.6,86.75,960
2022,0,0,1.4,0,23.4,21.8,91,960
2022,0,0,1.4,0,23,22.1,94.41,959
2022,0,0,1.3,0,22.7,22.2,97.01,959
2022,0,0,1.3,0,22.4,22.3,99.37,960
2022,0,0,1.4,0,22.3,22.3,100,960
2022,0,0,1.7,0,22.7,22.4,98.27,961
2022,15,63,2.7,65,24.4,22.6,89.56,962
2022,386,140,3.6,288,26.6,22.4,77.62,962
2022,497,163,3.9,454,28.5,21.9,67.57,963
2022,351,300,4,562,29.9,21.5,60.84,963
2022,180,392,4,546,30.9,21.3,56.54,962
2022,866,135,4,917,31.5,21.1,53.95,961
2022,790,162,4,862,31.6,20.9,53.25,960
2022,708,197,3.9,768,31.6,20.8,52.86,959
2022,127,299,3.7,383,31.3,20.7,53.35,959
2022,690,101,3.3,435,30.5,20.7,55.72,959
2022,49,125,2.3,138,29.1,21,61.69,959
2022,0,7,1.4,7,27.1,21,69.48,959
2022,0,0,1.4,0,26.4,21.1,72.75,960
2022,0,0,1.3,0,25.7,21.2,76.3,961
2022,0,0,1.2,0,25,21.3,80.05,961
2022,0,0,1.1,0,24.5,21.4,83.08,961
2022,0,0,1.1,0,24,21.6,86.33,961
2022,0,0,1.1,0,23.6,21.7,89.16,961
2022,0,0,1.2,0,23.2,21.8,92.1,961
2022,0,0,1.1,0,22.9,22,94.46,960
2022,0,0,1.1,0,22.7,22.1,96.22,960
2022,0,0,1,0,22.6,22.1,97.22,960
2022,0,0,0.9,0,22.5,22.2,98.19,961
2022,0,0,1.1,0,22.6,22.3,98.33,961
2022,0,20,2,20,23.8,22.7,93.81,962
2022,44,165,2.7,182,25.4,23.1,87.15,962
2022,717,117,3.4,535,27.2,23,78.01,963
2022,270,382,3.8,583,28.5,22.6,70.51,962
2022,443,371,4.1,749,29.4,22.3,65.54,962
2022,908,106,4.3,923,30,21.9,61.98,961
2022,339,433,4.4,732,30.4,21.7,59.65,960
2022,884,100,4.4,810,30.4,21.5,59.17,959
2022,839,92,4.3,651,30.1,21.5,59.89,958
2022,751,80,4,441,29.5,21.4,61.91,958
2022,570,58,3.2,206,28.3,21.6,66.89,958
2022,84,11,2.4,13,26.7,21.6,73.71,959
2022,0,0,2.2,0,26,21.7,77.15,959
2022,0,0,2.3,0,25.5,21.7,79.7,959
2022,0,0,2.1,0,24.9,21.8,82.97,959
2022,0,0,2.1,0,24.4,21.9,86.1,959
2022,0,0,2.1,0,24.1,22.1,88.5,959
2022,0,0,2.3,0,23.7,22.2,91.47,959
2022,0,0,2.4,0,23.4,22.3,93.67,958
2022,0,0,2.6,0,23.1,22.4,95.82,958
2022,0,0,2.8,0,23,22.5,96.74,958
2022,0,0,2.9,0,22.9,22.5,97.5,958
2022,0,0,3,0,23,22.5,96.83,958
2022,0,0,3.2,0,23.1,22.5,96.25,959
2022,360,45,3.9,98,24.4,22.5,89,959
2022,664,79,4.8,330,26.2,22.3,79.04,960
2022,797,95,5.3,559,28,21.9,69.39,960
2022,869,103,5.5,749,29.4,21.5,62.45,959
2022,905,107,5.7,877,30.5,21.1,57.18,959
2022,924,106,5.7,935,31.3,20.6,53.17,958
2022,920,104,5.8,915,31.7,20.2,50.62,956
2022,896,100,5.8,818,31.8,19.9,49.49,955
2022,851,92,5.7,656,31.6,19.6,49.09,955
2022,763,79,5.4,443,30.8,19.4,50.56,954
2022,584,56,4.7,206,29.3,19.3,55.03,955
2022,85,10,4,12,27.7,19.5,61.19,955
2022,0,0,3.9,0,26.8,20,66.24,956
2022,0,0,3.8,0,26.1,20.5,71.1,957
2022,0,0,3.7,0,25.4,20.9,76.34,957
2022,0,0,3.8,0,24.8,21.3,80.91,957
2022,0,0,3.9,0,24.3,21.5,84.49,957
2022,0,0,4,0,23.9,21.6,87.14,957
2022,0,0,4.1,0,23.5,21.6,89.07,956
2022,0,0,4.1,0,23.3,21.5,89.77,956
2022,0,0,4.1,0,23.1,21.5,90.71,955
2022,0,0,4.2,0,22.9,21.6,92.18,955
2022,0,0,4.2,0,22.8,21.6,93.11,955
2022,0,0,4.3,0,22.9,21.7,92.73,956
2022,57,72,5.1,80,24.1,21.6,86.19,957
2022,650,79,6.1,324,26.1,21.4,75.41,958
2022,791,93,6.5,552,28,21.2,66.4,958
2022,863,99,6.6,739,29.7,21,59.49,958
2022,886,110,6.7,862,31,20.7,54.22,957
2022,905,109,6.7,919,31.9,20.4,50.66,956
2022,904,107,6.6,900,32.4,20.2,48.5,955
2022,884,101,6.5,806,32.5,19.9,47.56,954
2022,841,91,6.2,646,32,19.9,48.73,953
2022,758,77,5.8,436,31.2,19.8,50.77,953
2022,19,96,5,101,29.7,19.8,55.28,953
2022,0,0,4.3,0,28.1,20,61.54,954
2022,0,0,4.1,0,27.1,20.5,67.26,955
2022,0,0,4,0,26.3,21,72.78,956
2022,0,0,3.9,0,25.5,21.4,78.17,956
2022,0,0,3.8,0,24.8,21.7,82.79,957
2022,0,0,3.9,0,24.4,21.8,85.57,957
2022,0,0,3.9,0,24,21.9,88.3,957
2022,0,0,3.9,0,23.7,22,90.36,957
2022,0,0,3.8,0,23.4,22.1,92.2,957
2022,0,0,3.4,0,23.1,22.1,94.02,957
2022,0,0,3.3,0,22.9,22.1,95.07,957
2022,0,0,3.1,0,22.6,22,96.55,958
2022,0,0,3,0,22.6,22,96.38,959
2022,0,13,3.7,13,23.8,22.2,90.63,959
2022,663,75,4.4,324,25.4,22.2,82.45,960
2022,0,139,4.7,139,27.1,22.1,74.38,960
2022,867,94,4.7,735,28.7,22,67.04,959
2022,878,112,4.8,855,29.8,21.9,62.71,958
2022,0,186,4.8,186,30.4,21.9,60.66,957
2022,139,444,4.8,565,30.7,22,59.89,956
2022,366,370,4.8,660,30.6,22.1,60.65,955
2022,0,31,4.6,31,29.9,22.3,63.77,954
2022,768,71,4,432,28.7,22.6,69.53,954
2022,592,51,3.2,199,26.9,22.9,78.89,955
2022,0,0,2.6,0,25.2,23,87.47,956
2022,0,0,2.3,0,24.4,23,91.87,956
2022,0,0,2.1,0,23.9,23,94.52,957
2022,0,0,2,0,23.5,22.9,96.4,958
2022,0,0,2.1,0,23.2,22.8,97.56,959
2022,0,0,2.1,0,22.9,22.7,98.68,959
2022,0,0,2.1,0,22.7,22.6,99.29,959
2022,0,0,2.1,0,22.6,22.5,99.51,959
2022,0,0,2.2,0,22.6,22.4,99.06,958
2022,0,0,2.1,0,22.5,22.4,99.34,958
2022,0,0,1.9,0,22.5,22.4,99.16,959
2022,0,0,1.5,0,22.4,22.3,99.44,959
2022,0,0,1.2,0,22.4,22.4,99.93,960
2022,3,47,1.7,47,23.5,23.1,97.69,961
2022,0,6,1.9,6,24.5,23.6,94.9,962
2022,4,139,1.9,141,25.1,23.3,89.63,962
2022,0,110,2.2,111,25.4,22.7,85.18,962
2022,0,75,2.3,75,25.6,22.2,81.49,962
2022,0,62,2.4,62,25.6,21.8,79.68,961
2022,0,38,2.8,38,25.4,21.7,79.84,961
2022,0,89,3,89,25,21.5,81.09,960
2022,0,59,2.8,59,24.3,21.4,84.04,960
2022,0,54,2.2,54,23.5,21.6,89.02,960
2022,0,20,1.7,20,22.7,21.6,93.43,960
2022,0,0,1.6,0,22.1,21.3,95.39,961
2022,0,0,2.1,0,21.9,21.1,95.21,962
2022,0,0,2.5,0,21.6,20.9,95.55,963
2022,0,0,2.8,0,21.3,20.6,95.55,964
2022,0,0,3,0,20.9,20.2,95.69,964
2022,0,0,3.1,0,20.5,19.8,95.75,965
2022,0,0,3.1,0,20.1,19.3,95.34,965
2022,0,0,3.1,0,19.7,18.8,94.69,965
2022,0,0,3.1,0,19.3,18.3,94.09,965
2022,0,0,3.2,0,19,17.8,92.84,964
2022,0,0,3.4,0,18.6,17.4,92.51,965
2022,0,0,3.6,0,18.3,16.9,91.66,966
2022,0,0,3.9,0,18,16.5,90.93,967
2022,0,10,4.2,10,18.2,16.5,89.88,968
2022,1,66,4.8,66,19,16.7,86.27,968
2022,4,144,5.4,146,20,16.4,79.91,968
2022,8,234,5.7,240,21.3,16.2,72.83,968
2022,25,315,5.6,336,22.4,16.1,67.41,968
2022,0,263,5.3,263,23.1,16.1,64.6,967
2022,124,394,4.7,502,23.5,16.1,63,966
2022,176,367,4.3,506,23.7,16,62,965
2022,61,326,3.7,366,23.6,15.9,61.95,964
2022,679,100,2.7,415,22.9,16.1,65.65,964
2022,480,68,1.9,185,21.7,16.3,71.29,964
2022,0,0,1.7,0,20.4,15.5,73.56,964
2022,0,0,1.8,0,19.7,14.7,72.99,964
2022,0,0,1.7,0,19,14.1,73.45,965
2022,0,0,1.8,0,18.5,13.6,73.24,966
2022,0,0,1.9,0,18.2,13,71.56,966
2022,0,0,2.1,0,18,12.3,69.43,966
2022,0,0,2,0,17.9,11.8,67.41,966
2022,0,0,1.9,0,17.6,11.4,67.01,966
2022,0,0,1.8,0,17.3,11.1,66.97,965
2022,0,0,1.8,0,16.9,10.8,67.38,965
2022,0,0,1.8,0,16.5,10.5,67.47,965
2022,0,0,1.7,0,16.2,10.1,67.2,965
2022,0,0,1.9,0,16.1,9.8,66.39,966
2022,0,37,2.7,37,17.9,10,59.72,966
2022,691,74,3.2,330,19.6,9.6,52.41,966
2022,817,90,3.3,558,21.3,9.6,47.34,966
2022,883,100,3.2,746,22.9,10.3,44.99,966
2022,904,112,3,870,24.1,11,43.87,965
2022,919,113,2.7,926,24.9,11.8,43.83,964
2022,913,111,2.4,902,25.3,12.3,44.25,963
2022,889,107,2.1,805,25.3,12.5,45.03,962
2022,838,98,1.8,640,24.9,12.6,46.41,962
2022,743,84,1.4,426,24.2,12.8,49,961
2022,542,59,0.7,190,22.7,13.7,56.82,961
2022,0,0,0.5,0,21,13.3,61.32,962
2022,0,0,0.7,0,20.2,13.2,64.11,962
2022,0,0,0.8,0,19.3,13.4,68.89,963
2022,0,0,0.8,0,18.7,13.6,72.01,963
2022,0,0,0.9,0,18.5,13.5,72.8,963
2022,0,0,0.9,0,18.5,13.6,73.3,963
2022,0,0,0.9,0,18.6,13.9,73.9,963
2022,0,0,0.9,0,18.5,14,75.22,963
2022,0,0,1,0,18.3,14,75.78,963
2022,0,0,1.1,0,18,13.7,76.09,963
2022,0,0,1.2,0,17.8,13.6,76.33,963
2022,0,0,1.2,0,17.6,13.5,77.01,964
2022,0,0,1.3,0,17.6,13.5,77.08,965
2022,0,26,2.1,26,18.9,13.5,71.07,965
2022,0,105,2.3,106,20.5,13.6,64.4,966
2022,40,276,2.3,299,22.3,13.4,57.19,966
2022,1,268,1.9,269,23.6,14.2,55.43,966
2022,47,409,1.4,448,24.5,15.1,55.78,965
2022,0,162,1,162,25.1,16,56.91,964
2022,2,331,1.1,332,25.7,16.7,57.72,963
2022,4,323,1.4,326,25.8,17.2,59.15,962
2022,1,232,1.6,233,25.6,17.5,60.86,961
2022,1,149,1.6,149,25,17.7,63.84,961
2022,0,7,0.9,7,23.7,18.5,72.83,961
2022,0,0,0.5,0,22.4,18,76.14,962
2022,0,0,0.2,0,22.3,17.6,74.94,963
2022,0,0,0.6,0,21,17.9,82.26,964
2022,0,0,0.8,0,20.1,17.8,86.74,964
2022,0,0,1,0,19.9,17.6,86.54,965
2022,0,0,1.4,0,19.8,17.4,86.05,965
2022,0,0,2.1,0,19.6,17.2,86.28,965
2022,0,0,2.6,0,19.2,17.1,87.69,965
2022,0,0,2.6,0,18.8,16.9,88.95,965
2022,0,0,2.5,0,18.3,16.7,90.19,965
2022,0,0,2.3,0,18,16.4,90.24,966
2022,0,0,2.1,0,17.7,16.1,90.47,966
2022,0,0,2.1,0,17.6,15.9,89.88,967
2022,0,4,2.8,4,18.2,15.6,84.79,968
2022,7,154,3.2,157,19.4,15.2,76.48,968
2022,1,201,3.6,201,20.8,14.7,68.25,968
2022,402,344,3.8,637,22.2,14.5,61.65,968
2022,805,162,3.9,833,23.3,14.4,57.53,967
2022,825,164,3.7,889,24.2,14.5,54.69,966
2022,821,161,3.5,867,24.7,14.6,53.3,965
2022,774,164,3.2,767,24.8,14.5,52.89,964
2022,338,327,2.9,543,24.6,14.4,53.12,964
2022,175,250,2.6,329,24,14.3,54.61,963
2022,0,74,1.4,73,22.1,15.2,65.03,963
2022,0,0,0.9,0,19.8,14.8,72.8,964
2022,0,0,0.9,0,19.3,14.5,73.73,964
2022,0,0,0.9,0,19.1,14.1,72.82,965
2022,0,0,1,0,18.8,13.7,72.39,965
2022,0,0,1,0,18.3,13.4,73.27,966
2022,0,0,1.1,0,18.1,13.1,72.71,966
2022,0,0,1.1,0,17.9,12.9,72.79,966
2022,0,0,1.2,0,17.7,12.8,72.92,966
2022,0,0,1.3,0,17.6,12.5,72.24,965
2022,0,0,1.4,0,17.4,12.4,72.41,965
2022,0,0,1.4,0,17.1,12.3,73.17,965
2022,0,0,1.4,0,16.9,12.1,73.56,965
2022,0,0,1.3,0,16.8,12.2,74.27,966
2022,0,48,2.2,48,18.8,12.4,66.43,967
2022,603,92,2.5,313,21.1,12.6,58.2,967
2022,748,113,2.5,538,23.5,12.6,50.53,967
2022,824,125,2.4,723,25.1,13,47.11,967
2022,891,114,2.1,855,26.3,13.5,45.36,966
2022,907,114,1.8,908,27,14,44.76,965
2022,906,110,1.7,886,27.3,14.4,45.2,964
2022,879,108,1.8,790,27.2,14.7,46.46,963
2022,833,98,1.7,628,26.8,14.9,48.13,962
2022,742,82,1.5,416,26,15.1,51.11,962
2022,543,56,0.8,182,24.2,16.4,61.62,962
2022,0,0,0.7,0,22.3,15.4,65.11,962
2022,0,0,0.6,0,21.8,15.1,65.55,963
2022,0,0,0.7,0,21,15,68.41,963
2022,0,0,0.8,0,20,14.9,72.68,964
2022,0,0,0.9,0,19.2,14.8,75.89,964
2022,0,0,0.9,0,18.7,14.7,77.38,963
2022,0,0,0.9,0,18.5,14.5,77.58,963
2022,0,0,0.9,0,18.4,14.4,77.32,963
2022,0,0,0.8,0,18.4,14.2,76.36,962
2022,0,0,0.8,0,18.8,13.9,73.17,962
2022,0,0,0.8,0,18.9,13.7,71.93,962
2022,0,0,0.8,0,18.6,13.6,72.75,962
2022,0,0,0.8,0,18.3,13.9,75.35,963
2022,401,38,1.1,93,20.6,15.1,70.82,963
2022,694,69,2,323,23.3,15.3,60.93,964
2022,816,85,2.8,547,25.7,16.2,55.85,964
2022,876,95,3.3,730,27.2,17.1,54.2,964
2022,903,104,3.7,852,28.1,17.8,53.53,963
2022,915,106,3.9,905,28.7,18.2,52.96,962
2022,911,104,4,882,28.9,18.4,53,961
2022,879,106,4,784,28.9,18.4,53.14,960
2022,834,95,3.8,623,28.5,18.3,54.13,959
2022,741,80,3.3,412,27.7,18.3,56.68,959
2022,541,55,2,179,25.7,18.8,65.79,959
2022,0,0,1.3,0,23.1,18.3,74.31,960
2022,0,0,1.2,0,22.3,18.2,77.65,960
2022,0,0,1.2,0,21.6,18.2,80.82,961
2022,0,0,1.2,0,21.1,18.1,83.13,961
2022,0,0,1.3,0,20.6,18.1,85.61,961
2022,0,0,1.3,0,20.2,18.1,87.91,961
2022,0,0,1.3,0,19.8,18.2,90.56,961
2022,0,0,1.3,0,19.5,18.3,92.87,961
2022,0,0,1.2,0,19.1,18.4,95.92,961
2022,0,0,1.2,0,18.8,18.5,98.35,961
2022,0,0,1.2,0,18.6,18.6,100,961
2022,0,0,1.2,0,18.4,18.4,100,961
2022,0,0,1.3,0,18.6,18.6,100,962
2022,364,41,2.4,91,21,19.1,89.17,963
2022,671,75,3.2,319,23.9,19.8,77.93,963
2022,797,93,4,542,26.4,20.1,68.35,964
2022,862,104,4.3,726,27.9,20.2,63.04,964
2022,898,108,4.4,850,29,20.3,59.36,963
2022,909,110,4.5,901,29.6,20.3,57.41,962
2022,905,108,4.5,878,30,20.3,56.14,960
2022,873,108,4.5,779,30,20.3,56.11,959
2022,828,96,4.3,618,29.6,20.2,57.17,959
2022,734,81,3.8,407,28.8,20.2,59.84,958
2022,526,56,2.5,175,26.9,20.5,68.09,959
2022,0,0,1.8,0,24.7,20.1,75.6,959
2022,0,0,1.8,0,23.9,20,78.91,960
2022,0,0,1.6,0,23.1,19.9,82.41,960
2022,0,0,1.7,0,22.6,19.9,84.77,961
2022,0,0,1.6,0,22.1,19.9,87.42,961
2022,0,0,1.5,0,21.6,20,90.41,961
2022,0,0,1.4,0,21.2,20,92.86,961
2022,0,0,1.4,0,20.9,20,94.59,961
2022,0,0,1.4,0,20.6,20,96.17,961
2022,0,0,1.4,0,20.4,19.9,97.1,961
2022,0,0,1.4,0,20.2,19.9,98.02,961
2022,0,0,1.4,0,20,19.8,98.99,961
2022,0,0,1.5,0,20.1,19.9,98.82,962
2022,290,45,2.3,84,21.9,20.5,91.8,963
2022,606,85,3.1,304,24.3,21.3,83.62,963
2022,739,107,4.1,522,26.9,21.6,72.92,963
2022,807,121,4.3,702,28.5,21.6,66.28,962
2022,98,410,4.4,491,29.5,21.6,62.58,962
2022,24,409,4.5,430,30.2,21.5,59.86,960
2022,269,452,4.4,679,30.6,21.5,58.31,959
2022,529,314,4.4,719,30.7,21.5,57.92,958
2022,774,112,4.2,597,30.3,21.4,58.94,957
2022,669,94,3.7,390,29.5,21.4,61.96,957
2022,438,65,2.6,162,27.9,21.6,68.66,957
2022,0,0,2.1,0,26.1,21.3,74.73,958
2022,0,0,2.1,0,25.4,21.2,77.79,958
2022,0,0,2.1,0,24.9,21.3,80.44,959
2022,0,0,2.2,0,24.4,21.4,83.34,959
2022,0,0,2.3,0,23.9,21.5,86.57,959
2022,0,0,2.3,0,23.4,21.6,89.83,959
2022,0,0,2.4,0,23,21.7,92.46,959
2022,0,0,2.5,0,22.7,21.7,94.28,958
2022,0,0,2.6,0,22.4,21.7,96.03,957
2022,0,0,2.7,0,22.1,21.8,98.12,957
2022,0,0,2.8,0,22.1,21.9,98.53,957
2022,0,0,3,0,22.2,21.9,98.14,957
2022,0,0,3.2,0,22.4,21.9,97.01,957
2022,266,47,4.1,82,23.6,22,90.67,958
2022,594,89,5,303,25.4,21.7,80.09,958
2022,39,272,5.5,294,27.1,21.4,71.02,958
2022,805,123,5.8,700,28.6,21.2,64.14,958
2022,13,373,5.9,384,29.7,21,59.76,957
2022,810,159,6,858,30.4,21,57.25,956
2022,796,161,6,832,30.7,21,56.28,954
2022,763,154,5.9,735,30.7,21,56.18,953
2022,710,136,5.6,579,30.4,20.9,56.98,953
2022,604,111,5,376,29.5,20.9,59.97,953
2022,382,70,4,154,28.1,20.9,65.14,953
2022,0,0,3.3,0,26.7,20.9,70.42,954
2022,0,0,3,0,26.1,21,73.73,955
2022,0,0,2.7,0,25.5,21.3,77.72,956
2022,0,0,2.6,0,25,21.6,81.42,957
2022,0,0,2.6,0,24.6,21.8,84.67,957
2022,0,0,2.7,0,24.3,22.1,87.41,957
2022,0,0,2.8,0,24.1,22.3,89.48,957
2022,0,0,2.6,0,23.7,22.4,92.28,957
2022,0,0,2.6,0,23.4,22.4,94.11,956
2022,0,0,2.4,0,23.2,22.4,95.28,956
2022,0,0,2.2,0,22.9,22.4,97.02,957
2022,0,0,2.2,0,22.7,22.4,97.94,957
2022,0,0,2.2,0,22.8,22.3,97.24,958
2022,220,49,2.9,78,24.1,22.5,90.75,959
2022,541,98,3.6,292,25.8,22.6,82.34,959
2022,140,308,3.6,386,27.5,22.3,73.42,959
2022,23,279,3.2,295,28.8,22.1,67.02,959
2022,138,377,2.9,490,29.7,22,63.3,959
2022,279,383,2.9,623,30.2,22,61.47,958
2022,847,128,3,840,30.4,22,60.85,957
2022,768,149,3,732,30.2,22,61.65,956
2022,714,132,3,575,29.8,22.1,63.37,956
2022,608,107,2.8,372,29.1,22.3,66.87,956
2022,384,68,1.9,151,27.6,22.6,74.13,956
2022,0,0,1.5,0,26.1,22.3,79.64,956
2022,0,0,1.6,0,25.7,22.2,81.13,957
2022,0,0,1.6,0,25.2,22.1,83.02,958
2022,0,0,1.6,0,24.7,22,84.85,958
2022,0,0,1.8,0,24.4,21.9,85.95,959
2022,0,0,1.9,0,23.9,21.9,88.47,959
2022,0,0,2,0,23.6,21.9,89.98,958
2022,0,0,2,0,23.2,21.8,92.08,958
2022,0,0,2.1,0,22.9,21.8,93.69,958
2022,0,0,2.1,0,22.6,21.8,95.46,958
2022,0,0,2.1,0,22.4,21.9,96.89,958
2022,0,0,2.2,0,22.3,21.9,97.83,958
2022,0,0,2.5,0,22.4,22,97.71,959
2022,2,45,3.5,45,23.9,22.3,90.61,960
2022,268,159,4.8,254,25.8,22.4,81.5,960
2022,62,292,5.2,326,27.4,22.2,73.4,960
2022,87,366,5.4,428,28.7,22.1,67.45,960
2022,5,338,5.4,342,29.6,21.9,63.44,959
2022,167,391,5.4,534,30.2,21.8,60.67,959
2022,275,343,5.3,573,30.5,21.6,59.1,958
2022,273,386,5.2,593,30.7,21.5,58,957
2022,553,187,5,529,30.4,21.4,58.73,956
2022,210,189,4.5,280,29.7,21.4,61.04,956
2022,115,103,3.6,128,28.3,21.4,66.39,956
2022,0,0,3.1,0,27,21.3,71.16,956
2022,0,0,3.1,0,26.4,21.4,74.03,957
2022,0,0,3,0,25.9,21.6,77.27,958
2022,0,0,3,0,25.3,21.9,81.44,958
2022,0,0,3.2,0,24.9,22.2,84.74,959
2022,0,0,3.3,0,24.5,22.3,87.72,959
2022,0,0,3.4,0,24.2,22.4,89.84,958
2022,0,0,3.4,0,23.9,22.5,91.81,958
2022,0,0,3.6,0,23.7,22.5,93.07,958
2022,0,0,3.6,0,23.5,22.5,94.36,958
2022,0,0,3.7,0,23.4,22.6,95.07,958
2022,0,0,3.8,0,23.3,22.6,95.81,958
2022,0,0,3.9,0,23.4,22.6,95.5,959
2022,3,40,4.4,41,24.3,22.8,91.36,960
2022,8,105,5.3,107,25.7,22.9,84.46,960
2022,1,180,5.9,181,27.2,22.7,76.51,961
2022,76,347,6.1,401,28.4,22.5,70.42,961
2022,249,426,6.1,628,29.4,22.3,65.63,960
2022,0,124,6.1,124,30.1,22.1,62.44,959
2022,872,113,6,841,30.5,22,60.52,958
2022,0,34,5.7,34,30.6,21.9,59.69,957
2022,779,106,5.4,584,30.5,21.7,59.32,956
2022,676,89,4.9,379,29.9,21.5,60.73,956
2022,449,60,4.1,155,28.7,21.4,64.57,956
2022,0,0,3.7,0,27.4,21.2,68.95,956
2022,0,0,3.7,0,26.7,21.3,72.12,957
2022,0,0,3.5,0,26,21.4,75.98,958
2022,0,0,3.4,0,25.3,21.6,80.21,958
2022,0,0,3.3,0,24.8,21.8,83.62,959
2022,0,0,3.2,0,24.4,21.9,86.08,958
2022,0,0,3.2,0,24.2,22,87.53,958
2022,0,0,3.2,0,24,22.1,89.02,958
2022,0,0,3.2,0,23.8,22.1,90.36,958
2022,0,0,3.2,0,23.7,22.1,91,958
2022,0,0,3.1,0,23.4,22.1,92.59,958
2022,0,0,3.1,0,23.2,22.1,93.5,958
2022,0,0,3.1,0,23.2,22.1,93.44,959
2022,14,58,3.8,60,24.4,22.2,87.7,960
2022,1,112,5,112,26.2,22.4,79.68,960
2022,1,169,5.5,169,28,22.4,71.57,960
2022,801,118,5.7,685,29.4,22.2,65.13,960
2022,831,130,5.8,803,30.4,21.9,60.5,959
2022,857,125,5.8,855,31,21.7,57.62,958
2022,859,120,5.9,834,31.4,21.4,55.59,957
2022,846,107,5.8,741,31.5,21.3,54.61,956
2022,809,91,5.6,586,31.2,21.1,54.9,956
2022,720,74,5.3,382,30.5,20.8,56.38,956
2022,517,49,4.5,157,29,20.7,61,956
2022,0,0,3.9,0,27.5,20.6,66.26,956
2022,0,0,3.7,0,26.7,20.8,69.9,956
2022,0,0,3.6,0,26,20.9,73.59,957
2022,0,0,3.6,0,25.3,21.1,77.69,957
2022,0,0,3.6,0,24.8,21.4,81.24,958
2022,0,0,3.8,0,24.3,21.5,84.65,958
2022,0,0,3.9,0,23.9,21.7,87.37,958
2022,0,0,4,0,23.6,21.7,89.29,957
2022,0,0,4,0,23.3,21.8,91.22,957
2022,0,0,4,0,23.1,21.8,92.56,956
2022,0,0,4,0,22.9,21.9,94.01,956
2022,0,0,4.1,0,22.8,21.9,94.82,957
2022,0,0,4.2,0,22.9,21.9,94.36,957
2022,288,42,5,79,24.1,22.1,88.63,958
2022,608,82,6.1,296,26.1,22.1,78.76,958
2022,749,100,6.7,513,27.9,21.9,69.85,958
2022,826,110,6.9,692,29.4,21.7,63.32,958
2022,866,114,6.8,813,30.5,21.4,58.52,957
2022,880,115,6.7,863,31.4,21.1,54.55,956
2022,874,114,6.5,838,31.9,20.9,52.25,956
2022,841,113,6.3,740,32,20.6,50.91,955
2022,795,100,5.9,584,31.7,20.2,50.67,954
2022,693,83,5.3,377,31,20,51.9,954
2022,467,56,4.2,152,29.4,19.9,56.78,955
2022,0,0,3.4,0,27.8,19.9,62.2,955
2022,0,0,3.3,0,27,20.1,65.85,956
2022,0,0,3.2,0,26.2,20.3,70.1,957
2022,0,0,3,0,25.5,20.6,74.39,958
2022,0,0,2.7,0,24.9,20.9,78.39,958
2022,0,0,2.6,0,24.4,21.1,81.95,958
2022,0,0,2.5,0,24,21.3,84.91,958
2022,0,0,2.4,0,23.7,21.5,87.27,958
2022,0,0,2.4,0,23.5,21.6,89.01,958
2022,0,0,2.7,0,23.4,21.7,90.23,958
2022,0,0,2.7,0,23.2,21.8,91.94,959
2022,0,0,2.5,0,22.9,21.9,94.08,959
2022,0,0,2.4,0,22.8,22,95.19,960
2022,243,45,3.4,75,24.3,22.2,88.17,961
2022,3,129,4.7,130,26.4,22.3,78.45,962
2022,760,94,5,510,28.2,22.2,70.12,962
2022,88,358,4.9,421,29.7,22,63.21,962
2022,265,420,4.7,633,30.7,21.8,59.15,962
2022,363,405,4.5,713,31.4,21.7,56.47,961
2022,105,398,4.2,485,31.9,21.5,54.16,960
2022,170,409,3.9,535,31.9,21.3,53.58,960
2022,45,287,3.5,315,31.6,21.1,53.96,959
2022,32,213,2.9,226,30.9,21.2,56.3,960
2022,1,59,1.4,59,29,21.8,65.3,960
2022,0,0,0.8,0,27.1,21.5,71.53,961
2022,0,0,0.7,0,26.8,21.5,72.97,962
2022,0,0,0.5,0,26.8,21.5,72.94,963
2022,0,0,0.3,0,26.7,21.6,73.63,963
2022,0,0,0.9,0,25.8,21.8,78.67,963
2022,0,0,2.3,0,24.6,22,85.28,963
2022,0,0,3.9,0,23.4,21.6,89.62,964
2022,0,0,4.6,0,21.8,20.3,91.28,964
2022,0,0,4.4,0,20.5,18.7,89.22,964
2022,0,0,4.2,0,19.7,17.4,86.74,964
2022,0,0,4,0,19.2,16.7,85.25,964
2022,0,0,3.9,0,18.9,16.1,83.74,965
2022,0,0,3.7,0,18.8,15.7,82,966
2022,0,13,3.8,13,19.3,15.5,78.47,967
2022,41,188,4.2,202,20.3,15.2,72.47,968
2022,13,234,4.4,241,21.3,14.7,65.92,968
2022,28,323,4.5,342,22.4,14.1,59.57,969
2022,41,385,4.4,417,23.1,13.9,56.18,968
2022,0,123,4.1,123,23.5,14,55.3,968
2022,161,386,3.8,519,23.7,14.3,55.57,967
2022,254,327,3.4,514,23.8,14.6,56.43,966
2022,18,213,3,224,23.9,15,57.51,965
2022,24,205,2.6,216,23.7,15.4,59.74,965
2022,161,100,1.4,132,22.6,16.2,67.05,965
2022,0,0,0.9,0,21.3,16.3,73.4,965
2022,0,0,0.9,0,20.9,16.4,75.35,966
2022,0,0,1,0,20.7,16.4,76.18,966
2022,0,0,1.1,0,20.7,16.4,76.24,967
2022,0,0,1.2,0,20.6,16.4,76.68,967
2022,0,0,1.2,0,20.5,16.4,77.49,967
2022,0,0,1.4,0,20.5,16.5,77.64,966
2022,0,0,1.5,0,20.4,16.5,78.31,966
2022,0,0,1.4,0,20.2,16.5,79.24,966
2022,0,0,1.3,0,20,16.4,79.88,965
2022,0,0,1.2,0,19.8,16.3,80.4,965
2022,0,0,1.2,0,19.5,16.2,81.37,965
2022,0,0,1.1,0,19.3,16.1,81.74,966
2022,194,46,2.2,70,20.7,16,74.28,966
2022,518,98,2.4,278,22.7,15.8,65.09,966
2022,676,124,2,491,24.8,16,57.95,966
2022,761,136,1.5,667,26.6,16.6,54.4,966
2022,801,145,1.6,786,28.1,17.4,52.14,965
2022,820,145,2.1,834,29,17.6,50.34,963
2022,817,141,2.5,811,29.5,17.6,48.88,962
2022,833,113,2.7,727,29.5,17.5,48.55,961
2022,782,100,2.7,569,29.2,17.4,48.95,960
2022,683,82,2.5,366,28.5,17.2,50.49,959
2022,455,53,1.3,144,26.6,18.1,59.65,959
2022,0,0,0.8,0,24.4,17.6,65.75,960
2022,0,0,0.8,0,23.6,17.4,68.17,960
2022,0,0,0.8,0,22.8,17.2,70.72,960
2022,0,0,0.9,0,22.2,17,72.59,961
2022,0,0,1,0,21.6,16.9,74.8,961
2022,0,0,1.1,0,21.1,16.9,77.02,961
2022,0,0,1.1,0,20.7,17,79.27,960
2022,0,0,1,0,20.2,17.1,82.51,960
2022,0,0,1,0,19.9,17.3,84.85,960
2022,0,0,1,0,19.6,17.4,87.24,960
2022,0,0,1,0,19.3,17.6,89.74,960
2022,0,0,1.1,0,19.1,17.7,91.89,960
2022,0,0,1.1,0,19.1,18,93.12,961
2022,292,39,2.2,75,21.4,18.4,83.1,962
2022,607,78,3.4,288,24.4,19,71.89,962
2022,743,99,4.1,501,26.7,19.3,63.84,962
2022,812,110,4.4,675,28.2,19.4,58.93,962
2022,829,127,4.6,788,29.2,19.4,55.63,961
2022,857,121,4.6,839,30,19.4,52.99,960
2022,858,115,4.6,816,30.6,19.3,50.82,959
2022,302,363,4.5,586,30.8,19.1,49.73,958
2022,795,92,4.3,567,30.6,18.9,49.69,957
2022,693,77,3.8,363,30,18.9,51.34,957
2022,467,50,2.4,142,28.2,19.2,58.09,957
2022,0,0,1.6,0,26.2,19.1,64.79,957
2022,0,0,1.7,0,25.7,19.1,66.78,958
2022,0,0,2,0,25.4,19.1,68.23,959
2022,0,0,2,0,24.8,19.3,71.36,959
2022,0,0,2,0,24.2,19.5,75.23,960
2022,0,0,2,0,23.7,19.9,79.26,960
2022,0,0,2.1,0,23.2,20.2,83.28,960
2022,0,0,2.1,0,22.7,20.4,87.09,960
2022,0,0,2,0,22.2,20.6,90.62,960
2022,0,0,2.1,0,21.9,20.7,92.78,959
2022,0,0,2.4,0,21.8,20.7,93.76,959
2022,0,0,2.6,0,21.7,20.8,94.64,960
2022,0,0,2.8,0,21.7,20.8,94.71,960
2022,297,38,3.6,74,23.2,21,87.28,961
2022,88,183,4.6,214,25.1,21.1,78.64,961
2022,0,93,5.2,93,26.7,21.1,71.57,962
2022,828,100,5.5,673,28.2,20.7,63.99,961
2022,193,424,5.5,577,29.4,20.5,58.84,961
2022,0,65,5.4,65,30.2,20.3,55.48,960
2022,0,68,5.3,68,30.7,20.1,53.14,958
2022,3,287,5.1,289,30.8,19.9,52.22,957
2022,761,105,4.8,557,30.5,19.7,52.58,957
2022,665,84,4.2,357,29.7,19.6,54.69,957
2022,431,53,2.8,137,27.9,19.8,61.36,957
2022,0,0,2,0,26.1,19.9,68.65,958
2022,0,0,1.8,0,25.3,20.1,72.77,959
2022,0,0,1.6,0,24.5,20.2,77.22,960
2022,0,0,1.4,0,23.8,20.4,81.44,961
2022,0,0,1,0,23.2,20.6,85.3,961
2022,0,0,0.3,0,22.8,20.7,88.18,962
2022,0,0,1.8,0,22.2,20.5,90.15,963
2022,0,0,3.9,0,20.6,19.5,93.39,964
2022,0,0,4.9,0,18.6,17.6,93.86,965
2022,0,0,4.8,0,17,15.6,91.75,965
2022,0,0,4.6,0,16.4,14.9,90.7,966
2022,0,0,4.8,0,16,14.5,90.82,966
2022,0,0,4.9,0,15.7,14.1,90.2,967
2022,0,6,5.2,6,15.6,13.8,88.92,969
2022,0,11,5.6,11,15.9,13.5,85.62,969
2022,0,96,5.7,96,16.4,13.2,81.2,970
2022,1,109,5.7,109,17.3,12.8,75.11,971
2022,1,145,5.8,146,18.5,12.3,67.23,970
2022,1,262,5.6,262,19.7,11.3,58.41,970
2022,0,90,5.1,90,20.3,10.4,53.07,969
2022,0,154,4.5,154,20.8,9.8,49.29,969
2022,1,195,4,195,21,9.2,46.92,968
2022,5,110,3.1,112,20.8,9.2,47.52,968
2022,0,25,2.1,25,19.6,9.7,52.94,968
2022,0,0,1.8,0,18.6,9.6,55.97,968
2022,0,0,1.8,0,18.1,9.5,57.11,968
2022,0,0,1.6,0,17.7,9.4,58.41,969
2022,0,0,1.7,0,17.4,9.2,58.44,969
2022,0,0,1.9,0,17.2,8.8,57.64,969
2022,0,0,2.2,0,17.1,8.4,56.5,969
2022,0,0,2.1,0,16.8,8.4,57.52,969
2022,0,0,1.8,0,16.4,8.5,59.58,968
2022,0,0,1.7,0,16,8.6,61.58,968
2022,0,0,1.6,0,15.6,8.6,63.06,968
2022,0,0,1.5,0,15,8.5,65.19,968
2022,0,0,1.4,0,14.6,8.4,66.49,968
2022,0,0,1.4,0,14.3,8.4,67.66,968
2022,344,37,2.4,77,16.3,8.5,60,969
2022,674,70,3.3,300,18.7,7.4,47.8,969
2022,814,88,3.9,524,21,6.5,38.86,969
2022,886,97,3.8,707,22.8,6.7,35.51,969
2022,923,102,3.6,830,24.1,7.2,33.94,968
2022,940,103,3.4,883,25,7.5,32.78,968
2022,936,101,3.1,857,25.4,7.6,32.09,967
2022,803,157,2.9,740,25.5,7.4,31.59,966
2022,869,85,2.7,597,25.1,7,31.56,965
2022,769,72,2.1,384,24,7.2,34,965
2022,545,48,0.9,151,20.8,9.5,48.27,965
2022,0,0,1,0,18.6,8.1,50.5,966
2022,0,0,0.9,0,18.1,7.6,50.44,966
2022,0,0,0.8,0,17.6,7,49.95,967
2022,0,0,0.7,0,17.1,6.6,50.02,967
2022,0,0,0.9,0,16.2,6.3,51.89,967
2022,0,0,1,0,15.3,6,53.91,967
2022,0,0,1,0,14.6,5.8,55.4,967
2022,0,0,1,0,14,5.6,56.79,967
2022,0,0,1,0,13.3,5.4,58.83,966
2022,0,0,1,0,12.8,5.3,60.44,966
2022,0,0,1.1,0,12.4,5.3,61.73,966
2022,0,0,1.1,0,12,5.2,63.09,967
2022,0,0,1.1,0,11.8,5.1,63.7,967
2022,406,34,1.8,82,14.5,6.1,57.12,968
2022,718,65,2,308,17.7,5.5,44.65,968
2022,842,81,2.1,530,21,4.2,33.17,969
2022,900,91,2.2,709,23.3,4.3,29.03,968
2022,931,97,2,829,24.7,5.2,28.38,968
2022,938,100,1.8,875,25.5,6,28.65,967
2022,931,99,1.7,849,26,6.5,28.91,966
2022,894,99,1.7,745,26.1,6.8,29.25,965
2022,841,90,1.6,583,25.7,6.9,30.05,964
2022,739,75,1.4,373,24.7,7.1,32.49,964
2022,504,49,0.7,144,22,9.8,45.77,964
2022,0,0,0.8,0,19.8,8.3,47.52,965
2022,0,0,0.7,0,18.9,8,49.22,965
2022,0,0,0.6,0,18.5,7.6,48.96,966
2022,0,0,0.9,0,17.3,7.5,52.52,967
2022,0,0,1,0,16,7.4,56.56,967
2022,0,0,1.1,0,15.1,7.3,59.5,967
2022,0,0,1.1,0,14.7,7.3,60.98,967
2022,0,0,1.1,0,14.4,7.3,62.28,966
2022,0,0,1.1,0,14.1,7.3,63.6,966
2022,0,0,1.1,0,14,7.2,63.73,966
2022,0,0,1.1,0,13.8,7.1,64.01,966
2022,0,0,1.1,0,13.5,7,64.82,967
2022,0,0,1.1,0,13.3,7,65.51,967
2022,347,36,1.7,76,16.3,8.2,58.63,968
2022,674,71,2.3,298,19.6,7.5,45.51,969
2022,804,89,2.1,516,22.6,6.7,35.77,969
2022,867,100,2.1,693,24.8,6.9,31.92,969
2022,903,104,2,811,26.3,7.5,30.29,968
2022,910,107,1.8,856,27.2,8,29.83,967
2022,899,106,1.7,828,27.6,8.5,30.08,966
2022,884,95,1.6,732,27.7,8.9,30.75,966
2022,826,88,1.4,569,27.4,9.2,31.84,965
2022,715,74,1.1,361,26.5,9.7,34.7,966
2022,479,48,0.7,137,23.9,12.5,48.75,966
2022,0,0,0.8,0,21.6,11,51.06,966
2022,0,0,0.8,0,20.8,10.8,52.62,967
2022,0,0,0.6,0,20.4,10.4,52.63,967
2022,0,0,0.8,0,19.4,10.4,55.93,968
2022,0,0,1,0,18.5,10.2,58.52,968
2022,0,0,1.1,0,18.3,10,58.27,968
2022,0,0,1.2,0,18.1,9.8,58.46,968
2022,0,0,1.3,0,17.8,9.7,59.09,967
2022,0,0,1.4,0,17.5,9.6,59.65,967
2022,0,0,1.4,0,17.2,9.3,59.92,967
2022,0,0,1.6,0,17,9.1,59.77,967
2022,0,0,1.7,0,16.7,8.9,60.12,967
2022,0,0,1.9,0,16.5,8.8,60.47,968
2022,2,49,2.8,49,18.5,9.2,54.83,969
2022,1,103,3.1,103,21.3,9.4,46.66,970
2022,790,87,3.1,505,24,9.9,40.85,970
2022,856,98,3,681,26.1,10.5,37.52,969
2022,900,98,2.7,800,27.5,11.2,36.3,968
2022,907,100,2.5,846,28.3,12,36.41,967
2022,899,100,2.3,820,28.7,12.6,37.09,966
2022,875,94,2,721,28.7,13.1,38.22,965
2022,818,86,1.6,561,28.3,13.3,39.8,965
2022,716,72,1.3,357,27.4,13.6,42.77,965
2022,488,45,0.6,135,25.2,15.6,55.12,965
2022,0,0,0.6,0,23.5,14.4,56.8,965
2022,0,0,0.4,0,22.6,14.3,59.4,966
2022,0,0,0.5,0,22.1,14,59.99,966
2022,0,0,0.7,0,21.3,13.8,62.32,966
2022,0,0,0.9,0,20.5,13.7,64.86,966
2022,0,0,0.9,0,20,13.5,66.21,966
2022,0,0,0.9,0,19.8,13.4,66.39,965
2022,0,0,0.9,0,19.8,13.3,65.98,965
2022,0,0,0.8,0,19.9,13.2,65.29,964
2022,0,0,0.6,0,20,13.1,64.29,964
2022,0,0,0.4,0,19.9,12.9,64.11,964
2022,0,0,0.4,0,19.6,12.9,65.06,964
2022,0,0,0.5,0,19.1,12.9,67.18,965
2022,0,33,0.5,33,20.7,14,65.59,965
2022,40,175,1,189,23.9,13.9,53.52,965
2022,784,84,2.1,497,26.5,14.4,47.26,965
2022,840,97,2.8,667,28.1,15,44.74,965
2022,871,103,3.4,781,29.4,15.4,42.77,964
2022,879,107,3.8,827,30.2,15.7,41.52,962
2022,872,107,4.1,802,30.7,15.8,40.59,961
2022,855,97,4.2,709,30.9,15.7,40,960
2022,806,86,4.1,553,30.6,15.6,40.37,959
2022,707,71,3.6,351,29.7,15.6,42.5,959
2022,483,45,2.1,132,27.2,16,50.35,959
2022,0,0,1.5,0,24.8,15.6,56.72,960
2022,0,0,1.4,0,24,15.6,59.35,960
2022,0,0,1.2,0,23.1,15.7,62.95,961
2022,0,0,1,0,22.4,15.8,66.13,962
2022,0,0,1,0,21.9,15.8,68.49,962
2022,0,0,1,0,21.4,16,71.19,963
2022,0,0,1,0,20.9,16.2,74.31,963
2022,0,0,1,0,20.6,16.4,76.7,963
2022,0,0,1,0,20.1,16.5,79.65,962
2022,0,0,1,0,19.8,16.6,81.75,962
2022,0,0,0.9,0,19.4,16.7,84.37,962
2022,0,0,0.9,0,19.1,16.8,86.5,963
2022,0,0,0.9,0,19,16.9,87.63,963
2022,285,35,1.7,67,21.3,17.3,78.15,964
2022,602,74,2.8,273,24.2,18.3,69.65,965
2022,737,94,3.6,481,26.7,18.8,62.1,965
2022,804,107,3.9,651,28.3,19,57.16,965
2022,331,379,4.2,636,29.3,19,53.88,964
2022,840,122,4.2,807,29.9,19,52.16,963
2022,34,370,4.1,397,30.1,19,51.57,962
2022,126,387,3.9,477,30.1,19,51.46,961
2022,65,302,3.6,340,29.7,18.9,52.49,961
2022,16,187,3,193,28.9,19.1,55.36,961
2022,384,52,1.4,121,26.8,19.8,65.42,961
2022,0,0,0.9,0,24.8,19.7,73.36,962
2022,0,0,0.8,0,24.2,19.8,76.55,962
2022,0,0,0.8,0,23.7,19.9,79.33,963
2022,0,0,0.8,0,23.2,20,82.02,964
2022,0,0,0.8,0,22.7,20,84.75,964
2022,0,0,0.8,0,22.3,20,87.01,964
2022,0,0,0.7,0,21.9,20.1,89.4,964
2022,0,0,0.7,0,21.8,20.1,90.11,963
2022,0,0,0.5,0,21.6,20.1,91.41,963
2022,0,0,0.8,0,21.5,20.1,92,963
2022,0,0,1.3,0,21.1,20.1,94.1,963
2022,0,0,1.9,0,20.4,19.8,96.58,964
2022,0,0,2.2,0,19.9,19.4,97.02,965
2022,0,13,2.7,13,20,19.3,95.72,965
2022,3,125,2.9,126,20.6,19.3,92.36,966
2022,662,119,2.8,464,22,19.2,84.08,966
2022,276,343,2.5,529,24,18.9,73.22,966
2022,781,144,1.9,748,26.1,18.8,64.3,965
2022,792,149,1.5,793,27.6,18.9,59.26,964
2022,108,419,1.5,505,28.3,18.9,56.91,962
2022,79,310,1.4,365,28.5,18.9,56.24,961
2022,173,266,1.3,365,28.2,18.9,57.12,961
2022,199,172,1.1,250,27.4,19,60.05,961
2022,47,85,0.6,93,26,19.8,68.74,961
2022,0,0,0.6,0,24.5,19.6,74.11,962
2022,0,0,0.8,0,23.9,19.3,75.32,963
2022,0,0,1,0,23.4,19,76.32,963
2022,0,0,1.2,0,23.1,18.8,76.55,964
2022,0,0,1.3,0,22.7,18.5,77.21,964
2022,0,0,1.4,0,22.3,18.3,77.95,964
2022,0,0,1.6,0,22,18,78.2,964
2022,0,0,1.8,0,21.7,17.8,78.48,964
2022,0,0,2.1,0,21.3,17.5,79.06,964
2022,0,0,2.3,0,21,17.3,79.22,964
2022,0,0,2.4,0,20.6,17,79.73,965
2022,0,0,2.4,0,20.2,16.5,79.46,965
2022,0,0,2.6,0,19.8,16,78.95,966
2022,0,20,3.1,20,19.8,15.6,76.88,967
2022,0,26,3.7,26,20.2,15.5,74.44,967
2022,14,178,4,185,21,15.8,71.98,968
2022,37,322,4.3,348,21.9,15.9,68.6,968
2022,1,260,4.4,261,22.8,15.8,64.55,967
2022,17,368,4.4,382,23.4,15.6,61.39,967
2022,124,362,4.1,459,23.4,15.5,61.03,966
2022,168,324,3.7,443,23.1,15.4,62.09,965
2022,14,187,3.2,195,22.6,15.5,64.37,965
2022,0,36,2.5,36,22.1,15.7,67.15,964
2022,0,30,1.5,30,21.2,16,72.39,964
2022,0,0,0.9,0,20.5,16.2,76.57,965
2022,0,0,0.8,0,20.1,16.3,78.7,965
2022,0,0,0.8,0,19.8,16.2,79.73,966
2022,0,0,0.9,0,19.6,16,79.65,966
2022,0,0,1,0,19.3,15.7,79.71,966
2022,0,0,1,0,19.1,15.4,79.07,966
2022,0,0,1.1,0,18.9,15.1,78.37,965
2022,0,0,1,0,18.9,14.8,77.13,965
2022,0,0,1,0,18.8,14.6,76.62,964
2022,0,0,0.9,0,18.7,14.5,76.41,964
2022,0,0,0.9,0,18.6,14.4,76.37,964
2022,0,0,0.9,0,18.3,14.2,77.18,965
2022,0,0,0.9,0,18.1,14.1,77.7,966
2022,208,38,1.6,60,19.7,14.3,70.84,966
2022,544,84,1.8,262,21.9,14.7,63.82,967
2022,696,108,2.1,469,24.2,15.2,57.15,967
2022,775,122,2.2,640,26,15.4,52.15,966
2022,838,117,2.2,761,27.3,15.7,49.07,965
2022,849,122,2,808,28,15.9,47.75,964
2022,840,122,1.9,783,28.3,16.1,47.56,963
2022,803,119,1.8,685,28.3,16.2,47.88,961
2022,744,107,1.7,530,28,16.3,48.91,961
2022,629,88,1.5,331,27.3,16.3,50.95,960
2022,379,53,0.7,119,25.5,17.4,61.01,960
2022,0,0,0.6,0,24.1,16.9,63.94,961
2022,0,0,0.6,0,23.7,16.7,64.84,961
2022,0,0,0.6,0,22.8,16.7,68.37,962
2022,0,0,0.8,0,22,16.7,71.7,962
2022,0,0,0.8,0,21.3,16.6,74.67,962
2022,0,0,0.9,0,20.9,16.6,76.45,962
2022,0,0,1,0,20.6,16.7,78.44,962
2022,0,0,1.1,0,20.3,17,81.11,961
2022,0,0,1.2,0,19.9,17.3,84.88,961
2022,0,0,1.2,0,19.4,17.6,89.42,961
2022,0,0,1.1,0,19,17.9,93.34,961
2022,0,0,1.2,0,18.7,18.1,96.44,961
2022,0,0,1.3,0,18.6,18.3,98.18,961
2022,253,35,2.3,61,20.6,18.6,88.41,962
2022,590,74,3.5,266,23.7,18.9,74.28,962
2022,729,95,4.3,472,26.2,18.7,63.46,962
2022,798,109,4.7,640,27.9,18.5,56.61,961
2022,831,117,5,753,29.2,18.3,51.82,960
2022,843,121,5.1,799,30,18.1,49.05,959
2022,835,120,5.2,774,30.5,18.1,47.4,958
2022,807,113,5.2,680,30.6,17.9,46.81,957
2022,751,101,5.1,526,30.3,17.8,47.27,957
2022,638,82,4.6,329,29.4,17.8,49.56,957
2022,384,51,3.5,117,27.7,17.9,55.04,957
2022,0,0,2.7,0,26,18,61.54,958
2022,0,0,2.3,0,25.1,18.3,65.91,959
2022,0,0,1.8,0,24.2,18.5,70.63,960
2022,0,0,1.6,0,23.5,18.8,74.81,961
2022,0,0,1.6,0,23,19,78.4,961
2022,0,0,1.5,0,22.5,19.3,82.21,962
2022,0,0,1.6,0,22.1,19.5,85.41,961
2022,0,0,1.6,0,21.8,19.7,88.08,961
2022,0,0,1.6,0,21.5,19.9,90.52,961
2022,0,0,1.6,0,21.2,20,92.84,961
2022,0,0,1.5,0,20.9,20.1,95.08,961
2022,0,0,1.5,0,20.7,20.2,96.72,961
2022,0,0,1.5,0,20.6,20.3,97.89,962
2022,0,24,2.5,24,22.4,20.5,89.07,963
2022,0,31,3.8,31,25,20.8,77.64,963
2022,0,83,4.2,83,27,20.5,67.48,963
2022,2,252,4.3,254,28.5,20.1,60.36,962
2022,21,345,4.3,360,29.4,19.8,56.48,961
2022,3,316,4.3,319,30.1,19.7,53.66,960
2022,0,129,4.3,129,30.5,19.5,51.81,959
2022,662,178,4.2,641,30.4,19.3,51.45,958
2022,78,256,3.9,300,30.1,19.2,52,957
2022,546,102,3.4,312,29.6,19.2,53.59,957
2022,309,56,1.9,109,27.7,19.5,61.09,958
2022,0,0,1.1,0,25.9,19.4,67.48,958
2022,0,0,1,0,25.2,19.4,70.44,959
2022,0,0,0.9,0,24.7,19.5,72.64,960
2022,0,0,0.8,0,24.1,19.5,75.53,961
2022,0,0,0.8,0,23.7,19.6,77.9,962
2022,0,0,0.4,0,23.2,19.7,80.94,962
2022,0,0,0.7,0,23.1,19.8,81.64,962
2022,0,0,1.4,0,22.4,19.7,84.88,962
2022,0,0,2.8,0,21.6,19.2,85.99,962
2022,0,0,3.5,0,20.7,18.2,85.75,963
2022,0,0,3.7,0,20,17.1,83.34,963
2022,0,0,3.6,0,19.4,16.2,81.88,964
2022,0,0,3.4,0,19.1,15.8,80.94,965
2022,0,13,3.8,13,19.5,15.4,77.37,966
2022,14,153,4.3,157,20.5,15,70.75,966
2022,0,20,4.5,20,21.7,14.8,65.01,967
2022,0,61,4.4,61,22.9,14.8,60.44,967
2022,61,374,4.4,421,23.9,14.9,57.23,966
2022,828,125,4.3,787,24.6,15,55.14,965
2022,0,195,4.3,195,24.9,15,54.24,965
2022,1,253,4.3,254,24.8,14.9,54.23,964
2022,0,91,4.4,91,24.3,14.7,55.23,964
2022,0,66,4.4,66,23.5,14.5,57.09,964
2022,0,11,4.1,11,22.3,14.3,60.62,965
2022,0,0,3.7,0,21.2,14.3,64.58,966
2022,0,0,3.7,0,20.6,14.2,66.7,967
2022,0,0,3.7,0,20.1,14.1,68.36,968
2022,0,0,3.6,0,19.7,14,69.57,968
2022,0,0,3.4,0,19.4,13.9,70.47,969
2022,0,0,3.4,0,19,13.8,71.64,969
2022,0,0,3.3,0,18.7,13.6,72.13,969
2022,0,0,3.6,0,18.4,13.2,71.81,969
2022,0,0,3.8,0,18.2,12.6,70.05,968
2022,0,0,4.1,0,17.9,12,68.51,968
2022,0,0,4.2,0,17.6,11.4,67.09,969
2022,0,0,4.3,0,17.4,10.9,65.47,969
2022,0,0,4.3,0,17.2,10.5,64.62,970
2022,0,18,4.6,18,17.4,10.2,62.55,971
2022,0,49,5.2,49,18.3,9.7,57.34,972
2022,0,124,5.5,124,19.4,9.4,52.33,973
2022,21,299,5.5,313,20.6,9.1,47.72,973
2022,845,113,5.4,754,21.8,9.1,44.18,972
2022,377,379,5.4,680,22.7,9.1,41.94,971
2022,845,116,5.4,772,23.4,9.2,40.38,970
2022,96,371,5.2,437,23.8,9.2,39.44,969
2022,69,300,4.8,339,23.5,9.1,39.9,968
2022,1,121,4.4,121,22.7,9,41.76,969
2022,0,35,3.9,35,21.4,9,45.15,969
2022,0,0,3.9,0,20.3,9.1,48.42,970
2022,0,0,4,0,19.7,9.1,50.26,971
2022,0,0,4,0,19.1,9,52.1,972
2022,0,0,3.9,0,18.4,8.9,54.09,973
2022,0,0,3.6,0,17.8,8.8,55.47,973
2022,0,0,3.3,0,17.2,8.6,56.88,973
2022,0,0,2.9,0,16.6,8.4,58.41,973
2022,0,0,2.8,0,16.1,8.2,59.53,972
2022,0,0,2.8,0,15.6,8.1,60.82,971
2022,0,0,2.8,0,14.9,7.9,63.05,971
2022,0,0,2.9,0,14.3,7.8,65.03,971
2022,0,0,2.9,0,13.8,7.7,66.76,971
2022,0,0,3.1,0,13.3,7.7,68.77,972
2022,0,24,4.1,24,14.3,7.7,64.62,973
2022,0,85,5.4,85,16.2,7.5,56.31,973
2022,3,194,5.7,195,18,7.3,49.56,974
2022,179,365,5.6,483,19.5,7.3,45.21,974
2022,864,113,5.5,767,20.7,7.4,42.12,974
2022,137,440,5.3,550,21.6,7.3,39.8,973
2022,89,391,5.1,460,22.3,7.2,37.82,972
2022,3,279,4.9,280,22.4,7,36.94,971
2022,1,191,4.6,192,22.1,6.7,36.88,971
2022,1,122,4.2,123,21.3,6.4,37.87,971
2022,0,27,2.9,27,19.4,6.3,42.45,971
2022,0,0,2.2,0,17.4,6.4,48.42,972
2022,0,0,2.4,0,16.6,6.2,50.36,973
2022,0,0,2.5,0,15.9,6.1,52.04,974
2022,0,0,2.4,0,15.2,5.9,53.91,974
2022,0,0,2.2,0,14.4,5.9,56.49,974
2022,0,0,2.1,0,13.8,5.8,58.38,973
2022,0,0,2.2,0,13.3,5.7,60.05,973
2022,0,0,2.2,0,12.8,5.6,61.71,973
2022,0,0,2.3,0,12.3,5.5,63.27,972
2022,0,0,2.4,0,11.9,5.4,64.45,972
2022,0,0,2.4,0,11.4,5.3,66.05,972
2022,0,0,2.4,0,11,5.2,67.26,973
2022,0,0,2.5,0,10.6,5,68.34,973
2022,330,32,3.4,64,12.3,4.9,60.74,974
2022,688,65,4.9,282,15,3.6,46.46,975
2022,829,81,5.4,501,17.4,3.2,38.66,975
2022,900,91,5.5,681,19.6,3.4,34.34,974
2022,942,91,5.5,801,21.3,3,29.98,973
2022,954,93,5.2,850,22.7,2.3,26.2,972
2022,949,91,5,824,23.5,1.8,23.99,971
2022,912,93,4.7,724,23.8,1.2,22.71,970
2022,862,83,4.3,563,23.4,0.7,22.34,969
2022,768,68,3.6,358,22.3,0.4,23.4,969
2022,528,43,1.7,130,18.6,2,32.98,969
2022,0,0,1.3,0,15.5,2,40.01,969
2022,0,0,1.3,0,14.3,1.8,42.73,970
2022,0,0,1.3,0,13.3,1.2,43.59,970
2022,0,0,1.2,0,12.3,0.7,45.05,970
2022,0,0,1.1,0,11.4,0.4,46.78,970
2022,0,0,1,0,10.8,0.2,47.88,970
2022,0,0,1.1,0,10.3,0,49.01,970
2022,0,0,1.2,0,9.9,0,50.1,969
2022,0,0,1.2,0,9.5,0,51.42,968
2022,0,0,1.2,0,9.2,0,52.52,968
2022,0,0,1.2,0,8.8,0,53.94,967
2022,0,0,1.2,0,8.4,-0.1,55.08,968
2022,0,0,1.2,0,8.1,-0.2,55.64,968
2022,3,44,1.9,45,10.8,0.1,47.63,969
2022,56,176,2.2,193,13.9,-1,35.93,970
2022,502,176,2.3,429,17.1,-2,27.11,970
2022,535,209,2.2,559,19.5,-1.7,23.93,969
2022,546,240,2,650,21.2,-0.9,22.77,968
2022,462,313,2,679,22.4,-0.2,22.25,967
2022,473,286,2,650,23.1,0.3,22.06,966
2022,428,266,2.1,562,23.2,0.4,22.2,965
2022,297,234,2,399,22.8,0.3,22.6,965
2022,161,171,1.7,232,21.7,0.6,24.67,965
2022,21,77,0.8,81,18.4,3.6,37.51,965
2022,0,0,0.8,0,16.5,2.3,38.55,966
2022,0,0,0.8,0,15.9,1.9,38.85,967
2022,0,0,0.5,0,15.5,1.5,38.66,967
2022,0,0,0.5,0,14.6,1.4,40.62,968
2022,0,0,0.8,0,13.5,1.4,43.75,968
2022,0,0,1,0,12.7,1.4,46.19,968
2022,0,0,1,0,12.4,1.5,47.19,967
2022,0,0,1,0,12.4,1.4,46.92,966
2022,0,0,0.9,0,12.5,1.2,46.13,966
2022,0,0,0.7,0,12.5,1,45.47,966
2022,0,0,0.7,0,12.4,0.9,45.25,966
2022,0,0,0.9,0,11.6,0.8,47.47,966
2022,0,0,1,0,11,0.8,49.34,966
2022,303,31,0.9,60,12.7,2.3,49.13,967
2022,656,67,1.8,272,16.1,0.9,35.63,967
2022,795,86,2.8,485,19.5,0.1,27.13,968
2022,864,97,3.3,660,22.3,0.2,23.09,967
2022,877,112,3.5,770,24.2,1.1,21.96,966
2022,397,391,3.5,704,25.5,2.2,21.92,965
2022,884,114,3.6,792,26.2,3,22.37,964
2022,843,112,3.5,692,26.4,3.7,23.14,963
2022,784,101,3.4,535,25.9,4.2,24.68,963
2022,670,82,2.7,332,24.7,5.2,28.44,963
2022,414,48,1.3,116,20.8,7.2,41.49,963
2022,0,0,1.2,0,18.3,6.7,46.56,964
2022,0,0,1.2,0,17.4,6.6,49.16,964
2022,0,0,1.1,0,16.6,6.7,52.15,965
2022,0,0,1.1,0,16,7,54.99,965
2022,0,0,1,0,15.4,7.2,58.15,965
2022,0,0,1,0,14.9,7.4,60.65,965
2022,0,0,1,0,14.4,7.5,63.09,965
2022,0,0,1,0,14,7.5,65.08,964
2022,0,0,1.1,0,13.7,7.6,66.81,964
2022,0,0,1.1,0,13.4,7.8,68.69,964
2022,0,0,1.1,0,13.2,7.9,70.37,964
2022,0,0,1.1,0,13,8.1,72.39,964
2022,0,0,1.1,0,12.9,8.4,74.28,965
2022,288,30,2,57,15.7,9,64.48,966
2022,66,166,2.8,186,19,9.5,54.23,967
2022,762,85,3.8,466,22.5,9.8,44.36,967
2022,828,96,4.5,634,25.2,10.2,38.96,967
2022,851,109,4.6,745,26.8,11.1,37.48,966
2022,865,110,4.6,790,27.9,11.8,36.79,965
2022,860,108,4.5,766,28.7,12.4,36.53,964
2022,807,114,4.2,667,28.9,12.9,37.3,963
2022,752,101,3.8,516,28.7,13.2,38.62,963
2022,639,82,3.1,320,27.8,13.6,41.82,963
2022,383,48,1.3,110,24.5,14.5,53.74,963
2022,0,0,1,0,22.1,14,60.21,964
2022,0,0,1,0,21.3,14,62.94,965
2022,0,0,0.9,0,20.7,13.9,65.16,966
2022,0,0,0.9,0,20.1,13.9,67.58,966
2022,0,0,1,0,19.6,13.9,69.81,966
2022,0,0,1,0,19.1,14,72.12,966
2022,0,0,1,0,18.6,14,74.5,966
2022,0,0,1,0,18.2,14,76.45,966
2022,0,0,0.9,0,18,14,77.41,966
2022,0,0,0.8,0,17.9,14,77.72,966
2022,0,0,0.8,0,17.9,13.9,77.41,966
2022,0,0,0.7,0,17.9,13.8,77.06,967
2022,0,0,0.6,0,17.7,13.8,77.71,967
2022,0,20,0.7,20,19.2,14.2,72.66,968
2022,0,39,1,39,22.4,14.6,61.29,968
2022,8,202,1.9,206,25.2,15.3,54.21,968
2022,52,315,2.2,349,26.9,15.6,50.09,967
2022,176,427,2.5,558,27.9,15.8,47.84,966
2022,11,349,2.7,358,28.6,15.9,46.23,965
2022,472,288,2.8,648,28.9,15.9,45.47,964
2022,210,308,2.8,451,28.8,15.9,45.7,963
2022,65,292,2.8,327,28.3,16,47.12,962
2022,0,78,2.5,78,27.5,16.1,49.87,962
2022,2,42,1.2,42,25.2,16.8,59.81,962
2022,0,0,0.9,0,23.1,16.6,66.9,963
2022,0,0,0.8,0,22.4,16.6,69.79,963
2022,0,0,0.8,0,21.8,16.7,72.6,964
2022,0,0,0.8,0,21.1,16.7,76.01,964
2022,0,0,0.9,0,20.6,16.8,78.9,964
2022,0,0,0.9,0,20.3,17,81.13,964
2022,0,0,0.9,0,19.9,17.1,84.01,964
2022,0,0,1,0,19.6,17.3,86.43,963
2022,0,0,1.1,0,19.3,17.5,89.28,963
2022,0,0,1.2,0,19.1,17.7,91.84,962
2022,0,0,1.3,0,18.8,18,95.24,962
2022,0,0,1.4,0,18.7,18.3,97.44,962
2022,0,0,1.5,0,18.6,18.5,99.67,963
2022,189,33,2.7,49,20.5,18.9,90.43,963
2022,530,81,3.8,244,23,19.3,79.7,963
2022,695,102,4.6,447,25.3,19.4,69.71,963
2022,784,111,4.8,617,27.2,19.2,61.51,963
2022,843,108,5,734,28.7,18.8,55.19,962
2022,861,107,5.1,781,29.8,18.6,51.07,961
2022,862,103,5.2,760,30.4,18.5,49.06,960
2022,840,96,5.2,669,30.5,18.4,48.45,959
2022,795,83,5.1,518,30.2,18.3,48.99,958
2022,690,68,4.7,324,29.3,18.2,51.38,958
2022,434,43,3.5,112,27.5,18.3,57.34,958
2022,0,0,2.8,0,25.7,18.5,64.33,959
2022,0,0,2.7,0,24.9,18.6,68.09,960
2022,0,0,2.6,0,24.2,18.7,71.51,960
2022,0,0,2.5,0,23.6,18.8,74.69,961
2022,0,0,2.4,0,23,18.9,77.89,961
2022,0,0,2.4,0,22.5,19,80.7,961
2022,0,0,2.2,0,21.9,19.1,84.13,961
2022,0,0,2.2,0,21.4,19.2,87.22,961
2022,0,0,2.6,0,21.3,19.3,88.17,960
2022,0,0,2.5,0,21,19.3,90.1,960
2022,0,0,2.4,0,20.5,19.3,93.03,960
2022,0,0,2.5,0,20.3,19.4,94.37,960
2022,0,0,2.5,0,20.1,19.4,95.9,961
2022,236,30,3.4,51,21.6,19.5,88.09,961
2022,599,67,4.8,249,24,19.7,77.07,962
2022,752,83,5.6,454,26.2,19.6,67.23,962
2022,70,324,5.9,369,28,19.4,59.45,961
2022,830,114,6,729,29.3,19.1,54.39,960
2022,849,113,6,775,30.2,19,51.12,959
2022,0,234,5.9,235,30.8,18.8,48.95,958
2022,0,200,5.8,200,31,18.7,47.91,958
2022,789,83,5.5,514,30.8,18.5,47.87,957
2022,677,70,5,319,29.9,18.4,50.01,957
2022,416,44,4,110,28.3,18.4,54.93,958
2022,0,0,3.4,0,26.8,18.5,60.29,959
2022,0,0,3.3,0,26.1,18.5,63.02,959
2022,0,0,3.1,0,25.5,18.6,65.54,960
2022,0,0,2.9,0,25,18.6,67.74,961
2022,0,0,2.7,0,24.4,18.7,70.5,962
2022,0,0,2.6,0,23.8,18.7,73.32,962
2022,0,0,2.3,0,23.1,18.8,76.77,962
2022,0,0,2.2,0,22.8,18.8,78.41,962
2022,0,0,2.2,0,22.5,18.9,80.06,961
2022,0,0,2.5,0,22.4,19,81.01,961
2022,0,0,2.7,0,22.3,19.1,82.05,961
2022,0,0,2.7,0,22.1,19.2,83.69,962
2022,0,0,2.4,0,21.8,19.3,85.86,963
2022,208,30,2.9,48,22.8,19.5,81.66,964
2022,563,72,4,242,24.8,19.8,73.59,964
2022,190,222,4.9,316,27,19.8,64.82,964
2022,110,343,5.1,413,28.7,19.6,57.81,964
2022,200,332,5.1,480,29.8,19.1,52.66,963
2022,146,418,5,532,30.5,18.6,49.14,962
2022,828,114,4.8,742,31,18.3,46.84,961
2022,793,111,4.6,649,31.2,18.1,45.54,960
2022,723,104,4.4,498,30.9,17.8,45.68,960
2022,595,86,3.8,304,30,17.7,47.84,960
2022,21,71,2.5,74,28.1,17.9,53.92,960
2022,0,0,2.1,0,26.7,17.9,58.54,961
2022,0,0,2.1,0,26.2,17.9,60.21,961
2022,0,0,2.1,0,25.6,17.9,62.49,962
2022,0,0,2.1,0,25,18,65.25,963
2022,0,0,2,0,24.5,18.2,68.08,964
2022,0,0,1.8,0,24,18.5,71.15,964
2022,0,0,1.7,0,23.5,18.6,73.83,964
2022,0,0,1.5,0,23.1,18.6,75.96,964
2022,0,0,1.4,0,22.7,18.7,78.07,964
2022,0,0,1.3,0,22.5,18.7,79.19,963
2022,0,0,1.3,0,22.2,18.8,80.94,963
2022,0,0,1.3,0,22,18.9,82.36,964
2022,0,0,1.2,0,21.8,18.9,83.69,965
2022,0,26,1.8,26,22.5,19,80.43,965
2022,9,135,2.3,137,23.6,19,75.49,966
2022,1,161,2.9,161,24.9,18.7,68.68,967
2022,0,90,3.2,91,26.2,18,60.83,966
2022,72,297,3.5,349,27.2,17.4,55.06,966
2022,825,118,3.7,759,27.8,17,51.98,965
2022,147,324,3.6,436,28.1,16.8,50.42,964
2022,446,242,3.4,543,28.1,16.6,49.82,963
2022,739,96,3.1,498,27.7,16.5,50.57,963
2022,629,77,2.5,308,27.1,16.6,52.79,963
2022,21,68,1.2,71,25.2,17.3,61.45,963
2022,0,0,0.9,0,23.6,17,66.44,963
2022,0,0,0.8,0,22.9,16.9,68.84,963
2022,0,0,0.8,0,22.3,16.8,70.96,964
2022,0,0,0.8,0,21.8,16.7,72.71,964
2022,0,0,0.8,0,21.6,16.7,73.72,964
2022,0,0,0.7,0,21.4,16.8,74.9,964
2022,0,0,0.8,0,21,16.8,76.81,964
2022,0,0,0.8,0,20.6,16.8,78.94,964
2022,0,0,0.8,0,20.2,16.9,81.18,964
2022,0,0,0.8,0,20,16.9,82.46,963
2022,0,0,0.8,0,19.8,17,83.79,963
2022,0,0,0.7,0,19.6,17,85.13,964
2022,0,0,0.7,0,19.5,17.1,85.83,964
2022,234,28,1,47,21.3,17.6,79.65,965
2022,581,67,1.9,241,23.9,18.3,70.8,965
2022,722,89,3.3,442,26.8,18.6,60.87,965
2022,799,100,4,609,28.8,18.4,53.53,965
2022,848,100,4.4,723,30.2,18,47.95,964
2022,861,102,4.6,769,31,17.4,44.28,962
2022,854,102,4.7,747,31.5,17,41.97,961
2022,819,101,4.7,654,31.6,16.7,40.75,959
2022,764,91,4.6,505,31.3,16.3,40.6,958
2022,651,74,4.1,312,30.4,16.2,42.4,958
2022,396,44,2.7,106,28.1,16.4,49.17,958
2022,0,0,2.2,0,26.1,16.5,55.62,959
2022,0,0,2.3,0,25.6,16.6,57.64,960
2022,0,0,2.2,0,25,16.7,60.13,960
2022,0,0,2.1,0,24.5,16.9,62.5,961
2022,0,0,1.9,0,23.8,17,65.86,961
2022,0,0,1.7,0,23.2,17.2,69.1,961
2022,0,0,1.7,0,22.7,17.4,72.13,961
2022,0,0,1.6,0,22.2,17.6,75.34,961
2022,0,0,1.5,0,21.7,17.8,78.56,960
2022,0,0,1.6,0,21.3,18,81.45,960
2022,0,0,1.7,0,21,18.2,83.91,960
2022,0,0,1.8,0,20.7,18.4,86.44,960
2022,0,0,2,0,20.5,18.6,88.65,961
2022,207,29,3,46,22,18.8,82.27,961
2022,550,72,4.7,236,24.4,19.4,73.67,962
2022,0,110,5.4,110,26.6,19.5,65.03,962
2022,319,302,5.7,505,28.4,19.2,57.51,962
2022,816,114,5.8,712,29.7,18.7,51.75,960
2022,841,111,5.8,761,30.6,18.2,47.6,959
2022,1,259,5.8,260,31.2,17.7,44.67,958
2022,778,118,5.7,642,31.4,17.3,42.87,956
2022,729,102,5.6,496,31.1,16.9,42.57,956
2022,616,82,5.2,306,30.3,16.5,43.5,955
2022,364,47,4.2,104,28.5,16.3,47.59,955
2022,0,0,3.9,0,26.9,16.2,52.06,956
2022,0,0,3.9,0,26.3,16.3,54.09,956
2022,0,0,3.9,0,25.8,16.5,56.51,957
2022,0,0,3.9,0,25.2,16.8,59.86,957
2022,0,0,3.7,0,24.6,17.2,63.63,957
2022,0,0,3.5,0,24.1,17.6,67,958
2022,0,0,3,0,23.5,17.8,70.42,957
2022,0,0,2.9,0,23.1,18,73,957
2022,0,0,2.8,0,22.7,18.2,75.61,957
2022,0,0,2.8,0,22.3,18.3,78.27,957
2022,0,0,2.8,0,22,18.5,80.49,957
2022,0,0,2.8,0,21.8,18.7,82.35,958
2022,0,0,2.7,0,21.6,18.8,84.21,958
2022,187,29,3.3,44,22.9,19.1,79.26,959
2022,539,74,4.6,234,25,19.5,71.69,960
2022,698,95,5.4,434,27.2,19.7,63.48,960
2022,777,107,5.7,599,29,19.3,55.79,960
2022,773,136,5.8,701,30.4,18.8,50.06,959
2022,803,130,5.8,750,31.4,18.6,46.63,958
2022,1,266,5.8,267,32,18.5,44.73,957
2022,0,153,5.6,153,32,18.3,44.19,956
2022,715,104,5.3,490,31.6,18.1,44.59,955
2022,16,170,4.7,175,30.7,17.9,46.41,955
2022,1,55,3.3,55,28.7,17.9,51.99,955
2022,0,0,2.4,0,27,17.9,57.38,956
2022,0,0,2,0,26.1,17.8,60.33,957
2022,0,0,1.7,0,25.3,17.8,63.23,958
2022,0,0,1.3,0,24.4,17.9,67.24,959
2022,0,0,0.8,0,23.7,18.1,70.85,960
2022,0,0,0.4,0,23,18.5,75.97,960
2022,0,0,0.6,0,22.8,18.7,77.92,960
2022,0,0,1.2,0,22.1,19.1,83.05,960
2022,0,0,1.9,0,21.2,18.9,86.69,961
2022,0,0,2.8,0,20.1,18.6,91.14,961
2022,0,0,3.2,0,19.1,18,93.08,961
2022,0,0,3.2,0,18.2,17.2,94.17,962
2022,0,0,2.9,0,17.6,16.7,94.56,963
2022,0,13,2.9,13,17.8,16.6,92.52,964
2022,0,9,3.3,9,18.6,16.4,86.82,964
2022,0,31,3.4,31,19.8,15.9,78.32,965
2022,0,45,3.2,45,21.9,15.6,67.52,964
2022,0,111,2.8,111,23.9,15.5,59.43,963
2022,0,187,2.2,187,25.4,15.8,55.23,962
2022,0,101,1.7,101,26.3,16.1,53.36,961
2022,0,171,1.5,171,26.5,16.2,53.35,960
2022,0,138,1.5,138,26.1,16.4,55.21,960
2022,2,123,1.5,124,25.3,16.6,58.39,960
2022,1,31,1,31,23.8,17.1,66.21,960
2022,0,0,1.5,0,22.7,16.8,69.56,961
2022,0,0,2.3,0,21.9,16.7,72.5,962
2022,0,0,2.6,0,20.7,16.8,78.56,962
2022,0,0,2.9,0,19.6,16.9,84.62,963
2022,0,0,3.1,0,18.7,16.8,88.83,963
2022,0,0,3.6,0,17.9,16.3,90.37,964
2022,0,0,3.8,0,17,15.6,91.66,964
2022,0,0,3.5,0,16.4,15.1,92.24,964
2022,0,0,3.4,0,15.9,14.7,92.86,964
2022,0,0,3.4,0,15.5,14.3,92.77,963
2022,0,0,3.2,0,15.2,14.1,93.01,964
2022,0,0,3.3,0,15,13.8,92.53,964
2022,0,0,3.2,0,14.7,13.5,92.7,965
2022,0,16,3.3,16,14.8,13.5,92.05,966
2022,0,35,3.7,35,15.2,13.4,89.16,967
2022,1,150,4,150,16,13.2,83.62,967
2022,4,166,4,169,17,13,77.56,967
2022,1,140,3.6,141,18.1,13,71.95,967
2022,0,27,3.1,27,18.9,12.9,68.36,965
2022,0,92,2.7,92,19,12.9,67.56,964
2022,2,153,2.2,154,19.4,12.8,65.78,963
2022,0,67,2.1,67,19.6,12.8,64.73,962
2022,2,72,1.9,73,19.1,12.7,66.63,962
2022,1,36,1,37,18.1,13,72.36,962
2022,0,0,0.5,0,17.1,13.2,78.06,962
2022,0,0,0.5,0,16.7,13.1,79.55,962
2022,0,0,0.5,0,16.3,13,80.92,962
2022,0,0,0.5,0,16,13,82.16,963
2022,0,0,0.5,0,15.8,13,83.26,963
2022,0,0,0.5,0,15.9,13.1,83.35,963
2022,0,0,0.6,0,15.8,13.2,84.33,963
2022,0,0,0.6,0,15.7,13.2,85.32,962
2022,0,0,0.6,0,15.6,13.3,86.43,962
2022,0,0,0.5,0,15.4,13.5,88.33,962
2022,0,0,0.3,0,15.3,13.7,90.17,962
2022,0,0,0.2,0,15.2,13.9,91.68,963
2022,0,0,0.2,0,15.2,14,92.3,963
2022,0,3,0.5,3,16,14.3,89.9,964
2022,0,7,0.8,7,17.5,15.1,85.67,964
2022,5,131,1.4,133,19,15.8,81.45,964
2022,1,115,1.9,116,20.6,16.1,75.64,964
2022,6,215,2.4,219,21.8,16.3,71.14,963
2022,0,56,2.8,56,22.8,16.7,68.62,962
2022,0,101,3.2,101,23.8,17.2,66.51,961
2022,1,99,3.4,100,24.6,17.3,64.04,959
2022,1,85,3.3,86,25,17.3,62.34,959
2022,0,12,2.7,12,24.7,17.4,63.67,959
2022,0,18,1.5,18,22.9,17.5,71.61,959
2022,0,0,1.3,0,21.7,17.3,75.9,959
2022,0,0,1.2,0,21.1,17.2,78.56,960
2022,0,0,1.1,0,20.7,17.2,80.53,960
2022,0,0,1,0,20.3,17.3,82.84,961
2022,0,0,0.9,0,19.9,17.3,85.25,961
2022,0,0,0.8,0,19.5,17.4,87.91,961
2022,0,0,0.7,0,19.3,17.5,89.57,961
2022,0,0,0.7,0,19,17.6,91.76,961
2022,0,0,0.6,0,18.9,17.7,92.83,961
2022,0,0,0.4,0,18.9,17.8,93.37,961
2022,0,0,0.3,0,18.8,17.9,94.27,961
2022,0,0,0.4,0,18.8,17.9,94.46,962
2022,0,0,0.8,0,18.5,17.9,96.21,962
2022,0,14,1.9,14,18.8,17.8,93.71,964
2022,46,127,2.7,141,19.3,17.5,89.61,965
2022,20,176,3.2,185,20.1,17,82.5,965
2022,13,191,3.3,199,21,16.3,74.47,965
2022,15,251,3.1,261,21.9,15.8,68.32,965
2022,65,336,2.9,385,22.7,15.6,64.13,964
2022,303,323,2.6,549,23.3,15.5,61.48,963
2022,268,284,2.5,463,23.4,15.4,60.94,962
2022,231,240,2.4,364,23.2,15.5,61.74,962
2022,6,138,2.4,140,22.6,15.4,63.74,962
2022,310,50,1.9,98,21.1,15.2,68.93,963
2022,0,0,2,0,19.9,14.8,72.3,964
2022,0,0,2.5,0,19.1,14.3,73.94,965
2022,0,0,2.8,0,18.4,14,75.69,966
2022,0,0,3.1,0,17.7,13.8,77.8,967
2022,0,0,3.3,0,17.1,13.5,79.32,967
2022,0,0,3.4,0,16.6,13.2,80.16,967
2022,0,0,3.4,0,16.1,12.8,80.86,967
2022,0,0,3.4,0,15.8,12.5,80.77,967
2022,0,0,3.3,0,15.4,12.3,81.63,967
2022,0,0,3.3,0,15.1,12.1,82.16,967
2022,0,0,3.2,0,14.9,11.9,82.38,967
2022,0,0,2.9,0,14.7,11.8,82.94,968
2022,0,0,2.8,0,14.5,11.7,83.4,968
2022,0,10,3.2,10,15,11.5,79.73,969
2022,0,51,3.6,51,16.6,11.1,70.18,970
2022,677,98,3.7,421,18.5,11,61.49,970
2022,765,108,3.4,586,20.4,11.1,55,969
2022,797,119,2.8,696,22.1,11.4,50.59,968
2022,817,120,2.3,743,23.2,11.8,48.59,967
2022,813,116,1.9,721,23.7,12.2,48.36,966
2022,37,312,1.8,337,23.9,12.5,48.89,965
2022,50,274,1.9,301,23.7,12.8,50.34,964
2022,3,127,1.9,128,22.9,13,53.51,964
2022,2,63,1,63,21.3,13.6,61.66,963
2022,0,0,0.6,0,19.8,13.6,67.28,964
2022,0,0,0.6,0,19.2,13.3,68.88,964
2022,0,0,0.4,0,18.8,13.2,70.09,964
2022,0,0,0.4,0,18.2,13.2,72.65,965
2022,0,0,0.5,0,17.7,13.1,74.56,965
2022,0,0,0.6,0,17.5,13.1,75.43,965
2022,0,0,0.6,0,17.4,13.1,75.99,964
2022,0,0,0.5,0,17.4,13.2,76.21,964
2022,0,0,0.5,0,17.2,13.2,77.43,964
2022,0,0,0.6,0,17.2,13.3,77.68,964
2022,0,0,0.8,0,17,13.4,79.15,964
2022,0,0,1,0,16.9,13.5,80.27,964
2022,0,0,1.1,0,16.8,13.6,81.31,964
2022,0,20,2.1,20,18.3,13.8,74.88,964
2022,213,133,2.8,194,20.8,14.2,66.14,965
2022,281,199,3.9,333,23.7,15.1,58.63,965
2022,456,211,4.5,496,25.9,15.8,53.72,964
2022,803,113,4.8,692,27.4,16.3,50.71,964
2022,745,124,5,693,28.5,16.5,48.14,963
2022,794,105,5,696,29.2,16.5,46.25,961
2022,789,105,4.9,630,29.5,16.4,45.32,960
2022,734,92,4.7,485,29.4,16.3,45.15,959
2022,621,75,4.1,299,28.7,16.2,46.73,959
2022,363,44,2.7,100,26.5,16.3,53.68,959
2022,0,0,2.2,0,24.7,16.3,59.42,960
2022,0,0,2.1,0,24.1,16.2,61.44,960
2022,0,0,1.9,0,23.3,16.2,64.48,961
2022,0,0,1.6,0,22.6,16.2,67.34,961
2022,0,0,1.6,0,22,16.3,70,961
2022,0,0,1.7,0,21.6,16.3,72.01,961
2022,0,0,1.8,0,21.2,16.4,74.29,961
2022,0,0,1.8,0,20.8,16.6,76.78,961
2022,0,0,1.9,0,20.6,16.7,78.35,960
2022,0,0,1.9,0,20.3,16.8,80.49,960
2022,0,0,2,0,20.1,17,82.22,960
2022,0,0,2.1,0,19.9,17.1,84.08,961
2022,0,0,2.1,0,19.7,17.3,85.91,961
2022,197,24,2.7,38,21.1,17.5,79.99,962
2022,569,63,3.8,225,23.8,18,69.91,963
2022,720,82,5.1,423,26.6,18.3,60.32,963
2022,794,94,5.6,587,28.5,18.2,53.65,963
2022,829,101,5.8,697,29.7,17.9,49.08,962
2022,840,105,5.8,745,30.4,17.6,46.27,961
2022,832,107,5.7,724,30.7,17.3,44.72,960
2022,585,194,5.4,583,30.4,17,44.71,959
2022,767,85,5.1,495,29.9,16.8,45.31,958
2022,656,70,4.4,306,28.9,16.7,47.64,958
2022,398,43,3.2,104,27,16.7,53.41,958
2022,0,0,2.9,0,25.6,16.7,57.84,959
2022,0,0,2.8,0,25,16.7,59.86,959
2022,0,0,2.7,0,24.5,16.7,61.83,960
2022,0,0,2.4,0,23.9,16.8,64.35,960
2022,0,0,2.1,0,23.3,16.9,67.11,961
2022,0,0,1.9,0,22.7,16.9,69.76,960
2022,0,0,1.8,0,22.2,16.9,72.08,960
2022,0,0,1.7,0,21.7,17,74.6,960
2022,0,0,1.8,0,21.3,17,76.72,959
2022,0,0,1.9,0,20.9,17.1,79.06,959
2022,0,0,2,0,20.6,17.2,80.99,959
2022,0,0,2,0,20.3,17.3,83.08,959
2022,0,0,1.9,0,19.9,17.5,85.92,960
2022,3,28,2.7,28,21.4,17.7,79.44,961
2022,591,61,4,229,24,18.1,69.47,961
2022,739,79,5,427,26.5,18.4,61.08,962
2022,814,88,5.4,593,28.3,18.3,54.8,961
2022,283,357,5.4,560,29.5,18.1,50.48,961
2022,0,65,5.2,65,30.3,17.9,47.61,960
2022,862,93,5,732,30.7,17.8,45.99,959
2022,150,284,4.7,384,30.8,17.6,45.17,958
2022,81,241,4.4,285,30.4,17.4,45.72,958
2022,0,95,3.8,95,29.5,17.3,47.85,958
2022,4,68,2.1,69,27.1,17.5,55.83,958
2022,0,0,1.5,0,25.3,17.5,62.13,959
2022,0,0,1.4,0,24.6,17.6,64.88,960
2022,0,0,1.4,0,24.2,17.6,66.72,961
2022,0,0,1.4,0,23.7,17.7,69.17,962
2022,0,0,1.2,0,23.2,17.8,71.82,962
2022,0,0,1,0,22.7,18,75.01,962
2022,0,0,0.6,0,22.2,18.3,78.75,962
2022,0,0,0.8,0,21.8,18.6,82.05,962
2022,0,0,1.4,0,21.3,18.8,85.7,962
2022,0,0,2.2,0,20.6,18.8,89.42,962
2022,0,0,2.5,0,19.9,18.5,91.53,963
2022,0,0,2.6,0,19.3,17.9,91.85,963
2022,0,0,2.4,0,18.9,17.6,92.21,964
2022,0,12,2.5,12,19.1,17.4,89.63,964
2022,34,122,3.1,132,19.9,16.9,82.89,965
2022,1,68,3.2,69,21.4,16.3,72.9,965
2022,2,114,2.5,115,23.2,16,63.85,964
2022,301,301,1.4,517,25,15.9,57.07,963
2022,573,236,0.5,671,26.4,16.1,53.06,962
2022,495,233,1.7,599,27.4,16.1,50.14,960
2022,696,162,2.3,624,27.8,16.1,48.92,959
2022,737,91,2.6,484,27.8,16.1,48.97,958
2022,620,75,2.5,298,27.1,16.2,51.31,958
2022,359,44,1.2,99,25.1,16.8,60.12,958
2022,0,0,0.9,0,23.7,16.8,65.27,959
2022,0,0,0.9,0,23.2,16.8,67.28,959
2022,0,0,0.8,0,22.7,16.8,69.36,960
2022,0,0,0.8,0,22.2,16.8,71.32,961
2022,0,0,0.7,0,21.8,16.8,73.1,961
2022,0,0,0.8,0,21.4,16.8,74.99,961
2022,0,0,0.9,0,21.1,16.8,76.71,961
2022,0,0,1,0,20.9,17,78.4,960
2022,0,0,1.1,0,20.7,17.3,80.72,960
2022,0,0,1.2,0,20.5,17.6,83.45,960
2022,0,0,1.1,0,20.2,17.9,86.69,960
2022,0,0,1.1,0,19.9,18.2,89.66,960
2022,0,0,1,0,19.7,18.3,91.89,961
2022,140,24,1.8,34,21.3,18.7,84.9,961
2022,527,69,3.1,217,23.7,19.1,75.66,962
2022,0,17,4.2,17,25.8,19.3,67.33,962
2022,54,300,4.5,333,27.5,19,59.94,962
2022,0,34,4.6,34,28.7,18.7,54.8,961
2022,812,121,4.6,736,29.5,18.5,51.57,960
2022,107,388,4.6,467,29.9,18.3,49.75,958
2022,815,97,4.5,637,30,18.2,49.24,957
2022,0,168,4.3,168,29.5,18.2,50.59,957
2022,641,73,3.9,303,28.5,18.2,53.72,957
2022,375,44,2.6,102,26.5,18.6,61.71,957
2022,0,0,1.8,0,24.7,18.9,70.33,958
2022,0,0,1.7,0,23.9,19.4,75.99,959
2022,0,0,1.4,0,23.2,19.9,81.65,960
2022,0,0,1.2,0,22.5,20.3,87.37,961
2022,0,0,1,0,21.9,20.6,92.36,961
2022,0,0,0.9,0,21.5,20.8,95.7,961
2022,0,0,0.8,0,21.1,20.9,98.52,961
2022,0,0,0.7,0,20.9,20.8,99.68,961
2022,0,0,0.7,0,20.7,20.7,100,960
2022,0,0,0.8,0,20.5,20.5,100,960
2022,0,0,1,0,20.4,20.4,100,959
2022,0,0,0.9,0,20.3,20.3,100,960
2022,0,0,1.2,0,20.3,20.3,99.88,961
2022,148,24,1.6,34,21.1,20.6,96.73,962
2022,0,8,1.5,8,22.2,20.9,92.39,963
2022,21,209,1.6,218,23.4,21,86.26,963
2022,73,259,1.5,304,24.9,20.6,77.23,963
2022,0,187,1.3,187,26.5,20,67.46,963
2022,3,183,1.1,184,27.7,19.5,60.94,962
2022,112,319,1.2,402,28.2,19.2,58.32,961
2022,1,142,1.4,142,28.3,19.1,57.62,960
2022,0,67,1.6,68,27.8,19.1,59.23,960
2022,4,82,1.7,83,26.5,19.4,64.9,960
2022,8,59,1.6,61,24.5,19.9,75.65,961
2022,0,0,2.1,0,23,19.9,82.61,963
2022,0,0,2.4,0,21.9,19.7,87.4,964
2022,0,0,2.7,0,21,19.4,90.5,965
2022,0,0,2.5,0,20.2,19,92.61,966
2022,0,0,2.4,0,19.4,18.4,93.83,967
2022,0,0,2.9,0,18.8,17.7,93.54,967
2022,0,0,2.6,0,18.4,17.3,93.5,967
2022,0,0,2.9,0,18.1,17,93.1,968
2022,0,0,3.1,0,17.8,16.5,92.19,968
2022,0,0,3.4,0,17.4,15.9,90.69,967
2022,0,0,4.2,0,17.1,15.1,88.04,967
2022,0,0,4.5,0,16.9,14.5,85.97,967
2022,0,0,4.5,0,16.6,14.2,85.6,968
2022,0,18,4.6,18,16.4,14,85.47,969
2022,42,128,4.3,139,16.9,13.9,82.34,971
2022,21,182,5.2,192,17.7,13.2,75.02,972
2022,48,267,6,297,18.5,12.4,67.69,972
2022,302,313,6.1,529,19.4,11.7,61.23,972
2022,213,341,6.1,502,20.1,11.4,57.25,971
2022,797,135,6,723,20.6,11.1,54.6,970
2022,82,335,6,389,20.9,10.9,52.62,969
2022,137,256,5.7,329,20.9,10.5,51.55,969
2022,24,184,5.2,193,20.4,10.3,52.23,969
2022,34,77,4.4,83,19.5,10.1,54.57,969
2022,0,0,4,0,18.8,9.9,56.27,969
2022,0,0,3.6,0,18.3,9.7,57.31,970
2022,0,0,3.4,0,17.9,9.5,58.06,971
2022,0,0,3.5,0,17.5,9.4,59.01,972
2022,0,0,3.6,0,17.3,9.3,59.21,972
2022,0,0,3.7,0,17.1,9.1,59.15,971
2022,0,0,3.6,0,16.7,8.9,59.85,971
2022,0,0,3.5,0,16.2,8.7,61,971
2022,0,0,3.2,0,15.7,8.5,62.25,970
2022,0,0,3,0,15.1,8.4,64.12,970
2022,0,0,2.8,0,14.5,8.3,66.39,971
2022,0,0,2.8,0,14,8.3,68.36,971
2022,0,0,2.8,0,13.6,8.3,70.1,972
2022,2,27,3.3,27,13.9,8.3,68.98,972
2022,10,94,4.5,97,15.5,8.4,62.44,973
2022,414,171,5.1,364,17.4,8.4,55.32,973
2022,456,224,5.3,504,19.1,8.2,49.21,973
2022,731,154,5.1,675,20.5,7.7,43.47,972
2022,674,197,4.9,705,21.6,6.8,38.43,971
2022,528,242,4.7,631,22.1,6.1,35.37,970
2022,365,300,4.5,541,22.2,5.3,33.34,969
2022,206,255,4.2,364,21.7,4.6,32.67,968
2022,2,77,3.6,77,20.7,4,33.44,968
2022,12,69,2,71,17.9,4.4,40.82,969
2022,0,0,1.7,0,15.5,4.2,46.95,970
2022,0,0,1.7,0,14.4,3.8,48.8,970
2022,0,0,1.6,0,13.3,3.4,51.07,971
2022,0,0,1.4,0,12.3,3,53.11,972
2022,0,0,1.4,0,11.5,2.6,54.51,972
2022,0,0,1.4,0,10.8,2.3,55.65,972
2022,0,0,1.5,0,10.3,1.9,56.16,971
2022,0,0,1.6,0,9.9,1.7,56.56,971
2022,0,0,1.7,0,9.6,1.4,56.72,970
2022,0,0,1.6,0,9.2,1.2,57.54,970
2022,0,0,1.5,0,8.8,1.1,58.61,970
2022,0,0,1.4,0,8.4,1.1,59.9,970
2022,0,0,1.4,0,8.2,1,60.66,971
2022,227,24,2.3,38,10.5,1.3,52.92,972
2022,645,62,3.4,240,13.6,0.4,40.42,973
2022,799,80,4,451,16.3,-0.2,32.5,973
2022,872,91,4.2,626,18.7,0.2,28.79,973
2022,921,91,4.2,747,20.4,0.5,26.5,973
2022,933,94,4,798,21.7,0.3,24.13,971
2022,927,94,3.8,777,22.4,0,22.54,970
2022,910,86,3.5,688,22.5,-0.4,21.8,969
2022,859,77,3.2,535,22.1,-0.8,21.72,969
2022,757,64,2.5,336,20.9,-0.6,23.76,969
2022,514,40,1.1,119,16.8,2.1,37.09,969
2022,0,0,1.1,0,14.4,1.8,42.52,970
2022,0,0,1.1,0,13.5,1.3,43.52,970
2022,0,0,1.1,0,12.7,0.8,44.06,970
2022,0,0,1.1,0,11.9,0.4,45.08,970
2022,0,0,1.1,0,11.1,0,46.36,970
2022,0,0,1.1,0,10.3,-0.2,48.13,970
2022,0,0,1.1,0,9.7,-0.4,49.43,970
2022,0,0,1.2,0,9.2,-0.5,50.57,970
2022,0,0,1.2,0,8.8,-0.7,51.46,970
2022,0,0,1.3,0,8.4,-0.8,52.29,969
2022,0,0,1.3,0,8.1,-1,52.83,970
2022,0,0,1.3,0,7.7,-1.1,53.61,970
2022,0,0,1.3,0,7.4,-1.3,54.03,970
2022,296,22,1.9,40,10.1,-0.8,46.84,971
2022,697,54,2.6,246,14,-2.2,32.71,971
2022,839,70,2.7,458,17.4,-4.2,22.64,972
2022,905,79,2.6,633,20,-4.1,19.38,971
2022,936,86,2.4,751,21.9,-3.4,18.09,971
2022,945,89,2.1,801,23.2,-3.2,17.03,969
2022,942,90,1.9,783,23.9,-3.3,16.23,968
2022,907,90,1.9,689,24.1,-3.5,15.82,967
2022,852,82,1.9,536,23.5,-3.7,16.11,966
2022,744,68,1.4,335,21.9,-1.4,20.99,966
2022,495,41,0.9,118,17.8,1.4,33.27,966
2022,0,0,1,0,15.6,0,34.55,966
2022,0,0,1,0,15.1,-0.7,33.91,966
2022,0,0,0.8,0,15,-1.5,32.06,966
2022,0,0,0.7,0,15,-2.2,30.54,966
2022,0,0,0.9,0,13.7,-2.1,33.47,966
2022,0,0,1,0,12.8,-2,35.71,966
2022,0,0,1.1,0,12.1,-2,37.54,966
2022,0,0,1.1,0,11.8,-2.1,37.91,965
2022,0,0,1.1,0,11.5,-2.2,38.27,964
2022,0,0,1.1,0,11.1,-2.4,38.96,964
2022,0,0,1.2,0,10.6,-2.3,40.32,964
2022,0,0,1.2,0,9.9,-2.1,42.95,964
2022,0,0,1.2,0,9.3,-1.9,45.49,964
2022,290,21,1.2,38,11.5,0,44.96,964
2022,690,54,2.4,242,16,-0.1,33.47,964
2022,830,69,3.4,452,19.9,0,26.33,964
2022,896,78,4.4,626,22.8,-0.1,21.88,964
2022,915,91,4.9,741,24.5,0.4,20.47,963
2022,929,93,5.2,792,25.6,0.8,19.74,962
2022,928,92,5.3,774,26.2,1.4,19.85,960
2022,915,82,5.3,687,26.2,2,20.83,959
2022,865,75,5.1,535,25.6,2.7,22.61,959
2022,763,61,4.4,336,24.2,3.6,26.18,959
2022,527,38,2.8,120,20.6,5,35.93,959
2022,0,0,2.4,0,18.2,5.7,43.94,960
2022,0,0,2.3,0,17.2,6.4,49.01,960
2022,0,0,2.2,0,16.3,7.1,54.35,961
2022,0,0,2,0,15.5,7.7,59.85,962
2022,0,0,1.8,0,14.7,8.3,65.29,962
2022,0,0,1.6,0,14.1,8.6,69.42,962
2022,0,0,1.5,0,13.6,8.8,72.64,961
2022,0,0,1.6,0,13.3,8.9,74.68,961
2022,0,0,1.9,0,13,9,76.48,961
2022,0,0,1.8,0,12.7,9,78.13,960
2022,0,0,1.9,0,12.5,9.1,79.75,961
2022,0,0,2,0,12.5,9.3,80.8,961
2022,0,0,2,0,12.3,9.6,83.51,962
2022,260,21,2.8,36,14.4,10,74.76,962
2022,653,55,3.8,233,17.6,10.8,64.55,963
2022,804,70,5.2,441,21.2,12,55.7,963
2022,875,78,6,612,24.1,12.4,48.06,962
2022,913,81,6.4,729,26,12.4,42.98,962
2022,920,84,6.5,777,27.2,12.6,40.4,961
2022,913,85,6.5,756,27.9,12.8,39.25,960
2022,875,86,6.4,664,28,12.8,39.16,959
2022,828,76,6.1,517,27.7,12.9,40.15,959
2022,725,62,5.6,323,26.6,13.3,43.81,959
2022,490,38,4.5,114,24.5,13.9,51.61,959
2022,0,0,4,0,22.7,14.5,59.67,960
2022,0,0,3.9,0,21.9,15,65,960
2022,0,0,3.7,0,21.2,15.6,70.54,961
2022,0,0,3.3,0,20.4,16.1,76.45,961
2022,0,0,3,0,19.8,16.5,81.09,961
2022,0,0,2.9,0,19.3,16.7,84.74,961
2022,0,0,3.2,0,19.1,16.8,86.67,961
2022,0,0,3.2,0,18.8,17,89.1,961
2022,0,0,3.1,0,18.3,17.1,92.71,960
2022,0,0,3,0,18,17.2,95.15,960
2022,0,0,3.1,0,17.8,17.3,96.65,960
2022,0,0,3.1,0,17.7,17.3,97.36,961
2022,0,0,3.1,0,17.6,17.3,97.83,961
2022,248,20,3.8,34,19,17.3,89.73,962
2022,642,52,4.9,226,21.6,17.4,76.84,962
2022,792,65,5.9,429,24.4,17.4,64.82,962
2022,861,72,6.4,596,26.6,16.9,55.42,962
2022,881,83,6.7,708,28.1,16.6,49.57,961
2022,897,82,6.8,757,29.1,16.4,46.42,960
2022,890,82,6.8,736,29.7,16.4,44.65,959
2022,864,79,6.7,650,29.8,16.4,44.33,957
2022,814,71,6.6,505,29.4,16.4,45.36,957
2022,714,58,6.2,316,28.4,16.6,48.92,957
2022,479,37,5.4,112,26.6,17.1,55.94,957
2022,0,0,4.8,0,25.2,17.4,62.04,957
2022,0,0,4.7,0,24.6,17.6,65.21,958
2022,0,0,4.6,0,24,17.9,68.78,958
2022,0,0,4.4,0,23.4,18.3,72.89,959
2022,0,0,4.2,0,22.9,18.5,76.32,959
2022,0,0,3.9,0,22.5,18.6,78.75,959
2022,0,0,3.4,0,22,18.7,81.41,959
2022,0,0,3.2,0,21.6,18.7,83.58,959
2022,0,0,3,0,21.1,18.7,86.42,959
2022,0,0,2.8,0,20.5,18.8,90.13,959
2022,0,0,2.6,0,20,18.9,93.39,959
2022,0,0,2.4,0,19.6,19,96.07,960
2022,0,0,2.1,0,19.2,18.9,98.37,961
2022,203,20,2.6,32,20.7,18.9,89.38,961
2022,587,57,3.2,216,23.6,18.7,73.9,962
2022,732,76,3.4,412,26.4,18.1,60.28,963
2022,793,91,3,574,28.5,17.6,51.71,963
2022,825,99,2.2,684,29.9,17.4,47.04,962
2022,815,114,1.2,726,30.5,17.1,44.68,962
2022,781,127,1.4,702,30.4,16.7,43.66,961
2022,289,334,2.2,525,29.9,16,43.12,961
2022,180,289,3.1,385,28.6,15,43.48,961
2022,47,196,4,213,26.9,13.4,43.33,962
2022,1,62,3.8,63,24.9,11.3,42.44,963
2022,0,0,3.2,0,23.4,9.4,41.09,964
2022,0,0,2.9,0,22.4,8.3,40.49,965
2022,0,0,2.8,0,21.7,7.8,40.8,966
2022,0,0,3.3,0,21.3,6.8,39.09,967
2022,0,0,3.4,0,20.7,5.8,37.9,967
2022,0,0,3.5,0,20,5.1,37.53,967
2022,0,0,3.3,0,19.1,4.5,38.23,967
2022,0,0,3.2,0,18.4,4.2,38.9,967
2022,0,0,3.4,0,17.9,3.7,38.94,968
2022,0,0,3.2,0,17.3,3.3,39.39,968
2022,0,0,3.2,0,16.8,3.2,40.15,968
2022,0,0,2.8,0,16,3.4,42.79,968
2022,0,0,2.6,0,15.5,3.6,44.95,969
2022,0,18,3.3,18,16.3,3.7,43.16,970
2022,1,80,4.4,80,17.7,3.6,39.02,970
2022,16,196,4.8,203,19.2,3.4,35.05,971
2022,191,330,4.8,446,20.8,3.1,31.16,970
2022,8,307,4.5,312,22.2,2.7,27.85,970
2022,856,109,4.1,752,23.2,2.4,25.51,969
2022,119,401,3.7,488,23.8,2.1,24.14,967
2022,21,303,3.2,316,23.8,1.9,23.8,966
2022,33,256,2.9,273,23.3,1.8,24.3,965
2022,632,81,2.4,309,22.3,1.9,25.99,965
2022,11,77,1,79,19.4,4.5,37.43,965
2022,0,0,0.8,0,17.6,5,43.47,966
2022,0,0,0.8,0,17.3,5.3,45.05,966
2022,0,0,0.7,0,17.2,5.1,44.79,966
2022,0,0,0.7,0,16.9,4.9,45.14,966
2022,0,0,0.7,0,16.3,4.8,46.62,966
2022,0,0,0.8,0,16,4.7,46.95,966
2022,0,0,0.7,0,15.7,4.7,47.87,966
2022,0,0,0.7,0,15.5,4.8,48.81,965
2022,0,0,0.6,0,15.5,4.7,48.66,965
2022,0,0,0.4,0,15.6,4.3,46.94,964
2022,0,0,0.3,0,15.4,4.3,47.58,964
2022,0,0,0.5,0,14.8,4.3,49.28,964
2022,0,0,0.6,0,14.4,4.5,51.24,965
2022,121,21,1,28,16,4.9,47.55,965
2022,498,73,1.8,207,19,4.2,37.66,966
2022,679,95,2.8,406,22.2,5.3,33.32,966
2022,771,106,3.7,574,24.5,7.2,32.97,965
2022,854,93,4.4,697,26.4,9,33.47,964
2022,866,96,4.9,746,27.8,10.6,34.2,962
2022,858,96,5.1,726,28.5,11.6,35.19,961
2022,841,87,5.2,644,28.7,12.3,36.24,960
2022,790,78,5,500,28.4,12.6,37.79,959
2022,687,64,4.4,313,27.4,12.9,40.83,959
2022,453,40,2.9,111,24.9,13.4,48.7,960
2022,0,0,2,0,22.7,13.6,56.45,961
2022,0,0,1.7,0,21.8,13.8,60.5,962
2022,0,0,1.4,0,20.9,14,64.79,963
2022,0,0,1.3,0,20.2,14.2,68.44,963
2022,0,0,1.1,0,19.5,14.3,72.06,963
2022,0,0,1,0,19,14.4,74.48,963
2022,0,0,1,0,18.5,14.3,76.52,963
2022,0,0,1,0,18.2,14.2,77.33,963
2022,0,0,1,0,17.9,14,77.99,963
2022,0,0,1,0,17.6,13.8,78.63,962
2022,0,0,1,0,17.3,13.8,79.67,962
2022,0,0,1,0,17,13.7,81.15,962
2022,0,0,1,0,16.8,13.8,82.69,963
2022,183,20,1.9,30,18.9,14.1,73.81,964
2022,574,58,3,212,22,15.1,65.08,964
2022,725,78,4.3,410,25.2,16,56.86,964
2022,800,90,4.9,575,27.1,16.5,52.18,964
2022,844,94,5.4,690,28.4,16.6,48.96,963
2022,859,96,5.7,741,29.4,16.7,46.5,962
2022,856,95,5.8,724,29.9,16.8,45.19,961
2022,809,100,5.9,635,29.9,16.7,45.01,959
2022,760,88,5.8,494,29.5,16.6,45.88,958
2022,652,72,5.4,309,28.5,16.7,48.84,958
2022,406,44,4.5,108,26.8,16.8,54.36,958
2022,0,0,4,0,25.3,16.9,59.69,959
2022,0,0,3.9,0,24.7,16.9,61.88,959
2022,0,0,4,0,24.2,16.9,63.8,960
2022,0,0,4,0,23.5,16.9,66.46,960
2022,0,0,3.9,0,22.9,16.9,68.77,960
2022,0,0,3.9,0,22.4,16.9,70.94,960
2022,0,0,3.8,0,21.9,16.9,73.47,960
2022,0,0,3.5,0,21.4,17.1,76.55,960
2022,0,0,3.5,0,21,17.4,79.69,960
2022,0,0,3.3,0,20.6,17.6,83.16,959
2022,0,0,3.1,0,20.2,18,86.96,960
2022,0,0,3.1,0,19.9,18.2,89.9,960
2022,0,0,3.2,0,19.7,18.4,91.97,961
2022,1,21,3.8,22,20.8,18.5,86.7,961
2022,76,129,5,149,23.2,18.8,76.2,962
2022,83,208,6.1,245,25.9,18.8,64.98,962
2022,537,185,6.5,510,28,18.3,55.74,962
2022,837,101,6.7,692,29.4,17.8,49.56,961
2022,854,103,6.6,743,30.4,17.4,45.67,960
2022,848,101,6.3,725,30.9,17,43.25,959
2022,822,97,6.1,641,30.9,16.5,42.02,958
2022,335,218,5.8,397,30.4,16.2,42.27,957
2022,51,160,5.2,179,29.3,16,44.7,957
2022,37,76,4.2,82,27.4,16.3,50.65,957
2022,0,0,3.8,0,25.9,16.6,56.4,958
2022,0,0,3.9,0,25.3,16.8,59.46,958
2022,0,0,3.9,0,24.8,17.1,62.38,959
2022,0,0,3.7,0,24.3,17.3,65.17,959
2022,0,0,3.4,0,23.8,17.5,67.84,960
2022,0,0,3.1,0,23.3,17.6,70.27,960
2022,0,0,3,0,22.9,17.6,72.29,960
2022,0,0,2.8,0,22.4,17.7,74.85,960
2022,0,0,2.4,0,21.8,17.8,78.07,959
2022,0,0,2,0,21.1,18,82.27,959
2022,0,0,1.5,0,20.4,18.1,86.72,959
2022,0,0,1.2,0,19.7,18.3,91.39,960
2022,0,0,1.1,0,19.4,18.4,94.01,961
2022,0,15,2.4,15,21.3,18.6,84.69,962
2022,0,49,3.4,49,23.7,18.9,74.4,962
2022,25,218,4.4,230,26,19,65.44,963
2022,49,291,5.1,321,27.8,18.7,57.69,962
2022,784,121,5.3,674,29.2,18.4,52.05,962
2022,816,117,5.5,729,30.1,18.1,48.58,961
2022,812,115,5.5,712,30.6,17.9,46.54,959
2022,770,116,5.4,625,30.6,17.7,45.99,958
2022,712,102,5.2,484,30.2,17.4,46.42,958
2022,603,81,4.8,301,29.3,17.3,48.51,957
2022,43,76,3.9,83,27.5,17.4,54.16,958
2022,0,0,3.5,0,26.1,17.6,59.36,958
2022,0,0,3.6,0,25.5,17.7,62.15,958
2022,0,0,3.6,0,25,17.9,64.89,959
2022,0,0,3.4,0,24.5,18.2,67.76,959
2022,0,0,3.1,0,24,18.4,70.88,960
2022,0,0,2.8,0,23.4,18.6,74.49,960
2022,0,0,2.5,0,22.9,18.8,77.61,960
2022,0,0,2.6,0,22.7,18.9,79.31,960
2022,0,0,2.5,0,22.5,19.1,80.89,960
2022,0,0,2.6,0,22.2,19.2,82.9,960
2022,0,0,2.5,0,21.9,19.3,85,961
2022,0,0,2.2,0,21.4,19.4,88.24,961
2022,0,0,2.1,0,21.1,19.5,90.63,962
2022,0,13,3,13,22.2,19.6,85.48,963
2022,0,7,4,7,24.4,19.8,75.35,964
2022,705,82,4.8,403,26.6,19.6,65.41,964
2022,785,94,5.1,569,28.3,19.1,57.54,964
2022,0,153,5.1,153,29.5,18.8,52.54,963
2022,6,314,5.1,319,30.3,18.6,49.59,962
2022,795,122,5,707,30.8,18.4,47.57,961
2022,777,111,4.9,626,30.8,18.1,46.81,960
2022,724,99,4.7,487,30.4,17.9,47.3,959
2022,615,79,4.3,304,29.4,17.8,49.79,959
2022,374,47,2.9,107,27.6,17.9,55.69,960
2022,0,0,2.3,0,26,18,61.38,960
2022,0,0,2.4,0,25.3,18,63.93,961
2022,0,0,2.4,0,24.7,18,66.16,962
2022,0,0,2.2,0,24.1,17.9,68.38,962
2022,0,0,1.9,0,23.4,17.9,71.09,962
2022,0,0,1.6,0,22.7,17.8,73.81,962
2022,0,0,1.7,0,22.2,17.6,75.23,962
2022,0,0,2,0,22.1,17.3,74.25,962
2022,0,0,2.1,0,22,17,73.39,962
2022,0,0,2.1,0,21.9,16.8,73.01,962
2022,0,0,2.3,0,21.6,16.8,74.01,962
2022,0,0,2.3,0,21.4,16.8,75.18,963
2022,0,0,2.2,0,21,16.9,77.58,963
2022,0,14,2.8,14,22.1,17.1,73.43,964
2022,567,60,3.5,210,24.5,17.3,64.06,965
2022,726,80,4.2,410,26.8,17.2,55.58,965
2022,801,92,4.5,576,28.7,17.1,49.46,965
2022,817,110,4.5,686,30.1,17.1,45.57,964
2022,835,111,4.4,738,31.1,17.1,43.16,963
2022,0,198,4.3,198,31.6,17.1,42.02,962
2022,396,301,4.1,564,31.6,17.1,41.88,961
2022,757,91,3.8,497,31.2,17,42.65,961
2022,655,72,3.3,312,30.2,17,45.17,961
2022,419,43,1.7,112,27.6,17.4,53.9,961
2022,0,0,1.2,0,25.6,17.3,59.99,962
2022,0,0,1.2,0,24.6,17,62.8,963
2022,0,0,1.1,0,23.8,16.8,65,964
2022,0,0,1,0,23.1,16.7,67.12,965
2022,0,0,0.9,0,22.4,16.6,69.6,965
2022,0,0,0.9,0,21.8,16.5,71.93,965
2022,0,0,0.8,0,21.4,16.5,73.67,965
2022,0,0,0.8,0,21.1,16.6,75.43,965
2022,0,0,0.8,0,20.8,16.7,77.63,965
2022,0,0,0.8,0,20.5,16.9,80.03,965
2022,0,0,0.9,0,19.8,17.1,84.51,966
2022,0,0,1,0,19,17.2,89.37,967
2022,0,0,1.9,0,18.6,17.2,91.4,968
2022,130,19,3.6,26,19.9,16.8,82.42,970
2022,498,71,4.9,203,21.6,15.6,68.83,971
2022,657,102,5.2,400,23.1,14.8,59.4,971
2022,739,120,5.1,567,24.6,14.3,52.72,971
2022,786,127,4.8,682,25.9,13.9,47.4,971
2022,805,130,4.5,735,26.8,13.4,43.56,970
2022,201,408,4.3,556,27.2,13,41.4,969
2022,145,369,4,466,27,12.6,40.96,968
2022,748,99,3.7,501,26.4,12.3,41.69,968
2022,86,200,3.3,231,25.3,12.1,43.88,967
2022,0,62,1.9,62,22.8,12.3,51.5,968
2022,0,0,1.4,0,20.7,12.3,58.45,968
2022,0,0,1.6,0,19.8,12,60.65,968
2022,0,0,1.9,0,18.9,11.7,62.9,969
2022,0,0,2.1,0,18.2,11.4,64.35,969
2022,0,0,2.3,0,17.6,11.1,65.78,969
2022,0,0,2.4,0,17.1,11,67.32,969
2022,0,0,2.4,0,16.5,10.9,69.65,969
2022,0,0,2.4,0,16.1,10.9,71.21,968
2022,0,0,2.4,0,15.7,10.8,72.77,968
2022,0,0,2.5,0,15.3,10.7,74.16,968
2022,0,0,2.4,0,14.9,10.6,75.45,968
2022,0,0,2.4,0,14.5,10.5,76.84,969
2022,0,0,2.3,0,14.1,10.4,78.31,969
2022,86,19,2.9,23,14.8,10.3,74.35,970
2022,449,82,3.4,200,16.7,10.2,65.43,970
2022,627,114,3,398,18.8,10.6,59.02,970
2022,722,130,2.4,567,20.8,11.2,54.25,970
2022,849,103,1.8,702,22.6,11.7,50.21,969
2022,868,103,1.5,755,24.2,12,46.35,967
2022,869,101,1.7,741,25.3,12,43.54,966
2022,850,94,2.1,659,25.9,11.9,41.75,964
2022,802,84,2.4,516,25.8,11.8,41.59,963
2022,706,68,2.3,328,25.1,11.7,43.03,963
2022,472,42,1.1,120,22.3,12.4,53.44,963
2022,0,0,0.9,0,20.4,12,58.46,963
2022,0,0,0.9,0,19.6,11.8,60.81,964
2022,0,0,0.9,0,19,11.7,62.55,964
2022,0,0,1,0,18.3,11.6,64.87,964
2022,0,0,1,0,17.8,11.5,66.55,964
2022,0,0,1,0,17.4,11.4,67.79,964
2022,0,0,1,0,17.1,11.3,68.5,963
2022,0,0,0.9,0,16.8,11.2,69.51,963
2022,0,0,0.9,0,16.5,11.1,70.62,963
2022,0,0,0.9,0,16.1,11.1,72.25,963
2022,0,0,0.9,0,15.8,11.1,73.47,963
2022,0,0,0.9,0,15.5,11.1,74.86,963
2022,0,0,0.8,0,15.1,11.1,76.99,964
2022,166,18,1,27,17.1,11.4,69.2,964
2022,573,62,1.9,213,20.5,11.6,56.55,965
2022,737,83,3.2,418,24.2,12,46.35,965
2022,820,95,4.2,590,26.8,12,39.79,965
2022,885,90,4.6,716,28.3,11.7,35.79,964
2022,904,91,4.7,770,29.4,11.4,32.92,963
2022,902,89,4.8,755,30,11.1,31.1,961
2022,864,93,4.8,668,30.1,10.8,30.41,960
2022,813,84,4.7,522,29.7,10.6,30.66,959
2022,708,69,4.1,330,28.5,10.6,32.83,959
2022,469,43,2.6,121,25.3,11.2,41.13,959
2022,0,0,2.5,0,23.2,11.1,46.49,959
2022,0,0,2.6,0,22.5,11.1,48.41,960
2022,0,0,2.7,0,21.7,11.1,50.86,960
2022,0,0,2.5,0,21,11.2,53.34,960
2022,0,0,2.4,0,20.2,11.2,56.34,961
2022,0,0,2.3,0,19.5,11.2,58.74,960
2022,0,0,2.1,0,18.7,11.2,61.55,960
2022,0,0,1.8,0,18.1,11.1,63.8,960
2022,0,0,1.6,0,17.5,11.1,66.21,960
2022,0,0,1.5,0,17.1,11.2,68.08,960
2022,0,0,1.4,0,16.6,11.3,70.74,960
2022,0,0,1.3,0,16.3,11.4,72.99,961
2022,0,0,1.2,0,16,11.6,75.33,962
2022,0,14,1.9,14,18.1,12,67.34,963
2022,0,44,2.9,44,21.3,12.4,56.84,964
2022,0,88,4,88,24.7,12.7,47.06,965
2022,0,134,4.5,134,27.6,12.5,39.16,965
2022,0,160,4.2,160,29.3,12.6,35.69,965
2022,0,163,3.4,163,30.4,12.9,34.18,964
2022,1,257,2.3,257,31,13.1,33.6,964
2022,113,380,1.2,454,31,13.3,33.94,963
2022,615,140,0.9,472,30.5,13.4,35.14,963
2022,473,115,1.3,290,29.2,13.8,38.89,964
2022,227,61,1.4,98,26.3,14.7,48.73,964
2022,0,0,2.1,0,24.2,13.6,51.62,966
2022,0,0,3,0,23.1,12.7,51.96,967
2022,0,0,3.3,0,22,11.6,51.74,968
2022,0,0,3.1,0,20.9,11,53.03,969
2022,0,0,2.8,0,20,10.8,55.39,969
2022,0,0,2.6,0,19.2,10.7,57.8,969
2022,0,0,2.5,0,18.4,10.5,60.09,969
2022,0,0,2.2,0,17.6,10.3,62.23,969
2022,0,0,1.9,0,16.9,10.1,64.13,968
2022,0,0,1.5,0,16.2,10,66.51,968
2022,0,0,1.2,0,15.6,9.9,68.78,968
2022,0,0,1.1,0,15.2,9.8,70.39,968
2022,0,0,1,0,14.9,9.8,71.7,968
2022,69,17,1.9,21,16.3,9.9,65.62,969
2022,425,82,2.5,194,18.9,9.4,53.93,969
2022,615,113,2,392,21.4,9.5,46.48,970
2022,720,127,1.4,563,23.6,9.8,41.67,969
2022,858,95,1.3,702,25.5,10.4,38.66,968
2022,875,98,1.9,757,27.1,11.1,36.73,967
2022,868,98,2.4,740,28.1,11.2,35.06,965
2022,823,103,2.6,652,28.4,11.2,34.35,964
2022,768,94,2.7,510,28.1,11,34.49,963
2022,660,77,2.6,322,27.1,10.9,36.36,963
2022,418,46,1.2,117,23.7,11.9,47.71,963
2022,0,0,1.1,0,21.5,11.5,52.93,963
2022,0,0,1.1,0,20.6,11.3,55.11,963
2022,0,0,1,0,19.9,11.1,57.03,964
2022,0,0,1,0,19.2,11,59.16,964
2022,0,0,1,0,18.6,11,61.25,964
2022,0,0,1.1,0,18,11,63.51,963
2022,0,0,1.1,0,17.5,11,65.61,963
2022,0,0,1.1,0,17.1,11,67.35,962
2022,0,0,1.2,0,16.8,11,68.73,962
2022,0,0,1.2,0,16.4,11,70.56,961
2022,0,0,1.2,0,16.2,11.1,71.73,961
2022,0,0,1.2,0,15.9,11.2,73.57,962
2022,0,0,1.2,0,15.7,11.3,74.96,962
2022,175,18,1.9,26,18.1,11.5,65.56,963
2022,584,59,2.9,213,21.5,11.8,53.97,963
2022,746,79,4.3,417,25,12,44.31,964
2022,824,90,5,589,27.5,12,38.19,963
2022,832,110,5.1,698,28.9,12.1,35.38,963
2022,843,115,5.1,751,29.9,12.2,33.68,962
2022,831,116,4.9,731,30.5,12.3,32.73,961
2022,816,105,4.7,650,30.5,12.3,32.86,960
2022,757,95,4.4,506,30.1,12.4,33.73,959
2022,0,110,3.7,110,29,12.6,36.37,959
2022,400,48,1.9,115,25.7,13.3,46.28,960
2022,0,0,1.5,0,23.5,13.3,52.74,961
2022,0,0,1.4,0,22.6,13.3,55.73,961
2022,0,0,1.4,0,21.9,13.3,58.21,962
2022,0,0,1.3,0,21.2,13.3,60.72,962
2022,0,0,1.3,0,20.6,13.3,62.91,962
2022,0,0,1.3,0,20,13.3,65.27,962
2022,0,0,1.3,0,19.5,13.3,67.2,962
2022,0,0,1.3,0,19,13.2,68.98,961
2022,0,0,1.3,0,18.5,13.1,70.74,961
2022,0,0,1.4,0,18.1,13,72,961
2022,0,0,1.5,0,17.7,12.9,73.38,961
2022,0,0,1.5,0,17.5,12.8,74.02,961
2022,0,0,1.6,0,17.2,12.8,75.26,961
2022,167,18,2.7,26,19.2,12.9,66.81,962
2022,581,60,3.8,213,22.1,13,56.21,962
2022,746,80,5.1,418,25.1,12.5,45.6,962
2022,823,92,5.9,590,27.4,11.8,37.81,961
2022,852,103,6.2,706,28.9,11.7,34.55,960
2022,860,109,6.3,758,29.8,12.1,33.59,959
2022,845,113,6.4,740,30.3,12.3,33.23,958
2022,813,111,6.3,655,30.4,12.4,33.22,957
2022,758,100,6.3,511,30,12.4,33.92,956
2022,661,78,5.9,325,29,12.4,35.94,955
2022,444,46,4.9,121,27,12.7,41.08,955
2022,0,0,4.4,0,25.3,12.9,46.25,956
2022,0,0,4.4,0,24.5,13.1,48.97,957
2022,0,0,4.4,0,23.9,13.2,51.16,957
2022,0,0,4.3,0,23.4,13.4,53.27,958
2022,0,0,4.2,0,22.9,13.5,55.38,958
2022,0,0,4.2,0,22.4,13.6,57.44,958
2022,0,0,3.9,0,22,13.7,59.21,958
2022,0,0,3.8,0,21.5,13.8,61.51,958
2022,0,0,3.9,0,21.3,13.9,62.74,957
2022,0,0,4,0,21.1,14.1,64.21,958
2022,0,0,4.1,0,21,14.2,65.21,958
2022,0,0,4.1,0,20.9,14.4,66.33,958
2022,0,0,4,0,20.8,14.6,67.56,959
2022,160,18,4.5,26,21.8,14.8,64.55,960
2022,561,61,5.2,208,23.7,15.2,58.85,961
2022,719,82,6,409,26,15.8,53.44,962
2022,798,95,6.5,578,28.2,16.5,49.04,962
2022,829,104,6.6,692,29.8,16.9,45.89,962
2022,855,103,6.3,748,31,17,43.15,961
2022,419,263,6.1,574,31.7,17,41.39,960
2022,556,198,5.8,570,31.8,16.8,40.64,959
2022,763,93,5.4,509,31.4,16.5,40.81,959
2022,663,75,4.8,323,30.5,16.2,42.04,959
2022,434,46,3.4,120,28.2,16,47.58,960
2022,0,0,2.7,0,26.2,15.8,52.66,960
2022,0,0,2.4,0,25.3,15.5,54.77,961
2022,0,0,2.2,0,24.5,15.4,56.85,962
2022,0,0,1.9,0,23.7,15.3,59.18,962
2022,0,0,1.5,0,22.8,15.2,62.27,963
2022,0,0,1.2,0,22,15.2,65.36,963
2022,0,0,1.1,0,21.4,15.2,67.92,963
2022,0,0,1,0,20.9,15.3,70.34,963
2022,0,0,1,0,20.5,15.4,72.49,963
2022,0,0,0.9,0,20.1,15.5,74.73,963
2022,0,0,0.9,0,19.7,15.6,76.99,963
2022,0,0,0.9,0,19.5,15.6,78.36,963
2022,0,0,0.8,0,19.3,15.7,79.81,964
2022,119,17,1.1,23,21.1,15.9,72.41,965
2022,519,66,2.4,203,24.3,16.5,61.62,966
2022,696,88,3.6,404,27.3,16.8,52.75,966
2022,786,99,4.3,575,29.5,16.8,46.4,966
2022,258,318,4.7,500,30.9,16.7,42.5,965
2022,506,317,4.9,700,31.8,16.4,39.77,964
2022,296,381,5,601,32.3,16.1,37.87,963
2022,0,120,5,120,32.3,15.8,37.13,962
2022,365,215,4.9,414,31.8,15.5,37.52,962
2022,257,166,4.4,262,30.6,15.5,40.08,962
2022,101,85,3.1,102,28.4,15.8,46.52,962
2022,0,0,2.5,0,26.4,16,52.96,962
2022,0,0,2.4,0,25.7,16.2,55.59,963
2022,0,0,2.3,0,25,16.2,58.14,963
2022,0,0,2,0,24.3,16.3,60.85,964
2022,0,0,1.7,0,23.5,16.3,64.01,964
2022,0,0,1.5,0,22.6,16.3,67.65,964
2022,0,0,1.4,0,22.1,16.3,69.72,964
2022,0,0,1.4,0,21.8,16.3,70.99,963
2022,0,0,1.4,0,21.7,16.4,71.65,963
2022,0,0,1.3,0,21.4,16.4,73.38,963
2022,0,0,1.3,0,21.1,16.5,75.25,963
2022,0,0,1.4,0,20.8,16.7,77.25,963
2022,0,0,1.4,0,20.4,16.8,79.93,964
2022,0,16,2.4,16,22.1,17,72.79,964
2022,11,93,3.4,96,25.1,17.3,62.05,965
2022,60,207,4.9,234,28.3,17.5,52.03,965
2022,74,273,5.5,317,30.4,17.4,45.89,965
2022,75,335,5.7,389,31.7,17.2,42.03,964
2022,4,214,5.8,217,32.6,16.9,39.11,963
2022,60,325,5.7,369,33.1,16.5,37.08,962
2022,83,297,5.6,353,33,16.2,36.55,960
2022,767,92,5.3,513,32.4,15.9,37.17,960
2022,10,164,4.6,168,31.3,15.8,39.15,960
2022,422,48,3.1,122,29.1,15.9,44.96,960
2022,0,0,2.7,0,27.4,16,49.7,961
2022,0,0,2.7,0,26.8,15.9,51.27,961
2022,0,0,2.6,0,26.1,15.8,53.25,962
2022,0,0,2.5,0,25.5,15.8,54.98,962
2022,0,0,2.4,0,24.9,15.8,56.83,962
2022,0,0,2.2,0,24.3,15.7,58.73,962
2022,0,0,2.1,0,23.7,15.7,60.68,962
2022,0,0,2,0,23.2,15.6,62.28,961
2022,0,0,2,0,22.7,15.6,64.08,961
2022,0,0,1.9,0,22.2,15.5,65.94,961
2022,0,0,1.8,0,21.8,15.5,67.53,962
2022,0,0,1.7,0,21.4,15.5,69.19,962
2022,0,0,1.6,0,21,15.6,71.09,963
2022,1,18,2.2,18,22.5,15.7,65.55,964
2022,53,116,2.9,130,25.3,15.9,56.08,964
2022,348,173,3.6,331,28.4,16.1,47.39,965
2022,803,93,4,580,30.6,16.1,41.69,964
2022,836,103,4.2,697,32.1,15.9,37.87,963
2022,853,106,4.3,753,33,15.7,35.38,962
2022,848,105,4.3,737,33.6,15.4,33.59,961
2022,841,92,4.3,659,33.6,15.1,33.06,960
2022,790,84,4.2,518,33.1,15,33.67,959
2022,688,70,3.7,330,31.9,15,36.07,959
2022,459,44,2,125,29,15.6,44.37,959
2022,0,0,1.5,0,26.8,15.7,50.62,960
2022,0,0,1.5,0,25.9,15.7,53.38,961
2022,0,0,1.5,0,25.2,15.7,55.72,962
2022,0,0,1.7,0,24.7,15.8,57.52,962
2022,0,0,1.7,0,24.2,15.8,59.5,962
2022,0,0,1.7,0,23.6,15.9,61.88,962
2022,0,0,1.7,0,23.1,15.9,63.9,962
2022,0,0,1.7,0,22.6,15.9,65.8,961
2022,0,0,1.7,0,22.1,15.9,67.76,961
2022,0,0,1.7,0,21.8,15.8,68.93,960
2022,0,0,1.7,0,21.6,15.9,69.91,960
2022,0,0,1.7,0,21.4,16,71.13,960
2022,0,0,1.7,0,21.2,16.1,72.63,961
2022,150,18,2.5,25,22.8,16.3,66.86,962
2022,563,59,3.9,208,25.5,16.8,58.75,962
2022,725,80,4.9,410,28,17.2,51.82,962
2022,801,92,5.7,579,29.8,17.2,46.71,962
2022,842,98,6.2,697,31,17.1,43.3,961
2022,860,99,6.3,752,31.9,16.9,40.74,960
2022,861,97,6.1,740,32.5,16.7,38.83,958
2022,828,97,5.9,656,32.6,16.5,38.1,957
2022,780,86,5.6,515,32.3,16.2,38.08,956
2022,676,73,5.1,329,31.3,15.9,39.55,956
2022,438,47,3.9,124,29.2,15.8,44.33,956
2022,0,0,3.3,0,27.4,15.8,49.29,957
2022,0,0,3.2,0,26.6,15.8,51.59,957
2022,0,0,3,0,25.9,15.9,54.08,958
2022,0,0,2.7,0,25.1,16.1,57.25,959
2022,0,0,2.7,0,24.6,16.2,59.44,959
2022,0,0,2.8,0,24.2,16.3,61.29,958
2022,0,0,2.7,0,23.8,16.4,63.34,958
2022,0,0,2.5,0,23.2,16.5,66.19,958
2022,0,0,2.5,0,22.8,16.6,68.22,957
2022,0,0,2.4,0,22.4,16.7,70.35,957
2022,0,0,2.4,0,22,16.8,72.49,957
2022,0,0,2.5,0,21.8,16.9,73.8,957
2022,0,0,2.6,0,21.6,17,75.26,958
2022,107,19,3.5,24,23,17.2,69.86,959
2022,503,68,5.1,201,25.7,17.6,60.84,960
2022,677,92,6.2,400,28.4,18,53.42,960
2022,765,103,6.6,569,30.4,18.1,47.93,960
2022,792,118,6.3,683,31.8,17.9,43.6,960
2022,806,124,5.8,736,32.9,17.6,40.23,959
2022,795,126,5.1,720,33.5,17.4,38.42,959
2022,790,109,4.4,644,33.6,17.3,37.84,958
2022,724,102,3.8,502,33.1,17.2,38.69,958
2022,596,89,3,316,31.9,17.2,41.51,958
2022,339,57,1.5,117,29.5,17.8,49.52,959
2022,0,0,0.9,0,27.6,18.1,56.14,961
2022,0,0,0.5,0,27,18.3,59.05,962
2022,0,0,0.4,0,26.5,18.5,61.5,963
2022,0,0,1.1,0,25.6,18.7,65.68,964
2022,0,0,2,0,24.4,18.7,70.38,964
2022,0,0,2.5,0,23.2,18.7,75.67,965
2022,0,0,2.4,0,22.3,18.4,78.65,965
2022,0,0,2.3,0,21.5,17.8,79.6,965
2022,0,0,2.3,0,20.9,17.2,79.46,965
2022,0,0,2.3,0,20.3,16.7,79.65,965
2022,0,0,2,0,19.8,16.2,79.9,965
2022,0,0,1.7,0,19.3,15.8,80.01,965
2022,0,0,1.4,0,18.9,15.5,80.62,966
2022,0,15,1.6,15,19.2,15.2,77.77,967
2022,456,77,1.2,197,20.9,15.1,69.29,968
2022,0,52,0.6,52,23.7,15.3,59.14,968
2022,1,210,2.2,211,27.1,15.7,49.73,967
2022,0,74,3.4,74,29.2,16.1,45.01,966
2022,774,144,4,733,30.3,16.5,43.43,965
2022,688,195,4.4,711,31.1,16.7,41.98,963
2022,736,138,4.3,637,31.3,16.7,41.52,962
2022,687,119,4.1,499,31,16.7,42.31,961
2022,577,96,3.7,317,30.1,16.9,45.12,961
2022,342,57,2.1,118,28,17.4,52.55,962
2022,0,0,1.5,0,26.1,17.5,58.96,962
2022,0,0,1.4,0,25.4,17.4,61.29,963
2022,0,0,1.3,0,24.8,17.4,63.31,963
2022,0,0,1.3,0,24.3,17.3,65.16,964
2022,0,0,1.3,0,23.8,17.3,67,964
2022,0,0,1.3,0,23.4,17.2,68.32,964
2022,0,0,1.3,0,22.9,17.1,69.71,963
2022,0,0,1.3,0,22.4,16.9,71.01,963
2022,0,0,1.3,0,21.9,16.6,72,963
2022,0,0,1.3,0,21.4,16.3,72.78,962
2022,0,0,1.3,0,21,16,73.05,963
2022,0,0,1.4,0,20.7,15.6,72.49,963
2022,0,0,1.5,0,20.5,15.2,71.7,964
2022,119,18,2.4,24,22.2,15.1,64.03,964
2022,521,65,3.6,203,25,14.5,52.02,965
2022,694,86,5.1,403,28,13.7,41.59,965
2022,781,97,5.8,574,30.2,14.3,37.86,964
2022,146,388,6.2,493,31.6,15,36.66,963
2022,823,115,6.3,742,32.5,15.3,35.45,962
2022,830,109,6.2,732,33.1,15.2,34.1,961
2022,817,100,6.2,655,33.2,14.8,32.99,959
2022,780,85,6,518,32.8,14.2,32.52,958
2022,694,68,5.4,335,31.8,13.7,33.33,958
2022,487,43,4.1,131,29.6,13.4,37.07,958
2022,0,0,3.6,0,27.6,13.1,40.8,959
2022,0,0,3.5,0,26.8,12.7,41.66,959
2022,0,0,3.3,0,26,12.4,42.8,960
2022,0,0,3.3,0,25.3,12.1,43.91,960
2022,0,0,3,0,24.5,12,45.58,960
2022,0,0,2.9,0,23.9,11.9,46.97,960
2022,0,0,2.8,0,23.4,11.8,48.23,960
2022,0,0,2.8,0,23.1,11.8,49.13,960
2022,0,0,2.9,0,22.9,11.9,49.93,960
2022,0,0,3.1,0,22.6,12,51.17,959
2022,0,0,3.1,0,22.3,12.2,52.77,959
2022,0,0,3.1,0,22,12.4,54.6,959
2022,0,0,3,0,21.7,12.7,56.51,960
2022,169,18,3.6,26,23.1,13.1,53.21,960
2022,568,59,4.9,209,25.7,13.7,47.47,961
2022,724,79,6.4,411,28.5,14.6,42.56,961
2022,799,93,7.2,581,30.6,15,38.83,961
2022,837,100,7.4,699,32,15,35.89,960
2022,851,102,7.3,752,33,15.2,34.24,959
2022,843,103,7.1,737,33.6,15.4,33.6,958
2022,15,297,6.9,307,33.7,15.5,33.65,956
2022,709,109,6.5,503,33.3,15.6,34.52,955
2022,597,89,6,319,32.3,15.7,36.88,955
2022,174,85,5,117,30.6,16,41.34,955
2022,0,0,4.5,0,29.1,16.2,45.8,955
2022,0,0,4.5,0,28.4,16.4,48.08,956
2022,0,0,4.6,0,28,16.4,49.29,956
2022,0,0,4.6,0,27.5,16.4,50.83,957
2022,0,0,4.6,0,27,16.4,52.38,957
2022,0,0,4.4,0,26.6,16.4,53.63,957
2022,0,0,4.3,0,26.3,16.4,54.68,957
2022,0,0,4.2,0,26,16.5,55.8,957
2022,0,0,4.2,0,25.7,16.5,56.87,956
2022,0,0,4.1,0,25.4,16.6,58.08,956
2022,0,0,4.1,0,25.2,16.6,59.02,956
2022,0,0,4.2,0,25.1,16.7,59.71,956
2022,0,0,4.3,0,25,16.8,60.58,957
2022,0,14,4.9,14,25.8,17.1,58.52,958
2022,166,123,5.7,167,27.7,17.3,53.22,958
2022,74,207,6.7,241,29.6,17.6,48.49,958
2022,350,263,7.3,477,31.1,17.8,45.18,958
2022,439,256,7.4,571,32.1,17.9,42.93,957
2022,252,398,7.2,591,32.7,17.9,41.51,956
2022,92,320,7,390,33.1,17.9,40.44,955
2022,397,241,6.7,512,33.1,17.8,40.22,954
2022,389,207,6.4,424,32.6,17.8,41.29,954
2022,49,167,5.8,186,31.7,17.8,43.45,954
2022,20,80,4.8,84,30.4,17.8,46.91,954
2022,0,0,3.8,0,29.2,17.9,50.61,956
2022,0,0,3,0,28.4,18,53.3,957
2022,0,0,1.9,0,27.4,18.1,56.88,959
2022,0,0,1.1,0,26.7,18.2,59.77,960
2022,0,0,0.4,0,26.2,18.5,62.66,962
2022,0,0,1.7,0,25.3,18.5,66.12,963
2022,0,0,4.3,0,23.1,16.9,68.07,964
2022,0,0,5.7,0,20.9,12.4,58.18,965
2022,0,0,5.5,0,19.6,7,44.01,966
2022,0,0,5.2,0,19,5,39.81,966
2022,0,0,5.4,0,18.4,4.6,40.16,967
2022,0,0,5.4,0,17.6,4.5,41.88,967
2022,0,0,5.3,0,16.9,4.5,43.85,968
2022,0,12,5.3,12,16.6,4.5,44.66,969
2022,1,40,5.4,40,16.8,4.5,44.14,970
2022,13,136,5.3,142,17.4,4.3,41.97,970
2022,2,123,5.1,124,18.2,3.9,38.57,970
2022,63,307,5,352,19.1,3.6,35.8,969
2022,10,334,4.8,341,20,3.6,33.9,968
2022,1,230,4.2,230,20.6,3.9,33.26,967
2022,0,72,3.8,72,20.7,4.2,33.79,967
2022,6,223,3.4,227,20.3,4.4,35.16,966
2022,0,68,3,68,19.5,4.7,37.74,967
2022,0,10,2.4,10,18.5,5,40.95,967
2022,0,0,1.9,0,17.8,5.3,43.72,967
2022,0,0,1.7,0,17.3,5.4,45.32,967
2022,0,0,1.5,0,17,5.2,45.69,967
2022,0,0,1.3,0,16.6,5.1,46.5,968
2022,0,0,1.3,0,16.5,4.9,46.3,968
2022,0,0,1.3,0,16.2,4.9,47.06,967
2022,0,0,1.2,0,16,5,47.89,967
2022,0,0,0.8,0,15.6,5.3,50.32,966
2022,0,0,0.6,0,15.4,5.9,53.09,965
2022,0,0,0.4,0,15.4,6.4,55.14,965
2022,0,0,0.2,0,15.2,7,58.23,965
2022,0,0,0.4,0,15.1,7.3,59.61,965
2022,0,0,0.5,0,15,7.5,60.83,965
2022,0,6,1.4,6,16.4,7.6,55.95,965
2022,0,7,2.5,7,18.8,7.6,48.28,965
2022,0,82,3.5,82,21.5,8,41.95,965
2022,0,160,4.2,160,23.8,8.8,38.39,964
2022,6,297,4.8,301,25.8,10,37.06,963
2022,1,270,5.4,271,27.3,11.5,37.37,962
2022,45,354,5.8,388,28.2,12.6,38.09,960
2022,766,121,6,647,28.5,13.2,39.1,959
2022,726,103,6,510,28.1,13.6,40.91,958
2022,627,83,5.7,327,27.2,13.8,43.8,958
2022,403,52,4.7,127,25.5,14,48.94,958
2022,0,0,3.9,0,24,14.1,53.82,958
2022,0,0,3.6,0,23.3,14.1,56.37,959
2022,0,0,3.3,0,22.7,14.2,58.67,959
2022,0,0,3.2,0,22.2,14.3,60.71,959
2022,0,0,3,0,21.8,14.3,62.48,960
2022,0,0,3,0,21.5,14.4,63.83,960
2022,0,0,3,0,21.2,14.4,65.35,960
2022,0,0,2.9,0,20.7,14.5,67.83,959
2022,0,0,3.1,0,20.2,14.7,70.55,959
2022,0,0,3,0,19.8,14.8,72.79,958
2022,0,0,3,0,19.7,14.9,73.72,958
2022,0,0,3,0,19.6,15,74.67,958
2022,0,0,3,0,19.6,15.1,75.38,959
2022,0,17,3.7,17,20.8,15.3,70.79,959
2022,188,126,4.7,176,23.2,15.6,62.45,960
2022,377,176,5.8,350,25.8,16.2,55.43,960
2022,628,160,6.6,547,27.9,16.8,50.86,959
2022,209,322,7.1,473,29.2,17.2,48.4,958
2022,3,298,7.3,301,29.9,17.4,47.07,957
2022,1,153,7.3,154,30.2,17.5,46.51,956
2022,6,207,7.2,211,30.2,17.5,46.6,955
2022,1,84,6.9,84,29.7,17.6,48.16,955
2022,0,19,6.5,19,28.9,17.7,50.97,954
2022,1,35,6,35,27.8,18,55.16,955
2022,0,0,5.6,0,26.9,18.2,58.86,955
2022,0,0,5.4,0,26.4,18.4,61.29,955
2022,0,0,5.3,0,26,18.5,63.41,956
2022,0,0,5,0,25.6,18.6,65.42,956
2022,0,0,4.9,0,25.3,18.7,67.05,956
2022,0,0,4.8,0,25,18.8,68.71,956
2022,0,0,4.8,0,24.7,18.9,70.26,956
2022,0,0,4.8,0,24.5,19,71.25,956
2022,0,0,4.7,0,24.3,19,72.18,955
2022,0,0,4.6,0,23.9,19.1,74.48,955
2022,0,0,4.3,0,23.3,19.3,78.38,956
2022,0,0,4,0,22.8,19.6,81.95,956
2022,0,0,4,0,22.4,19.8,85.07,957
2022,0,12,4.2,12,22.4,20,86.38,957
2022,0,31,4.4,31,22.9,20.4,85.63,958
2022,69,202,5,234,23.9,20.7,82.17,959
2022,0,73,5.9,73,25.1,20.8,77,959
2022,3,182,6.4,184,26.2,20.7,71.74,958
2022,4,190,6.6,194,26.8,20.6,68.73,957
2022,70,331,6.5,384,27,20.5,67.79,956
2022,11,216,6.2,224,26.9,20.5,67.99,955
2022,0,119,5.7,119,26.4,20.5,70.19,955
2022,13,172,5,177,25.5,20.8,75.14,954
2022,10,71,4.5,73,24.3,21.1,82.16,955
2022,0,0,4.3,0,23.6,21.2,86.4,955
2022,0,0,4.3,0,23.3,21.3,88.49,955
2022,0,0,4.4,0,23,21.4,90.69,956
2022,0,0,4.2,0,22.8,21.4,92.08,957
2022,0,0,4.1,0,22.6,21.4,92.91,957
2022,0,0,4.1,0,22.4,21.3,93.37,957
2022,0,0,4.1,0,22.2,21.1,93.64,957
2022,0,0,4.1,0,22.1,21,93.27,957
2022,0,0,4,0,21.9,20.8,93.65,957
2022,0,0,3.8,0,21.7,20.7,94.12,957
2022,0,0,3.6,0,21.6,20.6,94.17,957
2022,0,0,3.2,0,21.5,20.6,94.62,958
2022,0,0,2.5,0,21.3,20.6,95.93,959
2022,0,10,2.4,10,21.6,20.9,95.51,959
2022,0,4,2.6,4,22.2,21.3,94.45,960
2022,0,10,2.9,10,22.9,21.7,93.14,961
2022,0,54,3.2,54,23.5,22.1,91.75,961
2022,0,68,3.2,68,24.1,22.3,89.77,961
2022,0,61,2.8,61,24.4,22.4,88.64,960
2022,0,24,2.2,24,24.5,22.4,88.32,960
2022,0,41,1.3,41,24.3,22.5,89.64,959
2022,0,22,0.9,22,23.8,22.4,91.94,960
2022,0,21,1.6,21,23.2,21.9,92.57,960
2022,10,74,2.7,76,21.6,20.9,96.04,961
2022,0,0,3.9,0,19.4,18.7,95.96,963
2022,0,0,4.6,0,17.2,16,92.58,965
2022,0,0,4.5,0,15.6,13.8,88.99,966
2022,0,0,4.3,0,14.9,12.7,86.78,967
2022,0,0,4.2,0,14.2,11.8,85.42,968
2022,0,0,4.3,0,13.6,10.8,83.05,968
2022,0,0,4,0,13,9.9,81.58,969
2022,0,0,4,0,12.6,9.2,79.97,968
2022,0,0,4,0,12.2,8.7,79.34,967
2022,0,0,4.3,0,11.9,8.5,79.57,968
2022,0,0,4.1,0,11.7,8.1,78.32,969
2022,0,0,3.8,0,11.5,7.7,77.29,969
2022,0,0,3.6,0,11.4,7.5,77.12,970
2022,0,6,3.7,6,11.7,7.4,74.83,970
2022,8,82,4,84,12.5,7.3,70.8,971
2022,0,41,4,41,13.2,7.2,66.95,971
2022,17,217,4.2,227,14.1,7,62.17,971
2022,1,113,4.1,113,15.1,6.6,56.68,971
2022,1,149,4.1,150,16.4,6.1,50.64,970
2022,0,107,3.8,108,17.5,5.7,45.81,969
2022,0,19,3.2,19,17.9,5.5,44.18,968
2022,483,166,2.6,441,17.5,5.6,45.51,968
2022,3,139,1.8,140,16.6,6.1,49.97,968
2022,31,88,0.9,94,15.5,7.8,60.25,968
2022,0,0,0.7,0,14.9,8.2,64.36,968
2022,0,0,0.7,0,14.5,8.1,65.6,968
2022,0,0,0.7,0,14.2,8.1,66.57,968
2022,0,0,0.6,0,14,8.2,67.86,968
2022,0,0,0.5,0,13.9,8.4,69.45,968
2022,0,0,0.5,0,13.9,8.6,70.2,968
2022,0,0,0.5,0,13.8,8.8,71.78,967
2022,0,0,0.5,0,13.9,8.9,72.04,967
2022,0,0,0.4,0,13.9,9.1,72.73,966
2022,0,0,0.4,0,14,9.3,73.48,966
2022,0,0,0.3,0,14.2,9.4,73.04,966
2022,0,0,0.3,0,14.2,9.6,74.06,966
2022,0,0,0.4,0,14,10.1,77.1,967
2022,1,19,0.7,19,15.5,11.3,76.24,967
2022,297,111,1,191,17.8,11.6,66.93,968
2022,494,144,1.7,374,20.7,12.2,58.13,968
2022,757,108,2.4,578,22.9,13.2,54.24,968
2022,558,193,3.1,599,24.6,14.2,52.4,967
2022,519,220,3.6,623,25.8,15.1,51.71,966
2022,637,198,3.9,686,26.5,15.8,51.78,965
2022,656,152,3.9,609,26.6,16.2,52.84,964
2022,346,215,3.6,412,26.3,16.3,54.31,964
2022,265,162,2.9,267,25.4,16.6,58.4,964
2022,446,51,1.5,137,22.9,16.9,69.09,964
2022,0,0,1.2,0,20.9,16.4,75.47,965
2022,0,0,1.2,0,20.2,16.3,78.18,965
2022,0,0,1.1,0,19.6,16.2,80.83,966
2022,0,0,1.1,0,19.3,16.2,82.38,966
2022,0,0,1,0,19.1,16.2,83.48,967
2022,0,0,1,0,18.9,16.2,84.43,967
2022,0,0,1,0,18.7,16.2,85.21,967
2022,0,0,0.9,0,18.6,16.1,85.47,966
2022,0,0,0.9,0,18.4,16.1,86.39,966
2022,0,0,1,0,17.8,16,89.38,966
2022,0,0,1.2,0,17.5,15.9,90.61,967
2022,0,0,1.6,0,17.4,15.8,90.48,968
2022,0,0,2,0,17.3,15.7,90.31,969
2022,136,20,2.7,27,18.8,15.9,83.26,970
2022,337,107,3.2,199,21.4,16.2,72.25,970
2022,698,88,3.3,414,24,16.6,63.14,971
2022,779,102,2.9,588,25.9,16.9,57.46,970
2022,832,104,2.4,711,27.4,17,52.99,969
2022,510,245,2.1,643,28.2,16.9,50.29,968
2022,848,106,1.8,758,28.6,16.8,48.71,967
2022,843,95,1.8,683,28.5,16.6,48.4,966
2022,800,85,1.7,543,28,16.3,49.09,965
2022,715,70,1.5,356,26.9,16.4,52.77,965
2022,514,46,0.8,146,24.2,17.2,64.83,965
2022,0,0,0.8,0,22.6,15.9,66.03,965
2022,0,0,0.7,0,22.3,15.6,65.85,966
2022,0,0,0.4,0,22.1,15.4,65.82,966
2022,0,0,0.7,0,21,15.3,69.94,966
2022,0,0,0.9,0,19.8,15.3,75.14,966
2022,0,0,1,0,18.9,15.2,79.21,966
2022,0,0,1,0,18.5,15.1,80.75,966
2022,0,0,1,0,18.5,15,80.06,965
2022,0,0,1,0,18.6,14.8,78.76,965
2022,0,0,0.9,0,18.6,14.6,77.66,965
2022,0,0,0.9,0,18.7,14.4,75.88,965
2022,0,0,0.8,0,18.7,14.1,74.6,965
2022,0,0,0.7,0,18.8,13.9,73.15,965
2022,147,20,0.6,28,20,15.3,74.45,966
2022,550,66,1.3,217,22.7,15.2,62.62,966
2022,721,88,2.1,425,25.7,14.9,51.16,966
2022,805,99,2.8,602,27.4,14.9,46.55,966
2022,867,96,3.2,730,28.6,15,43.6,965
2022,885,99,3.6,790,29.3,15,41.89,964
2022,882,98,3.8,777,29.6,15,41.07,962
2022,855,97,3.8,695,29.5,15,41.24,961
2022,810,87,3.6,552,28.9,15,42.72,960
2022,721,72,2.8,362,27.7,15.6,47.57,960
2022,516,47,1.5,148,24.6,16.1,59.04,960
2022,0,0,1.3,0,22.5,15.3,63.78,961
2022,0,0,1.3,0,21.6,15.2,66.82,961
2022,0,0,1.2,0,21,15,68.7,962
2022,0,0,1.2,0,20.4,14.9,70.5,962
2022,0,0,1.2,0,19.9,14.7,71.93,962
2022,0,0,1.2,0,19.3,14.5,73.88,962
2022,0,0,1.3,0,18.9,14.3,74.82,961
2022,0,0,1.3,0,18.5,14.2,75.87,961
2022,0,0,1.3,0,18.1,14,76.82,960
2022,0,0,1.4,0,17.8,13.8,77.34,960
2022,0,0,1.6,0,17.6,13.6,77.2,960
2022,0,0,1.8,0,17.5,13.3,76.56,960
2022,0,0,2.1,0,17.5,13.2,75.88,961
2022,0,20,2.9,20,19.4,13.6,68.95,961
2022,611,59,3.7,227,22.2,13.9,59.38,961
2022,770,77,4.3,439,25,14.3,51.6,961
2022,506,204,5.2,521,27.3,14.5,45.51,961
2022,885,92,5.9,741,28.9,14.9,42.64,960
2022,901,94,6.2,800,29.8,15.5,41.9,959
2022,899,93,6.2,787,30.2,15.9,42.01,958
2022,870,93,6,703,30.1,16.1,42.81,957
2022,825,83,5.5,559,29.7,16.1,43.99,956
2022,733,70,4.7,366,28.7,16.3,47.01,956
2022,525,47,3.4,151,26.5,16.4,53.71,957
2022,0,0,3,0,24.7,15.9,57.98,957
2022,0,0,2.9,0,23.9,15.6,59.86,958
2022,0,0,2.7,0,23.1,15.4,61.95,958
2022,0,0,2.4,0,22.2,15.3,64.97,959
2022,0,0,2.2,0,21.4,15.2,67.78,959
2022,0,0,1.9,0,20.7,15.1,70.28,959
2022,0,0,1.6,0,19.9,15,73.3,959
2022,0,0,1.4,0,19.2,14.9,76,959
2022,0,0,1.2,0,18.6,14.7,78.19,958
2022,0,0,1.1,0,18.1,14.6,80.08,959
2022,0,0,1.1,0,17.8,14.5,80.79,959
2022,0,0,1.1,0,17.5,14.3,81.64,960
2022,0,0,1.1,0,17.3,14.2,82.21,960
2022,0,20,1.6,20,19.8,14.8,72.78,961
2022,617,58,2.3,228,22.8,15,61.39,962
2022,766,77,2.9,438,25.7,15,51.74,962
2022,841,88,3.7,616,28.1,14.6,43.6,962
2022,866,101,4.3,738,29.5,14.5,40.14,962
2022,887,101,4.5,798,30.1,14.7,39.11,961
2022,890,98,4.6,787,30.4,14.7,38.53,960
2022,853,101,4.6,702,30.3,14.6,38.5,959
2022,810,90,4.4,559,29.7,14.5,39.54,959
2022,716,75,3.6,366,28.5,14.7,42.92,958
2022,508,50,2.1,151,25.5,14.9,52.03,958
2022,0,0,1.6,0,23.2,14.2,57.14,959
2022,0,0,1.5,0,22.3,14,59.25,959
2022,0,0,1.4,0,21.5,13.8,61.62,960
2022,0,0,1.4,0,21,13.8,63.42,960
2022,0,0,1.3,0,20.5,13.9,65.84,960
2022,0,0,1.3,0,20,14.1,68.7,961
2022,0,0,1.2,0,19.6,14.3,71.31,961
2022,0,0,1.2,0,19.3,14.5,73.61,960
2022,0,0,1.1,0,19.1,14.7,75.44,960
2022,0,0,1.1,0,18.8,14.8,77.42,960
2022,0,0,1.1,0,18.4,14.8,79.52,959
2022,0,0,1.1,0,18.1,14.9,81.44,960
2022,0,0,1.1,0,18,15,82.5,960
2022,181,21,1.7,31,20.3,15.5,74.11,961
2022,584,63,2.4,225,23.3,15.9,63.06,962
2022,745,83,3.1,435,26.4,16.2,53.53,963
2022,824,94,4,614,29,16.5,46.76,963
2022,860,103,4.6,737,30.3,16.5,43.35,962
2022,881,104,4.8,798,31,16.3,41.26,961
2022,881,102,4.9,786,31.2,16.1,40.3,959
2022,868,94,4.8,707,31.1,15.9,39.84,958
2022,829,82,4.5,563,30.6,15.5,40.16,957
2022,744,68,3.8,371,29.5,15.5,42.73,957
2022,542,46,2.3,154,26.8,15.8,50.85,957
2022,0,0,1.9,0,24.5,15.4,56.9,958
2022,0,0,1.9,0,23.8,15.3,59.07,958
2022,0,0,1.9,0,23.2,15.3,61.28,959
2022,0,0,1.8,0,22.5,15.4,64.1,959
2022,0,0,1.7,0,21.8,15.4,67.01,959
2022,0,0,1.6,0,21.2,15.4,69.52,959
2022,0,0,1.5,0,20.6,15.4,71.98,959
2022,0,0,1.4,0,20.1,15.3,73.91,959
2022,0,0,1.3,0,19.7,15.2,75.39,959
2022,0,0,1.3,0,19.3,15.2,76.94,959
2022,0,0,1.3,0,19,15.1,78.04,959
2022,0,0,1.3,0,18.7,15.1,79.37,960
2022,0,0,1.4,0,18.6,15.1,79.88,960
2022,153,20,2.4,29,20.9,15.4,70.97,961
2022,544,68,3.1,219,23.9,15.6,59.79,962
2022,705,92,3.5,427,26.7,15.7,51.07,962
2022,780,107,4.2,600,29.2,15.7,44.1,962
2022,828,111,4.8,724,30.8,15.7,40.19,962
2022,109,411,5.1,497,31.5,15.8,38.85,961
2022,841,114,5,769,31.8,16,38.57,960
2022,798,118,4.8,683,31.7,16.1,39.16,959
2022,756,103,4.5,543,31.3,16.2,40.38,958
2022,661,84,3.6,354,30.3,16.5,43.51,958
2022,444,54,2,144,27.6,17,52.49,958
2022,0,0,1.5,0,25.5,16.6,57.98,959
2022,0,0,1.4,0,24.6,16.5,60.73,959
2022,0,0,1.3,0,23.9,16.4,63.06,960
2022,0,0,1.3,0,23.2,16.4,65.61,960
2022,0,0,1.2,0,22.6,16.4,68.02,961
2022,0,0,1.1,0,22.1,16.4,70.05,961
2022,0,0,1.1,0,21.8,16.3,71.17,961
2022,0,0,1.1,0,21.5,16.3,72.27,961
2022,0,0,1,0,21.3,16.3,73.21,961
2022,0,0,1,0,21.1,16.3,74.23,961
2022,0,0,1,0,21,16.4,74.8,961
2022,0,0,1,0,20.8,16.4,76.07,962
2022,0,0,1,0,20.7,16.5,76.97,962
2022,99,22,1.8,28,22.6,17,70.53,963
2022,0,50,2.7,50,24.9,16.8,60.86,964
2022,80,259,3.5,297,27.4,16.3,50.93,964
2022,751,117,4.3,594,29.6,16.1,44.07,964
2022,759,144,4.6,707,30.9,16.3,41.45,963
2022,0,74,4.5,74,31.6,16.5,40.33,962
2022,1,241,4.3,242,31.9,16.6,39.83,961
2022,776,127,4.1,678,31.7,16.5,40.25,960
2022,733,111,3.8,538,31.3,16.5,41.05,959
2022,0,141,3.1,141,30.3,16.7,43.91,959
2022,46,105,1.5,114,27.6,17.4,53.9,959
2022,0,0,1.2,0,25.5,16.9,59.01,960
2022,0,0,1.2,0,24.7,16.7,61.18,961
2022,0,0,1.2,0,24.1,16.6,62.81,962
2022,0,0,1.2,0,23.5,16.5,64.72,962
2022,0,0,1.1,0,23,16.5,66.66,963
2022,0,0,1,0,22.5,16.4,68.63,963
2022,0,0,1,0,22,16.4,70.51,963
2022,0,0,1,0,21.6,16.3,71.87,962
2022,0,0,0.9,0,21.2,16.2,73.31,962
2022,0,0,0.9,0,20.9,16.2,74.35,962
2022,0,0,0.9,0,20.5,16.1,75.76,962
2022,0,0,0.9,0,20.2,15.9,76.55,962
2022,0,0,0.9,0,20,15.8,76.93,963
2022,0,21,1.6,21,22.2,16.1,68.42,964
2022,513,74,2.1,219,24.9,15.8,56.98,965
2022,686,100,2.9,428,27.9,14.9,45.1,965
2022,774,113,3.7,606,30.3,14.2,37.52,965
2022,830,114,3.9,732,31.6,14.2,34.81,965
2022,849,116,3.9,791,32.3,14.4,33.87,964
2022,240,420,3.8,608,32.6,14.5,33.63,962
2022,806,118,3.7,693,32.5,14.7,34.09,961
2022,756,106,3.4,550,32,14.8,35.33,960
2022,659,87,2.8,359,30.8,15.2,38.84,960
2022,448,56,1.3,148,27.7,16.4,50.35,960
2022,0,0,1.1,0,25.4,15.9,55.62,961
2022,0,0,1.1,0,24.6,15.8,57.98,962
2022,0,0,1,0,23.9,15.7,59.98,963
2022,0,0,1,0,23.3,15.6,61.79,963
2022,0,0,1,0,22.6,15.5,64.25,963
2022,0,0,1,0,22,15.5,66.47,963
2022,0,0,1,0,21.4,15.4,68.79,963
2022,0,0,0.9,0,20.9,15.4,70.75,963
2022,0,0,0.9,0,20.4,15.3,72.74,962
2022,0,0,0.9,0,20,15.3,74.39,962
2022,0,0,0.9,0,19.7,15.2,75.51,962
2022,0,0,0.9,0,19.4,15.2,76.74,963
2022,0,0,1,0,19.3,15.2,77.1,963
2022,172,22,1.4,32,22,15.8,68.01,964
2022,560,68,2.3,227,25.2,15.8,55.94,965
2022,719,91,3.3,436,28.5,15.4,45.01,965
2022,801,104,4,615,30.7,15.6,40.09,965
2022,842,111,4.2,739,31.8,15.8,38.09,964
2022,864,112,4.2,800,32.6,15.7,36.17,963
2022,867,109,4.2,791,32.9,15.5,35.12,962
2022,828,112,4.2,705,32.8,15.1,34.58,961
2022,786,100,4,562,32.3,14.7,34.62,960
2022,695,82,3.3,370,31.1,14.6,36.65,959
2022,487,54,1.8,155,27.8,15.2,46.1,960
2022,0,0,1.6,0,25.3,14.5,51.07,960
2022,0,0,1.6,0,24.3,14.2,53.35,961
2022,0,0,1.6,0,23.5,14,55.25,961
2022,0,0,1.6,0,22.8,13.9,57.06,962
2022,0,0,1.6,0,22.1,13.8,59.15,962
2022,0,0,1.6,0,21.5,13.6,60.8,961
2022,0,0,1.7,0,20.9,13.5,62.47,961
2022,0,0,1.7,0,20.4,13.3,63.81,960
2022,0,0,1.8,0,20,13.2,65.07,960
2022,0,0,1.8,0,19.6,13.2,66.58,960
2022,0,0,1.8,0,19.2,13.2,68.22,960
2022,0,0,1.8,0,18.9,13.2,69.66,961
2022,0,0,1.7,0,18.7,13.3,70.91,961
2022,161,22,2.7,33,21,13.8,63.3,962
2022,551,71,3.3,228,24.1,13.9,53.02,963
2022,713,95,4.1,439,27.4,13.6,42.79,963
2022,793,108,4.8,616,29.9,13.5,36.7,963
2022,836,115,5.1,742,31.3,14,34.91,962
2022,853,118,5.1,800,32.2,14.3,33.83,961
2022,848,118,5,787,32.6,14.4,33.34,960
2022,831,111,4.7,707,32.6,14.4,33.29,959
2022,782,100,4.3,562,32.2,14.3,33.87,958
2022,687,83,3.6,370,31.1,14.5,36.42,958
2022,475,55,1.9,154,27.9,15.3,46.22,959
2022,0,0,1.5,0,25.3,14.9,52.38,959
2022,0,0,1.3,0,24.3,14.8,55.29,960
2022,0,0,1.1,0,23.5,14.8,58.17,961
2022,0,0,0.9,0,22.9,15,60.92,962
2022,0,0,0.8,0,22.3,15.4,65,963
2022,0,0,1.7,0,21.9,16,69.41,965
2022,0,0,4.4,0,21,16.1,73.7,966
2022,0,0,5.6,0,19.5,14.9,74.77,967
2022,0,0,5.5,0,18.4,13.8,74.43,967
2022,0,0,5.3,0,17.8,13.2,74.45,967
2022,0,0,5.2,0,17.3,12.7,74.15,967
2022,0,0,5,0,17,11.9,72.04,968
2022,0,0,4.9,0,16.6,11.1,70.1,969
2022,0,18,5.1,18,17.2,10.4,64.26,970
2022,23,147,5.7,154,18.6,8.9,53.35,970
2022,1,152,6,153,20.3,6.8,41.45,971
2022,0,96,6,96,21.9,5.1,33.38,971
2022,4,314,5.8,317,23.1,4.1,29.01,970
2022,0,180,5.5,180,24.2,3.7,26.4,969
2022,0,139,5,139,24.9,3.7,25.38,968
2022,0,105,4.5,105,25,3.9,25.54,967
2022,0,132,4,132,24.7,4,26.09,966
2022,0,94,3.3,94,23.8,4,27.65,966
2022,0,43,1.5,43,21,5.7,36.96,966
2022,0,0,1,0,18.4,6.5,45.68,966
2022,0,0,1,0,17.6,6.7,48.65,967
2022,0,0,0.9,0,17,6.3,49.39,967
2022,0,0,0.9,0,16.3,6.2,51.11,967
2022,0,0,0.9,0,15.6,6,52.7,966
2022,0,0,0.9,0,15,5.7,53.94,966
2022,0,0,1,0,14.5,5.5,54.87,966
2022,0,0,1,0,14.1,5.3,55.41,965
2022,0,0,1.1,0,13.7,5.1,56.08,964
2022,0,0,1.1,0,13.5,4.9,56.07,964
2022,0,0,1.1,0,13.4,4.7,55.7,964
2022,0,0,1,0,13.4,4.5,54.94,965
2022,0,0,0.9,0,13.4,4.4,54.35,965
2022,0,18,1.4,18,15.7,4.7,47.82,966
2022,0,78,1.3,78,18.7,5.6,42.21,967
2022,26,233,1.5,246,21.7,5.9,35.9,967
2022,122,363,1.6,442,23.9,6.5,32.64,966
2022,821,124,2.1,743,25.6,7.4,31.46,965
2022,165,449,2.6,582,27,8.5,31.05,964
2022,547,324,3,758,27.8,9.3,31.26,962
2022,117,401,3.2,486,28.1,9.8,31.82,961
2022,739,116,3.2,556,27.8,10.1,33.09,960
2022,628,98,2.8,362,26.8,10.5,36.01,960
2022,399,64,1.3,148,23.8,11.9,47.34,960
2022,0,0,1,0,21.4,11.6,53.6,960
2022,0,0,1,0,20.7,11.4,55.07,961
2022,0,0,1,0,20,11.2,56.79,961
2022,0,0,1,0,19.3,11,58.65,962
2022,0,0,0.9,0,18.7,10.8,60.15,962
2022,0,0,1,0,18.1,10.6,61.62,961
2022,0,0,1,0,17.6,10.4,62.83,961
2022,0,0,1,0,17.2,10.3,63.71,960
2022,0,0,1,0,16.9,10.1,64.42,960
2022,0,0,1,0,16.7,10.1,64.86,960
2022,0,0,1,0,16.6,10,65.07,960
2022,0,0,1,0,16.5,10,65.58,960
2022,0,0,1,0,16.4,10.2,66.63,961
2022,111,23,1.3,30,19.1,11.2,60.03,962
2022,458,85,2.4,218,22.4,11.4,49.72,962
2022,631,118,3.4,427,25.7,12.1,42.79,963
2022,721,136,4.4,604,28.3,12.6,37.81,962
2022,813,124,5,739,29.9,12.9,35.36,962
2022,833,126,5.3,798,30.9,13.3,34.09,960
2022,826,127,5.2,784,31.3,13.5,33.84,959
2022,794,125,4.9,700,31.4,13.6,33.88,958
2022,746,111,4.5,556,31,13.7,34.77,958
2022,643,92,3.7,364,30,13.8,37.25,958
2022,425,60,1.9,151,27.1,14.6,46.36,958
2022,0,0,1.4,0,24.6,14.4,53.09,959
2022,0,0,1.3,0,23.6,14.4,56.46,960
2022,0,0,1.3,0,22.8,14.5,59.35,961
2022,0,0,1.2,0,22.1,14.5,61.97,961
2022,0,0,1.1,0,21.5,14.5,64.48,961
2022,0,0,1.1,0,21,14.5,66.6,961
2022,0,0,1,0,20.5,14.6,68.8,961
2022,0,0,1,0,20.2,14.6,70.13,961
2022,0,0,0.9,0,19.9,14.5,71.29,961
2022,0,0,0.9,0,19.6,14.5,72.32,961
2022,0,0,0.9,0,19.4,14.4,72.9,961
2022,0,0,0.9,0,19.2,14.4,73.55,961
2022,0,0,0.9,0,19.1,14.4,74.08,962
2022,0,21,1.4,21,21.6,14.9,65.62,963
2022,0,67,2,67,24.4,15,55.85,963
2022,0,89,3.1,89,27.2,15.5,48.75,964
2022,0,64,3.8,64,28.9,16.2,46.28,963
2022,207,442,4.2,600,29.9,16.8,45.38,962
2022,115,468,4.4,561,30.7,17.1,44.18,961
2022,376,417,4.5,717,31.2,17.1,42.99,960
2022,720,161,4.5,684,31.4,16.9,41.93,959
2022,674,138,4.3,542,31,16.6,42.04,958
2022,569,112,3.8,353,30.2,16.4,43.42,957
2022,352,69,2.2,145,27.8,16.7,50.86,958
2022,0,0,1.5,0,25.6,16.5,57.12,958
2022,0,0,1.4,0,24.8,16.3,59.35,959
2022,0,0,1.3,0,24.1,16.2,61.53,959
2022,0,0,1.3,0,23.5,16.3,63.82,960
2022,0,0,1.2,0,23,16.3,65.95,960
2022,0,0,1.1,0,22.4,16.4,68.74,960
2022,0,0,1.1,0,21.9,16.5,71.31,960
2022,0,0,1.1,0,21.5,16.6,73.49,959
2022,0,0,1,0,21.1,16.7,75.85,959
2022,0,0,1,0,20.8,16.8,77.69,958
2022,0,0,1,0,20.6,16.9,79.15,958
2022,0,0,1,0,20.4,17,80.63,959
2022,0,0,1.1,0,20.3,17,81.32,960
2022,0,24,2.2,24,22.2,17.1,72.77,960
2022,5,130,3.1,131,24.7,16.6,60.55,961
2022,1,174,4.1,174,27.4,16,49.94,961
2022,641,169,4.7,588,29.3,16.2,45.13,961
2022,112,436,5.1,521,30.7,16.4,42.1,960
2022,221,460,5.5,639,31.7,16.3,39.73,959
2022,673,182,5.7,720,32.3,16.2,38.01,958
2022,69,380,5.5,430,32.4,15.9,37.17,956
2022,68,332,5.2,373,32.1,15.7,37.31,956
2022,507,127,4.7,343,31.2,15.6,39.08,956
2022,286,76,3.4,138,29.2,15.8,44.27,956
2022,0,0,2.8,0,27.4,15.8,49.2,957
2022,0,0,2.7,0,26.7,15.8,51.27,958
2022,0,0,2.7,0,26.2,15.9,52.97,958
2022,0,0,2.5,0,25.7,16,54.97,959
2022,0,0,2.4,0,25.3,16.1,56.77,959
2022,0,0,2.3,0,24.9,16.2,58.65,959
2022,0,0,2,0,24.3,16.4,61.26,958
2022,0,0,1.9,0,23.9,16.5,63.3,958
2022,0,0,2,0,23.6,16.6,64.74,957
2022,0,0,2.1,0,23.4,16.7,65.95,958
2022,0,0,2.1,0,23.2,16.7,66.87,958
2022,0,0,2.1,0,23,16.7,67.72,958
2022,0,0,2.3,0,22.9,16.8,68.33,959
2022,24,16,2.9,18,23.9,16.9,65,960
2022,6,101,3.5,102,25.6,17.1,59.44,960
2022,8,166,4.3,170,27.8,17.3,52.8,961
2022,102,396,5,463,29.9,17.4,46.94,960
2022,298,381,5.6,608,31.3,17.4,43.41,959
2022,372,377,6,680,32.1,17.3,41.23,958
2022,294,376,6,612,32.4,17.1,39.98,957
2022,347,322,5.8,576,32.4,16.9,39.45,956
2022,43,305,5.5,331,31.9,16.7,40.27,955
2022,498,128,4.9,341,31.1,16.7,41.99,955
2022,282,76,3.7,137,29.4,16.8,46.56,955
2022,0,0,3.2,0,27.8,16.8,51.17,956
2022,0,0,3.1,0,27.2,16.8,53.09,957
2022,0,0,3,0,26.7,16.9,54.89,957
2022,0,0,2.9,0,26.3,17,56.5,957
2022,0,0,2.9,0,25.9,17.1,58.21,958
2022,0,0,2.8,0,25.4,17.1,60.09,957
2022,0,0,2.7,0,25,17.1,61.7,957
2022,0,0,2.4,0,24.5,17.2,63.8,957
2022,0,0,2,0,23.9,17.3,66.58,957
2022,0,0,1.6,0,23.3,17.4,69.47,957
2022,0,0,1.3,0,22.6,17.4,72.5,957
2022,0,0,1.1,0,22.1,17.4,74.84,958
2022,0,0,0.9,0,21.8,17.5,76.75,959
2022,69,22,1.2,28,23.9,17.9,69.15,961
2022,0,90,1.5,90,26.9,18,58.04,962
2022,1,164,1.4,164,29.2,18,50.97,963
2022,160,385,1,490,30.2,18.1,48.41,963
2022,35,369,1,395,30.6,18.2,47.58,962
2022,118,460,1.3,557,30.7,18.3,47.5,961
2022,42,392,1.5,426,30.6,18.3,47.81,960
2022,86,407,1.5,470,30.2,18.2,48.8,959
2022,576,179,1.5,527,29.7,18.2,50.04,959
2022,477,139,1.6,344,28.9,18.1,52.06,958
2022,267,82,1.1,140,27.3,18.6,59,959
2022,0,0,1.1,0,25.8,18.2,63.04,960
2022,0,0,1.7,0,25.4,17.6,62.07,961
2022,0,0,2.2,0,25,16.9,60.68,962
2022,0,0,2.7,0,24.4,16.1,59.7,962
2022,0,0,2.7,0,23.4,15.4,60.82,962
2022,0,0,3.1,0,22.6,14.9,61.84,963
2022,0,0,3.1,0,21.8,14.1,61.74,963
2022,0,0,3.1,0,21,13.6,62.63,963
2022,0,0,3,0,20.2,13.4,64.88,963
2022,0,0,3.3,0,19.4,12.9,65.96,963
2022,0,0,3.4,0,18.7,12.4,66.72,963
2022,0,0,3,0,18.2,12,67.32,964
2022,0,0,2.7,0,18.1,11.7,66.32,965
2022,0,12,3.1,12,18.5,11.4,63.3,966
2022,0,60,4.1,60,19.3,11.1,59.09,966
2022,0,52,4.5,52,19.8,11.2,57.77,967
2022,0,189,4.4,189,19.8,11.6,59.06,967
2022,26,366,4.1,386,19.8,11.8,60.14,966
2022,75,421,3.7,483,20.2,12,59.38,965
2022,626,242,3.2,748,20.5,12.2,58.95,964
2022,6,315,2.5,320,20.5,12.4,59.66,963
2022,3,159,2.1,161,20.4,12.5,60.68,962
2022,1,86,1.7,87,20.1,12.7,62.4,962
2022,0,37,1.3,37,19.4,12.8,65.65,962
2022,0,0,1.1,0,18.8,13,68.98,963
2022,0,0,1.4,0,18.6,13.1,70.36,963
2022,0,0,1.5,0,18.4,13.3,72,964
2022,0,0,1.3,0,18.3,13.4,73.26,964
2022,0,0,1.1,0,18.3,13.5,73.82,963
2022,0,0,0.8,0,18.1,13.7,75.31,963
2022,0,0,0.5,0,18,13.8,76.27,962
2022,0,0,0.4,0,17.9,13.9,77.47,962
2022,0,0,0.3,0,17.8,14.1,78.73,961
2022,0,0,0.4,0,17.6,14.2,80.37,961
2022,0,0,0.6,0,17.3,14.3,82.53,961
2022,0,0,0.6,0,17.1,14.4,84.04,961
2022,0,0,0.6,0,17,14.5,85.15,962
2022,0,16,0.8,16,18.3,14.6,78.89,963
2022,112,166,1.3,200,20.3,15,71.47,964
2022,334,234,2.1,402,22.6,15.7,65.17,964
2022,111,340,2.8,413,24.9,16.4,59.34,963
2022,3,186,3.7,189,27.1,16.8,53.5,962
2022,0,38,4.5,38,29,17,48.34,961
2022,1,153,5.1,154,30.1,16.9,45.23,959
2022,6,211,5.5,215,30.3,16.9,44.59,958
2022,37,251,5.5,273,29.7,16.8,45.86,957
2022,0,55,5,55,28.5,16.8,49.29,957
2022,0,25,4.2,25,27,17.1,54.64,957
2022,0,0,3.7,0,25.5,17.3,60.58,957
2022,0,0,3.3,0,24.7,17.5,64.39,958
2022,0,0,3,0,23.9,17.8,68.53,959
2022,0,0,2.8,0,23.4,18,71.75,959
2022,0,0,2.7,0,22.9,18.3,75.15,959
2022,0,0,2.7,0,22.5,18.5,78.14,960
2022,0,0,2.6,0,22.1,18.7,80.89,959
2022,0,0,2.6,0,21.7,18.8,83.66,959
2022,0,0,2.6,0,21.4,18.9,85.73,958
2022,0,0,2.6,0,21.1,19,87.69,958
2022,0,0,2.5,0,20.8,19,89.57,959
2022,0,0,2.3,0,20.5,19,91.3,959
2022,0,0,2.1,0,20.3,19.1,92.55,960
2022,0,13,2.6,13,21.3,19.1,87.24,961
2022,10,101,3.6,104,23.6,19,75.42,962
2022,6,146,4.4,149,26.1,18.7,63.58,962
2022,79,298,4.6,350,27.6,18.2,56.62,962
2022,0,106,4.6,106,28.5,17.9,52.78,961
2022,0,59,4.5,59,29,17.8,50.99,960
2022,0,119,4.6,119,29.5,17.9,49.75,959
2022,0,37,4.7,37,29.6,18,49.73,959
2022,1,107,4.5,107,29,18.1,51.81,958
2022,3,102,4,104,28.2,18.3,55.01,958
2022,5,80,2.9,81,26.7,18.7,61.47,959
2022,0,0,2,0,25.1,18.9,68.54,959
2022,0,0,1.7,0,24.3,19,72.49,959
2022,0,0,1.5,0,23.6,19.1,76.05,960
2022,0,0,1.3,0,23.1,19.2,78.85,960
2022,0,0,1.1,0,22.6,19.3,81.67,960
2022,0,0,0.9,0,22.1,19.4,84.65,961
2022,0,0,0.9,0,21.8,19.5,86.53,961
2022,0,0,0.8,0,21.5,19.5,88.41,961
2022,0,0,0.8,0,21.2,19.5,90.23,961
2022,0,0,0.7,0,21,19.5,91.22,961
2022,0,0,0.6,0,20.9,19.4,91.18,961
2022,0,0,0.6,0,20.8,19.2,90.57,961
2022,0,0,0.9,0,20.7,18.9,89.66,962
2022,0,14,2,14,21.5,18.8,84.55,963
2022,19,128,3,134,22.6,18.5,77.48,964
2022,21,210,3.1,221,23.8,18.4,71.76,965
2022,1,137,2.9,137,24.9,18.3,66.79,965
2022,0,113,2.6,114,25.8,18.1,62.59,964
2022,0,119,2.4,119,26.6,18,59.17,963
2022,3,220,2.3,222,27.1,17.8,56.91,962
2022,0,33,2.3,33,27.1,17.7,56.47,961
2022,0,15,2.5,15,26.5,17.7,58.3,961
2022,2,98,2.6,99,25.3,17.8,63.08,962
2022,4,71,2.1,72,23.5,18.2,72.29,962
2022,0,0,2.2,0,22.1,18.5,79.84,963
2022,0,0,2.7,0,21.2,18.5,84.65,964
2022,0,0,3.2,0,20.4,18.4,88.4,965
2022,0,0,3.6,0,19.7,18.1,90.33,966
2022,0,0,3.9,0,18.9,17.5,91.71,967
2022,0,0,4.2,0,18.1,16.7,91.73,968
2022,0,0,4.5,0,17.4,15.9,91.09,968
2022,0,0,4.7,0,16.8,15.2,90.12,968
2022,0,0,5,0,16.2,14.4,89.3,968
2022,0,0,5,0,15.7,13.8,88.63,969
2022,0,0,5,0,15.2,13.3,88.45,969
2022,0,0,4.6,0,14.8,12.9,88.35,970
2022,0,0,4.6,0,14.4,12.5,88.52,972
2022,0,9,4.9,9,14.2,12.1,87.35,973
2022,1,58,5.4,58,14.3,11.8,85.17,974
2022,179,234,5.8,326,14.7,11.4,80.61,974
2022,100,287,6.2,354,15.5,10.9,73.85,975
2022,584,232,6.3,688,16.4,10.2,66.66,975
2022,214,380,6.4,558,17.7,9.5,58.63,974
2022,121,430,6.4,529,19,8.8,51.47,973
2022,49,291,6.2,328,20.1,8.1,45.87,972
2022,33,240,5.9,260,20.7,7.4,42.26,971
2022,0,60,5.3,60,20.5,6.8,41,971
2022,531,57,4.1,176,19,6.5,44.11,972
2022,0,0,3.2,0,17,6.4,49.68,973
2022,0,0,3.1,0,16.1,6.1,51.59,973
2022,0,0,3.1,0,15.3,5.7,52.88,974
2022,0,0,2.8,0,14.4,5.4,54.71,974
2022,0,0,2.6,0,13.7,5.1,56.08,974
2022,0,0,2.7,0,13.1,4.6,56.51,974
2022,0,0,2.7,0,12.5,4.3,57.47,974
2022,0,0,2.5,0,11.8,4.2,59.54,974
2022,0,0,2.2,0,11,4,62.11,973
2022,0,0,2.2,0,10.5,3.8,63.28,973
2022,0,0,2.3,0,10.1,3.5,63.78,972
2022,0,0,2.4,0,9.7,3.3,64.61,973
2022,0,0,2.4,0,9.4,3.2,65.23,973
2022,382,27,3.4,60,11.4,3.2,57.15,974
2022,736,57,4.6,288,14.3,2.9,46.29,974
2022,868,71,4.6,518,16.9,3.3,40.2,975
2022,932,79,4.4,708,19.1,3.7,36.04,974
2022,961,86,4.2,839,21,3.6,31.87,974
2022,980,87,4,904,22.4,3.1,28.24,972
2022,978,86,3.7,890,23.3,2.6,25.78,971
2022,959,83,3.4,800,23.5,2.2,24.68,970
2022,919,76,3.1,643,23.1,1.6,24.35,969
2022,839,65,2.5,434,22,1.5,25.73,969
2022,660,47,1,196,18.6,4.5,39.48,969
2022,0,0,1,0,15.9,3.8,44.35,969
2022,0,0,1,0,15.4,3.2,43.98,969
2022,0,0,0.8,0,14.9,2.4,42.96,969
2022,0,0,0.6,0,14.3,1.9,43.05,969
2022,0,0,0.5,0,14,1.5,42.57,969
2022,0,0,0.6,0,13.2,1.4,44.59,969
2022,0,0,0.6,0,12.5,1.4,46.63,968
2022,0,0,0.7,0,12.1,1.2,47.41,967
2022,0,0,0.7,0,11.5,1.2,49.12,967
2022,0,0,0.6,0,10.9,1.1,50.84,966
2022,0,0,0.6,0,10.3,1,52.57,966
2022,0,0,0.5,0,9.6,1,54.89,966
2022,0,0,0.4,0,9.3,1,56.16,967
2022,419,26,0.5,64,11.6,1.8,51.08,968
2022,758,54,1.2,294,15.1,1.4,39.49,968
2022,882,69,2.1,525,18.9,0.8,29.73,969
2022,943,77,2,716,21.3,1.1,26.14,968
2022,960,87,2.1,843,23.1,1.6,24.25,967
2022,970,90,2.4,902,24.5,2,23.05,966
2022,966,91,2.6,887,25.4,2.4,22.49,965
2022,937,90,2.7,792,25.8,2.7,22.32,964
2022,893,83,2.7,636,25.5,2.6,22.61,963
2022,808,71,2.3,427,24.5,3.1,24.89,963
2022,622,50,1,192,21,6,37.71,964
2022,0,0,1,0,18.8,4.3,38.3,964
2022,0,0,0.8,0,18.3,3.8,38.07,965
2022,0,0,0.8,0,17.7,3.3,38.27,965
2022,0,0,0.9,0,17,3.2,39.59,966
2022,0,0,1,0,16.2,3.2,41.88,966
2022,0,0,1,0,15.4,3.3,44.3,966
2022,0,0,1.1,0,14.8,3.4,46.38,965
2022,0,0,1.1,0,14.3,3.5,48.34,965
2022,0,0,1,0,14,3.6,49.49,964
2022,0,0,0.9,0,14.1,3.6,49.17,964
2022,0,0,0.8,0,14.2,3.5,48.42,964
2022,0,0,0.9,0,13.9,3.4,49.26,964
2022,0,0,1,0,13.3,3.5,51.57,964
2022,365,28,1.2,61,15.7,5.1,49.19,965
2022,708,59,2.2,285,19.1,4.8,38.93,965
2022,839,76,3.5,512,22.9,5.2,31.73,965
2022,902,86,4.6,700,25.8,6,28.22,964
2022,929,95,5.1,828,27.7,6.6,26.32,963
2022,943,96,5.5,888,28.9,7.3,25.61,962
2022,939,96,5.6,873,29.6,7.9,25.64,961
2022,911,95,5.6,781,29.7,8.3,26.29,960
2022,873,86,5.5,629,29.3,8.7,27.56,959
2022,786,73,4.9,422,28.2,9.1,30.16,959
2022,592,51,3.6,187,25.5,9.7,37,959
2022,0,0,3.1,0,22.8,10,44.14,960
2022,0,0,3,0,21.9,10.3,47.56,960
2022,0,0,2.5,0,20.9,10.6,51.66,960
2022,0,0,2.2,0,19.9,10.9,56.25,961
2022,0,0,2.1,0,19.2,11.3,60.11,961
2022,0,0,1.9,0,18.7,11.6,63.2,961
2022,0,0,1.7,0,18.1,11.8,66.52,960
2022,0,0,1.6,0,17.7,12,69.15,960
2022,0,0,1.7,0,17.4,12.1,71.25,960
2022,0,0,1.6,0,17,12.3,73.7,960
2022,0,0,1.5,0,16.6,12.4,76.1,960
2022,0,0,1.4,0,16.3,12.5,78.08,961
2022,0,0,1.4,0,16.3,12.6,78.7,962
2022,256,31,2.5,55,19.3,13,66.96,963
2022,594,76,3.3,267,22.7,13.7,56.99,963
2022,739,99,4.6,485,26.3,14.9,49.48,964
2022,814,111,5.5,668,28.9,15.8,44.96,964
2022,878,106,5.9,802,30.5,16.2,42.03,963
2022,897,107,6.1,862,31.6,16.2,39.7,962
2022,893,106,6.1,847,32.2,16.2,38.21,961
2022,856,109,5.9,755,32.2,16,37.83,960
2022,809,99,5.6,604,31.8,15.9,38.29,959
2022,712,85,5,401,30.8,15.7,40.14,959
2022,504,58,3.5,175,28.5,15.8,46.01,959
2022,0,0,2.7,0,25.9,15.8,53.54,960
2022,0,0,2.5,0,25,15.9,57.1,961
2022,0,0,2.4,0,24.3,16.2,60.43,962
2022,0,0,2.3,0,23.6,16.4,63.84,962
2022,0,0,2.1,0,22.9,16.5,67.38,963
2022,0,0,1.9,0,22.2,16.7,70.89,963
2022,0,0,1.8,0,21.7,16.8,73.5,962
2022,0,0,1.7,0,21.1,16.8,76.68,962
2022,0,0,1.6,0,20.6,16.9,79.35,961
2022,0,0,1.6,0,20.2,17,81.69,961
2022,0,0,1.6,0,19.9,17,83.57,961
2022,0,0,1.8,0,19.7,17.1,85.11,961
2022,0,0,2,0,19.8,17.3,85.3,961
2022,250,32,3.1,56,22.3,17.6,74.7,962
2022,587,75,4.1,265,25.3,18,63.87,962
2022,729,99,5.3,483,28.3,18.2,54.25,962
2022,798,115,6.1,663,30.4,18.3,48.49,962
2022,866,107,6.7,796,31.6,18.2,44.91,961
2022,884,109,6.9,857,32.4,17.9,42.01,959
2022,79,419,6.8,485,32.9,17.6,40.16,958
2022,178,415,6.7,550,32.9,17.5,39.91,957
2022,790,103,6.4,597,32.5,17.5,40.78,956
2022,677,92,6,394,31.5,17.5,43.17,956
2022,454,65,5,170,29.8,17.6,47.85,956
2022,0,0,4.2,0,28.1,17.7,53.21,956
2022,0,0,4.1,0,27.3,17.8,56.13,957
2022,0,0,4,0,26.6,17.8,58.65,957
2022,0,0,4,0,26,17.9,60.96,958
2022,0,0,3.9,0,25.4,17.9,63.15,958
2022,0,0,3.7,0,24.8,17.8,65.18,958
2022,0,0,3.6,0,24.2,17.7,67.12,958
2022,0,0,3.6,0,23.7,17.5,68.43,957
2022,0,0,3.6,0,23.2,17.3,69.52,957
2022,0,0,3.3,0,22.7,17,70.45,956
2022,0,0,3.3,0,22.2,16.8,71.56,956
2022,0,0,3.2,0,21.9,16.7,72.49,957
2022,0,0,3.2,0,21.7,16.8,73.72,958
2022,228,32,3.8,55,23.4,17.1,67.65,959
2022,559,81,5.1,264,26.1,17.3,58.32,959
2022,701,108,6.2,478,28.8,17.4,50.16,959
2022,773,124,6.9,658,30.9,17.4,44.58,959
2022,824,127,7.5,785,32.3,17.2,40.66,958
2022,834,134,7.7,841,33.1,17.1,38.42,957
2022,815,142,7.5,823,33.5,17,37.41,955
2022,756,152,7.2,726,33.5,17,37.31,954
2022,710,133,6.8,579,33,16.9,38.37,953
2022,179,241,6.3,321,32,17,40.66,953
2022,384,73,5.3,163,30.4,17,44.51,953
2022,0,0,4.6,0,28.7,16.9,48.96,953
2022,0,0,4.3,0,27.9,16.9,51.13,954
2022,0,0,3.9,0,27.1,16.7,53.14,955
2022,0,0,3.6,0,26.3,16.6,55.36,956
2022,0,0,3.3,0,25.7,16.7,57.39,957
2022,0,0,2.8,0,25,16.8,60.31,957
2022,0,0,2.2,0,24.2,17,64.24,958
2022,0,0,1.6,0,23.3,17.5,69.75,958
2022,0,0,1.3,0,22.5,18.2,76.6,959
2022,0,0,2,0,22,18.6,81.08,959
2022,0,0,3,0,21,18,82.98,960
2022,0,0,2.8,0,19.6,16.9,84.54,961
2022,0,0,2.5,0,18.5,15.7,83.61,961
2022,0,9,2.2,9,18.8,15.7,82.18,962
2022,0,53,2.3,53,20.1,15.9,76.73,963
2022,66,257,2.5,292,21.8,15.2,66.28,963
2022,43,295,2.4,324,23.4,14.7,58.02,962
2022,0,177,2.1,177,24.2,14.8,55.65,962
2022,0,91,1.9,91,24.3,15.3,57.39,961
2022,0,122,2.1,122,23.8,16,61.7,960
2022,0,39,2.4,39,23,16.5,66.98,959
2022,0,86,2.4,86,22.4,16.9,71.21,958
2022,40,217,2.1,235,21.7,17.3,75.99,958
2022,5,91,1.3,92,20.6,18,84.96,958
2022,0,0,0.8,0,19.5,18.1,91.74,958
2022,0,0,0.7,0,19.3,17.9,91.57,958
2022,0,0,0.6,0,19,17.9,93.44,958
2022,0,0,0.6,0,18.7,17.8,94.3,958
2022,0,0,0.6,0,18.6,17.7,94.68,958
2022,0,0,0.7,0,18.5,17.7,94.96,958
2022,0,0,1,0,18.3,17.8,96.95,957
2022,0,0,1.3,0,18.3,17.9,97.51,957
2022,0,0,1.6,0,18.3,18,98.04,956
2022,0,0,1.7,0,18.3,18.1,99.03,956
2022,0,0,2,0,18.5,18.3,98.72,955
2022,0,0,2.4,0,18.6,18.4,99,955
2022,0,0,3,0,19,18.7,98.18,956
2022,3,45,4,46,20,19.4,96.62,956
2022,0,41,5.3,41,21.9,20.5,91.75,956
2022,57,296,6.5,326,24.1,21.2,84.05,957
2022,0,98,7.3,98,26.2,21.5,75.55,956
2022,0,113,7.6,114,27.3,21.7,71.63,956
2022,0,211,7.5,211,27.7,22,71.19,955
2022,0,59,7.2,59,28,22.1,70.42,954
2022,115,420,6.8,508,28,22,69.73,953
2022,0,120,6.3,120,27.7,21.8,70.26,952
2022,74,248,5.5,281,26.9,21.8,73.54,952
2022,10,114,4.8,116,25.5,21.6,79.14,952
2022,0,0,4.3,0,24.3,21.3,83.19,952
2022,0,0,4.2,0,24,21,83.33,953
2022,0,0,3.6,0,23.7,20.8,83.65,954
2022,0,0,2.5,0,23,20.7,86.8,955
2022,0,0,1.5,0,22.2,20.7,91.16,957
2022,0,0,1.3,0,21.9,20.8,93.24,958
2022,0,0,1.5,0,22,21,94.11,959
2022,0,0,2.4,0,21.8,20.6,92.81,959
2022,0,0,4,0,20.2,18.4,89.34,961
2022,0,0,4.2,0,17.8,15.7,87.45,962
2022,0,0,3.8,0,16,13.6,85.5,963
2022,0,0,3.5,0,15.3,12.8,85.08,964
2022,0,0,3.4,0,14.9,12.2,84.02,965
2022,147,37,3.7,53,15,11.4,79.19,966
2022,0,11,4.2,11,16,10.7,70.7,967
2022,339,239,4.9,421,17.3,9,58.11,968
2022,772,134,5.5,674,19.1,7.6,47.4,968
2022,787,161,6.1,797,21,6.8,39.86,968
2022,826,158,6.8,866,22.5,5.9,34.1,967
2022,845,150,7.2,862,23.3,5,30.58,966
2022,386,343,7,640,23.3,4.2,28.77,966
2022,469,245,6.5,543,22.8,3.5,28.39,967
2022,334,207,5.8,358,21.5,3.2,30.04,968
2022,295,113,5.2,183,19.4,2.7,32.9,969
2022,0,0,5.1,0,17.4,1.5,34.39,970
2022,0,0,5.4,0,16.5,0.4,33.58,972
2022,0,0,5.4,0,15.7,-0.4,33.37,972
2022,0,0,5.6,0,15.1,-1,33.07,973
2022,0,0,5.1,0,14.7,-1.3,33.2,975
2022,0,0,4.5,0,14.2,-1.4,34.16,977
2022,0,0,4.5,0,13.4,-1.7,35.13,977
2022,0,0,4.6,0,12.5,-2.1,36.29,976
2022,0,0,4.5,0,11.7,-2.3,37.68,975
2022,0,0,4.3,0,11,-2.4,39.09,975
2022,0,0,4.3,0,10.5,-2.6,39.81,974
2022,0,0,4,0,10,-2.7,40.83,974
2022,0,0,3.5,0,9.5,-2.5,42.88,975
2022,413,33,4,79,11.3,-2.3,38.54,976
2022,740,65,5,316,13.8,-2.4,32.56,976
2022,868,81,5.6,551,16,-2,29.11,977
2022,932,91,5.5,745,17.9,-1.2,27.35,977
2022,949,101,5.4,871,19.4,-0.4,26.35,977
2022,961,104,5.2,931,20.6,0.1,25.49,976
2022,958,103,5,913,21.3,0.5,24.97,974
2022,921,107,4.9,815,21.5,0.5,24.78,973
2022,872,99,4.7,653,21.2,0.4,25.04,972
2022,779,84,4,438,20.2,0.7,27.2,971
2022,580,59,2.5,197,17.4,2.2,35.98,971
2022,0,0,1.9,0,14.3,2.1,43.81,971
2022,0,0,1.8,0,13.1,2.1,47.22,972
2022,0,0,1.8,0,12,1.9,50.18,972
2022,0,0,1.7,0,11,1.7,52.77,973
2022,0,0,1.6,0,10.1,1.4,54.73,973
2022,0,0,1.6,0,9.2,1,56.59,973
2022,0,0,1.4,0,8.3,0.7,58.7,972
2022,0,0,1.5,0,7.6,0.2,59.48,972
2022,0,0,1.7,0,7.2,-0.4,58.7,972
2022,0,0,1.9,0,6.8,-1,57.74,972
2022,0,0,1.9,0,6.4,-1.5,56.99,972
2022,0,0,1.8,0,6,-2,56.5,972
2022,0,0,1.8,0,5.9,-2.4,55.33,972
2022,409,35,3,82,9.1,-2.8,43.2,973
2022,750,68,4.1,325,12.4,-3.3,33.35,973
2022,879,84,4.7,563,15.2,-3,28.42,974
2022,942,95,4.8,760,17.4,-2.4,25.81,973
2022,969,99,4.7,888,19.3,-1.6,24.37,973
2022,980,102,4.5,948,20.7,-0.9,23.41,971
2022,976,101,4.2,929,21.6,-0.6,22.8,970
2022,958,96,3.9,835,21.9,-0.4,22.71,968
2022,915,88,3.6,672,21.6,-0.4,23.05,968
2022,833,75,2.9,455,20.5,0.4,26.12,967
2022,650,53,1.2,209,17,4,42.12,967
2022,0,0,1.1,0,13.6,3.1,49.02,968
2022,0,0,1.2,0,12.8,2.5,49.54,969
2022,0,0,1.2,0,12.1,1.9,49.53,970
2022,0,0,1.2,0,11.3,1.3,50.1,970
2022,0,0,1.2,0,10.4,0.8,51.33,971
2022,0,0,1.2,0,9.5,0.3,52.78,971
2022,0,0,1.3,0,9,-0.1,52.89,970
2022,0,0,1.4,0,8.7,-0.6,52.17,970
2022,0,0,1.5,0,8.4,-1.1,51.23,969
2022,0,0,1.5,0,8.2,-1.5,50.51,969
2022,0,0,1.5,0,8,-1.7,50.27,969
2022,0,0,1.4,0,7.7,-1.8,50.87,969
2022,0,0,1.3,0,7.8,-1.6,51.41,970
2022,399,35,1.8,81,12,-0.1,43.39,970
2022,716,69,2.7,316,16,-0.8,31.73,971
2022,835,88,3.1,546,19.5,-0.3,26.48,971
2022,890,102,3.2,734,21.8,0.2,23.74,971
2022,927,106,3.1,863,23.4,0.8,22.55,971
2022,933,110,2.9,918,24.5,1.4,22.01,970
2022,923,111,2.6,897,25.1,1.9,22,969
2022,896,109,2.4,802,25.3,2.3,22.32,967
2022,843,101,2.2,640,24.9,2.5,23.27,967
2022,748,86,1.8,428,23.8,3.8,27.15,967
2022,544,61,0.9,192,20.4,7.5,43.35,967
2022,0,0,1.1,0,17.8,5.8,45.18,968
2022,0,0,1.1,0,17,5,45.22,968
2022,0,0,1.2,0,15.9,4.5,46.82,969
2022,0,0,1.2,0,15.1,4.2,48.02,969
2022,0,0,1.3,0,14.7,3.6,47.29,969
2022,0,0,1.5,0,15,3.1,44.67,969
2022,0,0,1.9,0,15.1,2.2,41.88,969
2022,0,0,2.2,0,14.7,1.5,40.7,968
2022,0,0,2.4,0,14.4,0.9,39.74,968
2022,0,0,2.3,0,14,0.5,39.81,968
2022,0,0,2.2,0,13.6,0.4,40.45,967
2022,0,0,2,0,13.1,0.3,41.59,968
2022,0,0,1.9,0,12.9,0.4,42.44,969
2022,6,58,2.7,59,15.4,0.8,37.16,969
2022,515,104,3.1,283,18.3,1,31.21,969
2022,1,189,3.3,189,21.3,1.7,27.24,970
2022,746,158,3.1,690,23.7,2.4,24.89,969
2022,848,137,2.6,833,25.3,3.5,24.35,968
2022,850,148,2.1,888,26.3,4.8,25.15,967
2022,842,147,2.1,866,26.8,6,26.61,966
2022,809,143,2.2,771,26.8,6.9,28.32,964
2022,756,128,2.2,613,26.3,7.6,30.51,964
2022,651,107,1.9,406,25.3,8.5,34.4,963
2022,441,71,0.9,177,22.7,11.1,47.78,963
2022,0,0,0.8,0,20.7,9.1,47.51,964
2022,0,0,0.9,0,19.8,8.8,49.16,965
2022,0,0,1,0,18.7,8.8,52.42,965
2022,0,0,1.1,0,17.7,8.6,55.24,966
2022,0,0,1.1,0,17,8.4,56.78,966
2022,0,0,1.2,0,16.7,8.2,57.18,966
2022,0,0,1.1,0,16.4,8.1,57.98,966
2022,0,0,1.1,0,16.2,8,58.39,965
2022,0,0,1.1,0,16.1,8,58.47,964
2022,0,0,1.1,0,16.1,7.9,58.32,964
2022,0,0,1.1,0,16.1,7.9,58.29,964
2022,0,0,1.1,0,16.3,7.9,57.48,964
2022,0,0,1,0,16.7,8.1,56.9,965
2022,270,40,0.9,73,19.4,11,58.48,966
2022,583,86,0.7,292,22.6,10,44.75,966
2022,720,112,1.8,511,26.1,11.3,39.48,967
2022,788,129,2.7,693,28,12.5,38.27,967
2022,832,134,3.2,820,29.3,13.4,37.68,966
2022,847,138,3.5,876,30.1,13.9,37.27,965
2022,843,137,3.6,859,30.4,14.2,37.25,964
2022,792,146,3.6,762,30.3,14.1,37.35,962
2022,738,132,3.4,607,29.7,14,38.44,962
2022,636,109,2.6,402,28.5,14.6,42.67,961
2022,429,72,1.2,177,25.7,16.1,55.57,962
2022,0,0,1,0,23.2,14.9,59.62,962
2022,0,0,1,0,22.3,14.6,61.91,963
2022,0,0,1.1,0,21.6,14.4,63.58,964
2022,0,0,1.1,0,20.8,14.2,65.72,964
2022,0,0,1.2,0,20.2,14,67.49,965
2022,0,0,1.2,0,19.7,13.8,68.98,965
2022,0,0,1.2,0,19.3,13.6,69.78,964
2022,0,0,1.2,0,18.9,13.4,70.38,964
2022,0,0,1.1,0,18.6,13.1,70.19,963
2022,0,0,1.1,0,18.3,12.7,69.92,963
2022,0,0,1.1,0,18.1,12.4,69.34,964
2022,0,0,1.1,0,18.1,12.1,68.19,964
2022,0,0,1,0,18.3,12.2,67.56,965
2022,282,40,1,75,21.5,14.5,64.19,966
2022,596,85,1.3,297,24.8,13.8,50.25,966
2022,737,109,2.6,520,28.5,14.1,41.38,967
2022,810,124,3.3,706,30.3,13.9,36.75,966
2022,846,133,3.7,832,31.3,13.8,34.53,966
2022,855,138,3.8,886,31.9,13.8,33.44,965
2022,844,141,3.8,866,32,13.8,33.15,963
2022,808,141,3.7,772,31.9,13.7,33.24,962
2022,742,134,3.4,613,31.2,13.9,34.84,961
2022,628,114,2.7,404,29.9,14.6,39.32,961
2022,416,76,1.3,177,27.1,16.2,51.46,961
2022,0,0,1.1,0,24.5,15.1,55.69,962
2022,0,0,1.1,0,23.5,14.9,58.45,962
2022,0,0,1.2,0,22.6,14.7,61.07,963
2022,0,0,1.3,0,21.9,14.6,63.29,964
2022,0,0,1.3,0,21.2,14.5,65.71,964
2022,0,0,1.3,0,20.5,14.4,68.2,964
2022,0,0,1.3,0,19.9,14.3,70.16,963
2022,0,0,1.2,0,19.4,14.2,71.66,963
2022,0,0,1.1,0,18.9,14,73,962
2022,0,0,1.1,0,18.6,13.8,73.47,962
2022,0,0,1.1,0,18.3,13.6,74.01,962
2022,0,0,1.1,0,18.2,13.4,73.75,963
2022,0,0,1,0,18.3,13.5,73.37,963
2022,239,43,1.4,74,21.5,14.8,65.57,964
2022,542,98,2,292,24.8,14.6,53.08,964
2022,688,127,2.9,513,28.2,14.3,42.58,965
2022,274,390,3.8,588,30.6,14,36.45,964
2022,797,158,4.3,820,31.8,14.2,34.42,964
2022,817,160,4.4,877,32.5,14.3,33.3,963
2022,810,160,4.4,858,32.7,14.3,32.98,962
2022,760,164,4.3,759,32.4,14.3,33.5,961
2022,697,150,4,601,31.4,14.4,35.75,960
2022,582,126,3.1,396,30.1,15.1,40.26,960
2022,371,80,1.8,171,27.6,15.9,48.91,960
2022,0,0,1.4,0,24.9,15.2,54.94,961
2022,0,0,1.3,0,23.8,15.1,58.35,962
2022,0,0,1.2,0,22.9,15.1,61.54,963
2022,0,0,1.1,0,22.3,15.1,63.78,963
2022,0,0,1.1,0,21.7,15.1,66.12,964
2022,0,0,1,0,21.3,15.1,67.56,964
2022,0,0,1,0,20.9,15,68.95,964
2022,0,0,1,0,20.5,14.8,69.93,963
2022,0,0,1,0,20.1,14.6,70.72,963
2022,0,0,1,0,19.8,14.4,71.01,963
2022,0,0,1,0,19.6,14.1,70.72,963
2022,0,0,1,0,19.5,13.9,69.92,963
2022,0,0,1,0,19.6,13.8,69.15,964
2022,182,44,1,68,22.6,15.4,63.62,964
2022,457,113,1.3,279,25.9,14.5,49.54,964
2022,604,154,2.4,495,29.3,14.3,39.92,964
2022,686,178,3.2,676,31.4,14.1,35.01,964
2022,707,205,3.7,794,32.5,14.1,32.98,963
2022,724,213,4.1,851,33.2,14.1,31.51,962
2022,708,215,4.3,827,33.4,13.9,30.78,961
2022,623,230,4.4,720,33.1,13.7,30.96,960
2022,549,208,4.2,565,32.4,13.7,32.22,959
2022,422,167,3.4,364,30.9,14.2,36.32,958
2022,220,90,2.1,144,28,14.9,44.68,958
2022,0,0,1.8,0,25.5,14.2,49.66,959
2022,0,0,1.8,0,24.5,14.2,52.55,960
2022,0,0,1.8,0,23.7,14.2,55.29,960
2022,0,0,1.8,0,23,14.3,58.14,961
2022,0,0,1.8,0,22.4,14.4,60.67,961
2022,0,0,1.8,0,21.7,14.5,63.44,961
2022,0,0,1.8,0,21.3,14.4,64.9,961
2022,0,0,1.9,0,20.8,14.4,66.59,960
2022,0,0,1.8,0,20.4,14.3,67.91,959
2022,0,0,1.7,0,20,14.2,69.28,959
2022,0,0,1.7,0,19.9,14.1,69.18,959
2022,0,0,1.9,0,19.7,14,69.5,959
2022,0,0,2,0,19.7,13.9,69.42,960
2022,65,35,2.8,43,21.8,14.4,62.74,961
2022,228,149,3.5,232,24.4,14.7,54.59,961
2022,351,236,4.1,436,27.4,14.9,46.47,961
2022,430,293,4.7,606,29.8,15,40.68,961
2022,600,266,5.5,767,31.8,15.1,36.4,960
2022,349,449,6,757,32.9,15.2,34.41,959
2022,367,437,6.1,755,33.3,15.3,33.99,958
2022,358,399,5.9,682,33.2,15.5,34.65,957
2022,210,373,5.4,509,32.6,15.7,36.29,956
2022,67,270,4.5,301,31.4,16,39.64,956
2022,10,126,3.3,128,29.1,16.4,46.26,956
2022,0,0,2.5,0,27,16.4,52.27,957
2022,0,0,2,0,25.8,16.6,56.77,958
2022,0,0,1.7,0,24.9,16.7,60.33,959
2022,0,0,1.4,0,24.1,16.8,63.72,960
2022,0,0,1.2,0,23.5,16.9,66.43,961
2022,0,0,0.9,0,23.2,16.9,67.78,961
2022,0,0,0.8,0,23,16.9,68.35,961
2022,0,0,0.8,0,22.7,16.8,69.14,961
2022,0,0,0.8,0,22.5,16.6,69.15,961
2022,0,0,0.8,0,22.2,16.3,69.31,962
2022,0,0,1.3,0,22.1,16,68.22,963
2022,0,0,4.1,0,23.3,14.9,59.07,965
2022,0,0,5,0,22.7,12.8,53.74,966
2022,23,30,5.3,34,22.5,11.2,48.9,967
2022,113,171,6.1,213,23,10.4,44.86,969
2022,196,303,6.7,415,23.8,10,41.7,969
2022,241,412,6.8,588,24.4,10,40.16,970
2022,374,418,6.8,732,25.1,10.1,38.71,970
2022,348,472,6.8,781,25.1,10.2,38.96,970
2022,304,497,6.6,762,24.7,10.2,39.91,969
2022,331,424,6.5,686,24.1,10.1,41.18,969
2022,231,375,6.4,526,23.1,10.1,43.69,969
2022,127,261,6.2,321,21.9,10.1,47.12,969
2022,42,95,6.1,105,20.8,10.2,50.75,970
2022,0,0,6.3,0,19.7,10.3,54.44,971
2022,0,0,6.6,0,18.7,10.2,57.69,972
2022,0,0,6.7,0,18,10.1,60.09,973
2022,0,0,6.7,0,17.5,10,61.34,973
2022,0,0,6.8,0,17.2,9.5,60.62,974
2022,0,0,6.8,0,16.8,8.6,58.52,974
2022,0,0,6.7,0,16.5,7.4,54.89,974
2022,0,0,6.6,0,16.2,6.1,51.21,973
2022,0,0,6.3,0,16,4.9,47.78,972
2022,0,0,6,0,15.9,3.8,44.5,972
2022,0,0,5.8,0,15.9,2.7,41.09,972
2022,0,0,5.5,0,15.8,1.7,38.54,972
2022,0,0,5.3,0,15.8,1.2,37.22,973
2022,0,31,5.2,31,16.3,1.3,36.34,973
2022,14,180,5.4,185,17.1,1.9,36,974
2022,138,363,5.7,442,18.1,2.7,35.72,974
2022,331,382,5.6,626,19,3.4,35.45,974
2022,425,397,5.4,755,19.8,3.9,34.97,974
2022,471,388,5.1,807,20.5,4.2,34.25,973
2022,484,369,4.7,792,21.1,4.5,33.59,971
2022,298,423,4.3,659,21.7,4.7,32.98,970
2022,219,359,3.9,503,22.2,4.9,32.39,969
2022,103,270,3.3,318,21.8,5,33.53,969
2022,171,111,1.7,153,20.3,6.3,40.13,969
2022,0,0,1.1,0,18.5,6.9,46.76,969
2022,0,0,1,0,18.1,6.9,47.98,970
2022,0,0,1.1,0,17.7,6.9,49.02,970
2022,0,0,1.2,0,17.4,6.7,49.43,971
2022,0,0,1.4,0,17.1,6.5,49.77,971
2022,0,0,1.6,0,16.8,6.3,49.81,970
2022,0,0,1.7,0,16.4,6,50.22,970
2022,0,0,1.7,0,15.8,5.7,51.01,969
2022,0,0,1.8,0,15.2,5.1,50.94,968
2022,0,0,1.9,0,14.5,4.3,50.52,968
2022,0,0,1.8,0,13.8,3.5,49.86,968
2022,0,0,1.8,0,13.3,2.7,48.59,969
2022,0,0,1.9,0,13.1,2.1,47.34,969
2022,224,52,2.9,85,15.6,1.4,38.29,970
2022,529,110,3.5,309,18.6,-0.2,28.24,970
2022,684,138,3.5,534,21.7,0.4,24.25,970
2022,767,154,3.1,721,24.1,1.9,23.36,970
2022,816,159,2.6,850,25.9,3.4,23.43,969
2022,834,162,2.3,906,27.1,4.9,24.12,967
2022,831,158,2.2,884,27.9,6,24.88,966
2022,785,161,2.2,785,28.2,6.6,25.56,964
2022,731,145,2.1,625,27.9,7,26.59,963
2022,629,119,1.7,415,27,7.3,28.77,963
2022,425,77,0.7,184,24.9,10.1,39.35,963
2022,0,0,0.5,0,23.2,8.5,39.02,963
2022,0,0,0.7,0,21.7,8.4,42.6,964
2022,0,0,0.9,0,20.1,8.4,46.95,965
2022,0,0,1,0,18.8,8.3,50.41,966
2022,0,0,1.1,0,18.1,8.1,51.99,966
2022,0,0,1.1,0,17.7,8,52.96,966
2022,0,0,1.1,0,17.5,8,53.57,965
2022,0,0,1.1,0,17.3,8,54.27,964
2022,0,0,1.1,0,17.2,8,54.71,964
2022,0,0,1.1,0,17.3,8,54.43,963
2022,0,0,1.1,0,17.5,8,53.72,963
2022,0,0,1,0,17.9,8,52.25,963
2022,0,0,0.8,0,18.4,8.2,51.27,964
2022,245,50,0.7,86,20.9,10.6,51.6,965
2022,526,108,1.3,307,24.3,9.1,38.05,965
2022,665,142,2.8,529,27.6,9.3,31.75,965
2022,741,163,3.6,713,29.5,10.2,30.17,964
2022,768,183,4.3,835,30.9,10.9,29.23,963
2022,771,194,4.7,884,31.7,11.4,28.87,962
2022,745,203,5,857,32.1,11.6,28.61,960
2022,714,191,5.1,760,32.1,11.6,28.64,959
2022,640,177,4.9,598,31.6,11.6,29.3,957
2022,505,149,4.3,387,30.5,11.7,31.55,957
2022,278,91,2.8,161,27.8,12.4,38.49,957
2022,0,0,2,0,24.9,12.2,45.07,957
2022,0,0,2,0,23.9,12.2,48,958
2022,0,0,2,0,23,12.3,50.84,959
2022,0,0,1.9,0,22.3,12.4,53.34,959
2022,0,0,1.9,0,21.6,12.4,55.82,959
2022,0,0,1.9,0,21.1,12.4,57.6,959
2022,0,0,1.8,0,20.6,12.4,59.38,958
2022,0,0,1.6,0,19.9,12.4,62.14,957
2022,0,0,1.5,0,19.4,12.5,64.22,957
2022,0,0,1.4,0,19,12.5,65.8,956
2022,0,0,1.5,0,18.7,12.5,67.2,957
2022,0,0,1.5,0,18.5,12.5,68.25,957
2022,0,0,1.7,0,18.5,12.7,68.85,958
2022,107,48,2.8,64,20.8,13.1,61.32,958
2022,314,146,3.4,266,23.5,13.4,53.15,959
2022,452,211,4.8,476,26.9,13.4,43.25,959
2022,531,254,5.8,650,29.7,13.2,36.33,959
2022,569,282,6.3,767,31.4,13.1,32.84,958
2022,583,294,6.6,818,32.4,13,30.74,957
2022,562,299,6.4,794,32.9,13,29.95,956
2022,558,265,6.1,711,32.9,13,30,955
2022,494,232,5.7,558,32.5,13,30.69,954
2022,374,181,4.9,358,31.5,13.2,32.75,954
2022,8,114,3.7,116,29.3,13.5,37.85,954
2022,0,0,3,0,26.9,13.5,43.55,955
2022,0,0,2.7,0,25.9,13.7,46.82,956
2022,0,0,2.1,0,24.8,14,50.98,957
2022,0,0,1.6,0,23.8,14.2,55.01,958
2022,0,0,1.4,0,23,14.4,58.29,959
2022,0,0,1.3,0,22.5,14.4,60.39,959
2022,0,0,1.2,0,22,14.5,62.37,959
2022,0,0,1.1,0,21.6,14.5,63.87,959
2022,0,0,1,0,21.4,14.5,64.7,960
2022,0,0,1.5,0,21.5,14.5,64.57,961
2022,0,0,2.6,0,22.2,14.6,62.29,962
2022,0,0,2.8,0,22.1,14.1,60.49,963
2022,0,0,2.8,0,21.8,12.7,56.11,964
2022,0,4,3.2,4,22.3,11.3,49.67,965
2022,0,13,3.9,13,23.2,10.1,43.49,966
2022,0,26,5.1,26,24.1,8.5,36.87,967
2022,0,64,5.5,64,24.7,7.3,32.78,967
2022,0,95,5.2,95,25.1,6.6,30.62,967
2022,0,269,4.9,270,25.6,6.1,28.69,967
2022,0,106,4.8,106,26,5.7,27.24,966
2022,0,143,4.6,143,26.2,5.5,26.52,965
2022,29,390,4.3,409,25.9,5.6,27.17,965
2022,1,176,3.7,176,25.1,6,29.43,965
2022,99,119,2.5,144,23.7,7.1,34.54,965
2022,0,0,2,0,22.1,7.8,39.84,966
2022,0,0,2.2,0,21.6,7.8,41.13,966
2022,0,0,2.5,0,21.4,7.5,40.76,967
2022,0,0,2.9,0,21.2,7.2,40.25,968
2022,0,0,3.1,0,21,7,40.21,969
2022,0,0,3.3,0,20.7,6.8,40.41,969
2022,0,0,3.8,0,20.5,6.3,39.75,969
2022,0,0,4.2,0,20.2,6.2,40.01,968
2022,0,0,4.7,0,20.2,6,39.45,968
2022,0,0,4.9,0,19.9,6,40.3,968
2022,0,0,4.8,0,19.5,5.6,40.28,969
2022,0,0,4.7,0,19.2,4.8,38.71,969
2022,0,0,4.6,0,18.9,4,37.32,970
2022,17,39,4.8,41,19,3.7,36.24,971
2022,4,168,5.3,169,19.7,3.9,35.25,971
2022,6,246,5.6,249,20.5,5,36.28,972
2022,0,176,5.4,176,21.2,5.9,36.91,972
2022,1,363,5,364,22,6.3,36.02,972
2022,28,448,4.7,473,22.9,6.4,34.38,971
2022,27,428,4.5,452,23.9,6.5,32.62,969
2022,443,361,4.1,716,24.4,6.7,32.03,968
2022,29,313,3.8,332,24.2,6.8,32.7,967
2022,32,236,3.4,252,23.5,7,34.51,966
2022,0,67,2.3,67,21.9,7.7,40.06,967
2022,0,0,1.5,0,20,8.4,47.29,967
2022,0,0,1.6,0,19.5,8.4,48.53,968
2022,0,0,1.6,0,19,8.3,49.69,969
2022,0,0,1.6,0,18.6,8.2,50.65,969
2022,0,0,1.6,0,18.2,8.1,51.87,970
2022,0,0,1.7,0,18.1,8.2,52.27,970
2022,0,0,1.8,0,18,8.2,52.71,969
2022,0,0,1.7,0,17.7,8.3,54.05,969
2022,0,0,1.6,0,17.4,8.3,55.07,969
2022,0,0,1.5,0,17.2,8.2,55.49,968
2022,0,0,1.5,0,16.9,8.1,55.95,968
2022,0,0,1.6,0,16.7,7.8,55.72,969
2022,0,0,1.6,0,16.5,7.5,55.26,969
2022,41,52,2.7,59,17.8,6.8,48.62,970
2022,16,230,3.8,236,19.8,5.7,39.66,970
2022,343,286,4.3,490,21.9,4.9,33.02,971
2022,450,326,4.1,666,23.9,4.7,28.92,970
2022,535,333,3.7,794,25.6,5,26.63,969
2022,564,334,3.3,845,26.7,5.5,25.78,968
2022,557,329,2.9,823,27.4,6,25.55,966
2022,537,300,2.6,732,27.5,6.4,26.12,965
2022,484,257,2.3,579,27.2,6.6,27.03,964
2022,9,218,2.1,222,26.3,6.9,29.06,964
2022,25,148,1,154,23.8,9.4,40.14,965
2022,3,3,1,3,21,8.9,45.96,966
2022,0,0,1.1,0,20.2,8.3,46.39,966
2022,0,0,1.3,0,19.7,7.7,45.95,968
2022,0,0,1.6,0,19.6,7.1,44.41,968
2022,0,0,2,0,19.5,6.6,43.05,969
2022,0,0,2.3,0,19.1,6.1,42.77,969
2022,0,0,2.5,0,18.8,5.7,42.27,969
2022,0,0,2.6,0,18.3,5.4,42.6,969
2022,0,0,2.8,0,17.9,4.9,42.32,968
2022,0,0,2.9,0,17.8,4.4,41.23,968
2022,0,0,2.6,0,17.4,4.3,41.87,968
2022,0,0,2.2,0,16.7,4.2,43.52,968
2022,0,0,2,0,16.4,4.3,44.49,969
2022,0,14,2.8,14,18.1,4,39.21,970
2022,0,120,3.3,120,20.2,3.2,32.55,971
2022,329,301,3.6,498,22.5,3.1,28.03,971
2022,88,503,3.4,570,24.5,3.8,26.18,971
2022,261,489,3,715,25.9,4.6,25.36,970
2022,21,414,2.6,433,26.7,5.1,25.15,969
2022,292,508,2.2,768,27.1,5.5,25.29,967
2022,230,457,1.9,642,27.2,5.9,25.69,966
2022,253,371,1.8,539,27,6,26.34,966
2022,405,191,1.7,385,26.2,6.3,28.12,965
2022,29,131,0.9,138,23.8,9.2,39.56,966
2022,3,3,1.1,3,21.1,8.5,44.27,966
2022,0,0,1.4,0,20.7,7.8,43.33,967
2022,0,0,1.7,0,20.4,7,41.89,969
2022,0,0,1.9,0,20.1,6.6,41.36,969
2022,0,0,2.1,0,19.6,6.2,41.53,969
2022,0,0,2.2,0,19.1,6,42.27,969
2022,0,0,2,0,18.5,5.9,43.73,969
2022,0,0,1.7,0,17.6,6,46.49,968
2022,0,0,1.4,0,16.9,6,48.64,967
2022,0,0,1.3,0,16.2,5.8,50.25,967
2022,0,0,1.2,0,15.7,5.6,51.17,967
2022,0,0,1.1,0,15.2,5.5,52.27,967
2022,0,0,1.1,0,15.2,5.5,52.46,968
2022,155,62,1.9,88,18.2,5.5,43.31,968
2022,398,151,2.2,310,21.5,4.1,32,969
2022,547,202,2.3,532,25.1,3.2,24.19,969
2022,635,229,1.7,713,27.4,4.1,22.39,968
2022,747,211,1.4,859,29.2,5.3,21.98,967
2022,773,210,1.7,915,30.5,6.6,22.35,966
2022,774,203,2.3,893,31.2,7.3,22.5,964
2022,683,222,2.7,774,31.3,7.6,22.79,963
2022,622,196,2.8,611,30.9,7.7,23.49,962
2022,509,157,2.6,401,29.8,8.1,25.83,961
2022,296,93,1.2,169,26.6,11,37.66,962
2022,10,3,1,4,23.7,9.9,41.72,962
2022,0,0,1,0,22.7,9.6,43.42,963
2022,0,0,1.1,0,21.8,9.4,45.23,963
2022,0,0,1.1,0,20.9,9.3,47.51,963
2022,0,0,1.1,0,20.2,9.3,49.37,963
2022,0,0,1.2,0,19.6,9.3,51.23,962
2022,0,0,1.2,0,19,9.3,53.37,962
2022,0,0,1.1,0,18.5,9.3,55.03,961
2022,0,0,1.1,0,18.1,9.3,56.3,960
2022,0,0,1.1,0,17.7,9.2,57.55,960
2022,0,0,1.1,0,17.5,9.2,58.09,960
2022,0,0,1.2,0,17.2,9.2,59.17,960
2022,0,0,1.3,0,17.3,9.3,59.44,960
2022,104,54,2.1,71,20.3,10.1,51.87,961
2022,284,165,3.1,279,23.4,10.2,43.21,961
2022,425,238,4.4,496,27.2,10.5,35.2,961
2022,515,278,5.8,673,30.3,10.7,29.86,960
2022,592,288,6.7,804,32.3,11.1,27.37,959
2022,598,304,7.3,851,33.5,11.5,26.21,958
2022,564,314,7.5,818,34,11.5,25.42,956
2022,543,286,7.3,727,34.1,11.3,25.08,955
2022,456,256,6.9,561,33.7,11.3,25.64,953
2022,318,196,6,349,32.6,11.5,27.65,953
2022,150,92,4.8,131,30.5,12,32.01,953
2022,4,2,4.3,2,28.4,12.1,36.54,954
2022,0,0,4.3,0,27.6,12.2,38.4,954
2022,0,0,4.3,0,26.9,12.2,39.99,955
2022,0,0,4.2,0,26.2,12.1,41.58,955
2022,0,0,3.7,0,25.4,12.1,43.58,955
2022,0,0,3.7,0,24.8,12,44.94,955
2022,0,0,3.8,0,24.4,12,45.8,955
2022,0,0,3.8,0,24.1,11.9,46.28,954
2022,0,0,3.9,0,23.8,11.7,46.79,954
2022,0,0,3.6,0,23.3,11.8,48.37,954
2022,0,0,3.5,0,22.8,11.9,50.21,954
2022,0,0,3.5,0,22.5,12.1,51.82,955
2022,0,0,3.6,0,22.4,12.4,53.04,956
2022,85,52,4.3,67,24,12.8,49.43,957
2022,229,171,5.3,264,26.2,13.1,44.24,958
2022,333,265,6.4,468,28.8,13.3,38.57,958
2022,394,331,7.1,634,31,13.6,34.71,957
2022,459,352,7.6,754,32.7,14.1,32.56,957
2022,477,364,7.9,802,33.7,14.5,31.51,955
2022,461,363,7.8,776,34.3,14.7,30.83,954
2022,436,331,7.5,686,34.4,14.7,30.68,953
2022,367,283,7,529,34.1,14.7,31.19,952
2022,264,204,6.2,331,33.2,14.7,32.94,952
2022,124,90,5.1,122,31.5,15,36.76,952
2022,3,2,4.3,2,29.6,15.2,41.6,953
2022,0,0,4.2,0,28.8,15.3,43.96,953
2022,0,0,4.2,0,28.2,15.4,45.84,954
2022,0,0,4,0,27.6,15.5,47.76,955
2022,0,0,3.6,0,27,15.6,49.76,955
2022,0,0,3.3,0,26.3,15.7,52.17,956
2022,0,0,3.1,0,25.8,15.7,53.84,956
2022,0,0,3,0,25.4,15.8,55.16,955
2022,0,0,2.7,0,24.9,15.8,56.99,956
2022,0,0,1.9,0,24,15.9,60.4,956
2022,0,0,1.4,0,23.4,15.9,62.77,957
2022,0,0,1.2,0,23.1,16,64.28,959
2022,0,0,1,0,23,16.1,65.25,960
2022,14,32,1,35,24.9,16.7,60.33,962
2022,59,168,1.9,192,26,15.8,53.24,963
2022,0,86,2.6,86,26.7,15.2,49.24,964
2022,11,436,2.8,444,27.3,14.5,45.5,964
2022,0,91,2.5,91,28.2,14.2,42.43,964
2022,5,461,2,465,29,14.4,41.03,963
2022,19,508,1.5,525,29.8,14.9,40.3,962
2022,0,291,1.2,291,30.2,15.4,40.78,961
2022,7,335,1.1,340,30.1,15.8,42.08,960
2022,136,226,1.1,292,29.5,16.2,44.59,960
2022,53,78,0.9,92,27.5,17.4,54.02,960
2022,1,1,1.2,1,25.5,16.1,56.17,961
2022,0,0,1.7,0,24.8,14.9,54.07,962
2022,0,0,2.1,0,24.2,13.7,51.91,963
2022,0,0,2.8,0,23.6,12.3,49.08,964
2022,0,0,3.6,0,23,10.5,45.11,965
2022,0,0,4.5,0,22.4,7.9,39.35,966
2022,0,0,5,0,21.6,5.4,34.79,967
2022,0,0,5.2,0,20.8,4.2,33.57,967
2022,0,0,5,0,20.1,3.9,34.42,966
2022,0,0,4.8,0,19.6,3.8,35.1,967
2022,0,0,4.7,0,19.1,3.3,34.99,967
2022,0,0,4.8,0,18.8,2.5,33.67,968
2022,0,0,4.8,0,18.5,1.6,32.33,969
2022,0,60,5.1,60,18.8,1.1,30.53,970
2022,168,201,5.7,271,19.8,0.8,28.16,971
2022,279,308,5.8,480,21.4,1.1,26.05,971
2022,345,384,5.3,652,23.1,1.8,24.69,971
2022,387,419,4.6,760,24.5,2.6,23.98,970
2022,396,447,3.9,812,25.7,3.3,23.45,968
2022,408,425,3.4,793,26.3,3.8,23.46,967
2022,406,370,3.1,702,26.8,4.2,23.41,965
2022,347,313,2.6,547,26.6,4.5,24.24,964
2022,247,231,1.9,350,25.8,4.8,25.97,964
2022,1,120,0.8,121,23.9,7.9,35.94,964
2022,4,2,0.8,3,21.8,7.8,40.41,964
2022,0,0,0.8,0,20.8,7.6,42.48,965
2022,0,0,0.9,0,19.8,7.5,45,966
2022,0,0,1,0,18.9,7.1,46.32,967
2022,0,0,1.1,0,18.3,6.5,45.99,967
2022,0,0,1.2,0,17.9,6.1,45.92,967
2022,0,0,1.2,0,17.4,6,47.14,966
2022,0,0,1.3,0,17,6,48.44,966
2022,0,0,1.3,0,16.7,6.1,49.61,965
2022,0,0,1.2,0,16.4,6.2,50.97,964
2022,0,0,1.1,0,16.2,6.2,51.49,964
2022,0,0,1,0,15.9,6,51.96,964
2022,0,0,1,0,16.1,5.9,50.76,964
2022,86,57,2,73,18.1,5.4,43.2,965
2022,237,179,1.9,278,21,4.5,33.99,965
2022,352,268,1.5,486,24.2,4.6,28.12,965
2022,428,326,1.2,659,26.7,5.7,26.16,965
2022,540,321,1.7,799,28.7,6.8,25.1,964
2022,559,331,2.8,848,30.4,8,24.64,962
2022,556,319,3.7,821,31.5,9.1,25.04,961
2022,521,298,4.2,725,31.9,10,25.93,959
2022,465,251,4.4,565,31.7,10.6,27.33,958
2022,353,191,4,362,30.9,11.2,29.69,957
2022,174,96,2.2,142,28.3,12.3,37.25,957
2022,5,2,1.5,3,25.4,12.3,44.01,957
2022,0,0,1.4,0,24.5,12.3,46.55,958
2022,0,0,1.3,0,23.8,12.4,48.92,959
2022,0,0,1.2,0,23.2,12.5,50.94,959
2022,0,0,1.1,0,22.7,12.5,52.7,960
2022,0,0,1,0,22.2,12.6,54.45,960
2022,0,0,1,0,21.7,12.6,56.27,960
2022,0,0,1,0,21.3,12.6,57.73,959
2022,0,0,1,0,20.9,12.6,59.22,958
2022,0,0,1,0,20.6,12.7,60.51,958
2022,0,0,1,0,20.3,12.8,61.91,958
2022,0,0,1,0,20,12.9,63.51,959
2022,0,0,0.9,0,20.2,13.1,63.75,960
2022,0,42,1.2,42,22.7,13.8,57.06,961
2022,0,133,1.7,133,25.6,14,48.63,962
2022,29,375,2.8,392,28.9,15,42.77,962
2022,89,536,3.5,605,31,15.2,38.49,962
2022,21,460,3.9,478,32.4,15.6,36.47,961
2022,419,409,4.2,798,33.3,16,35.56,959
2022,418,397,4.3,775,33.8,16.2,35.06,958
2022,434,341,4.3,697,34.1,16.3,34.65,956
2022,356,296,4,537,33.7,16.4,35.73,955
2022,243,217,3.5,335,32.7,16.8,38.65,955
2022,0,74,1.8,74,30.4,17.9,47.1,955
2022,2,2,1.2,2,27.9,17.8,54.38,956
2022,0,0,1.2,0,27.1,17.9,57.06,957
2022,0,0,1.2,0,26.5,17.9,59.3,958
2022,0,0,1.1,0,25.9,17.9,61.55,958
2022,0,0,1.1,0,25.5,18,63.38,959
2022,0,0,1.1,0,25.1,18.1,65.16,959
2022,0,0,1.1,0,24.6,18.2,67.72,959
2022,0,0,1,0,24.2,18.4,70.26,958
2022,0,0,0.7,0,23.8,18.7,73.36,958
2022,0,0,0.8,0,23.5,19,75.73,958
2022,0,0,2.1,0,22.7,18.9,79.27,959
2022,0,0,4.1,0,20.7,18.4,86.7,960
2022,0,0,4.8,0,18.8,17,89.53,962
2022,0,3,4.6,3,17.9,15.7,86.76,963
2022,0,30,4.4,30,18.4,14.7,78.92,964
2022,1,180,4.2,181,19.9,14.2,69.53,964
2022,0,152,3.8,152,21.4,14.2,63.41,964
2022,1,388,3.2,389,22.7,14.4,59.39,963
2022,22,512,2.6,533,24,14.7,56.18,962
2022,1,360,2.1,360,25.2,15.1,53.66,961
2022,2,229,1.8,231,26.1,15.5,52.08,959
2022,0,81,1.5,81,26.4,15.8,52.19,958
2022,0,28,1.4,28,26.1,16.1,53.97,958
2022,1,70,1.3,70,24.7,16.7,61.03,958
2022,2,2,1.2,2,22.5,16.8,70.04,958
2022,0,0,1.8,0,21.7,16.4,72.08,959
2022,0,0,2.2,0,21,16.2,74,960
2022,0,0,2.5,0,20.3,16,76.4,961
2022,0,0,2.6,0,19.6,16,79.63,961
2022,0,0,2.6,0,19.1,16.1,83,962
2022,0,0,2.7,0,18.6,16.3,86.72,962
2022,0,0,3,0,18.2,16.5,90.06,962
2022,0,0,3.5,0,17.9,16.6,92.13,962
2022,0,0,3.6,0,17.6,16.5,93.17,962
2022,0,0,3.5,0,17.3,16.3,93.87,963
2022,0,0,3.3,0,17.1,16.2,94.29,964
2022,0,0,3.5,0,17,16.1,94.19,965
2022,53,68,3.8,79,17.1,16.1,93.61,967
2022,0,25,4.5,25,17.5,15.7,89.25,968
2022,0,124,5.3,125,18,15,82.7,968
2022,0,67,6,67,18.6,14.1,74.95,969
2022,0,137,6.5,137,19.1,13.2,68.81,968
2022,0,135,6,136,19.1,12.7,66.57,968
2022,1,189,5.2,189,18.8,12.6,67.2,968
2022,0,111,4.7,111,18.4,12.6,68.78,968
2022,0,96,4,96,17.8,12.8,72.64,968
2022,1,112,3,112,17.3,13.3,77.44,968
2022,0,4,2.3,4,16.9,13.8,81.75,968
2022,0,3,1.9,3,16.5,13.8,84.29,969
2022,0,0,1.7,0,16.3,13.8,85.19,969
2022,0,0,1.8,0,16.2,13.7,85.24,970
2022,0,0,2.1,0,16.1,13.6,85.38,970
2022,0,0,2.5,0,16,13.4,84.7,970
2022,0,0,3,0,16,12.7,80.66,970
2022,0,0,2.7,0,15.9,11.6,75.44,970
2022,0,0,2.4,0,15.7,10.4,70.86,969
2022,0,0,2.6,0,15.6,9.3,66.19,969
2022,0,0,2.3,0,15.4,8.7,64.29,969
2022,0,0,2,0,15.3,8.3,62.85,969
2022,0,0,1.7,0,15.2,7.9,61.66,969
2022,0,0,1.6,0,15.2,7.6,60.38,969
2022,1,50,1.9,50,16.4,7.5,55.53,970
2022,41,245,2.2,262,18,7.1,48.81,970
2022,206,310,2.9,440,20.2,5.8,38.97,971
2022,71,385,3.4,441,21.8,4.6,32.55,971
2022,271,456,3.5,699,22.9,4.1,29.37,970
2022,365,447,3.3,788,23.8,4,27.71,970
2022,10,347,3.1,356,24.6,4,26.39,969
2022,40,378,2.9,411,24.7,3.9,25.99,967
2022,38,307,2.5,333,24.4,3.9,26.46,967
2022,60,242,1.8,272,23.6,4.8,29.63,967
2022,28,132,0.8,140,21.6,8.6,43.21,967
2022,19,6,0.8,6,19.6,8.1,47.38,967
2022,0,0,0.7,0,19,7.9,48.6,967
2022,0,0,0.7,0,18.5,7.5,48.79,968
2022,0,0,0.8,0,17.4,7.4,51.85,968
2022,0,0,0.9,0,16.2,7.4,55.82,968
2022,0,0,1,0,15.5,7.1,57.32,968
2022,0,0,1,0,15.3,7,57.56,967
2022,0,0,1,0,15.5,6.9,56.58,966
2022,0,0,1,0,15.7,6.7,55.22,966
2022,0,0,1,0,16,6.4,52.79,965
2022,0,0,0.9,0,16.1,5.8,50.39,965
2022,0,0,0.8,0,16.2,5.3,48.42,966
2022,0,0,0.7,0,16.6,5.5,47.85,966
2022,4,96,0.7,97,18.9,7.1,46.32,966
2022,572,122,0.9,371,22.3,5.7,34.03,967
2022,702,151,1.8,598,25,5.3,28.14,967
2022,725,176,2,752,26.8,6.1,26.65,967
2022,864,148,2.1,924,28.3,6.7,25.52,966
2022,862,158,2.1,966,29.4,7.4,25.08,965
2022,838,165,2.2,930,30,8.1,25.54,963
2022,810,155,2.3,824,30.2,9,26.69,962
2022,735,145,2.3,646,29.9,9.6,28.37,961
2022,620,122,2.1,426,29.1,10.4,31.24,960
2022,412,80,1,189,26.9,13.6,43.86,961
2022,32,7,0.8,7,24.8,12.1,45.14,961
2022,0,0,0.8,0,24,11.7,46.09,962
2022,0,0,0.9,0,23.1,11.5,48.16,962
2022,0,0,1,0,21.9,11.4,51.29,963
2022,0,0,1,0,21,11.1,53.12,963
2022,0,0,1,0,20.6,10.8,53.48,962
2022,0,0,1,0,20.4,10.6,53.32,961
2022,0,0,1,0,20,10.5,54.21,961
2022,0,0,1,0,19.5,10.4,55.78,960
2022,0,0,1,0,19.2,10.4,56.88,960
2022,0,0,1,0,18.9,10.5,58.28,960
2022,0,0,1,0,18.6,10.6,59.6,960
2022,0,0,1,0,18.6,11.2,62,961
2022,246,74,1.7,125,21.8,12,53.73,962
2022,467,145,2.6,350,25,12.1,44.43,962
2022,599,186,3.9,569,28.3,12.6,37.94,962
2022,680,209,4.8,751,30.6,13.1,34.33,961
2022,768,197,5.3,888,32.1,13.3,32.01,960
2022,805,187,5.6,943,33.1,13.5,30.47,959
2022,800,182,5.8,915,33.7,13.5,29.57,957
2022,763,177,5.8,809,33.8,13.5,29.42,956
2022,718,153,5.7,643,33.5,13.5,29.87,955
2022,615,125,5.2,427,32.6,13.5,31.52,954
2022,415,81,3.9,191,30.5,13.8,36.19,954
2022,36,7,3.1,8,27.8,13.7,41.94,955
2022,0,0,2.9,0,26.6,13.7,45.15,955
2022,0,0,2.8,0,25.7,13.9,48.08,956
2022,0,0,2.6,0,24.9,14.1,51.11,957
2022,0,0,2.4,0,24.1,14.3,54.28,957
2022,0,0,2.4,0,23.5,14.5,57.05,957
2022,0,0,2.2,0,22.9,14.7,60.09,957
2022,0,0,1.9,0,22.3,15,63.42,957
2022,0,0,1.9,0,21.8,15.3,66.46,957
2022,0,0,2,0,21.5,15.5,68.77,956
2022,0,0,2.1,0,21.2,15.8,71.11,956
2022,0,0,2.1,0,20.8,16,73.81,957
2022,0,0,2.3,0,21.1,16.2,73.48,957
2022,361,66,3.2,142,23.6,16.5,64.64,958
2022,603,111,4.3,378,27.1,17.1,54.36,959
2022,728,136,5.6,604,30.3,16.9,44.58,959
2022,795,150,6.3,786,32.4,16.7,39,959
2022,852,145,6.7,914,33.8,16.7,36.15,958
2022,868,146,6.8,964,34.8,16.7,34.13,957
2022,854,148,6.7,931,35.4,16.5,32.7,955
2022,795,158,6.5,817,35.5,16.3,32.08,953
2022,727,148,6.2,645,35.2,16.2,32.26,952
2022,601,128,5.7,424,34.3,16.1,33.87,952
2022,384,85,4.6,187,32.4,16.3,37.97,952
2022,28,6,3.7,7,30.1,16.3,43.36,953
2022,0,0,3.6,0,29.1,16.3,46.13,953
2022,0,0,3.4,0,28.3,16.5,48.64,954
2022,0,0,2.9,0,27.3,16.6,52.09,955
2022,0,0,2.8,0,26.6,16.7,54.69,956
2022,0,0,2.7,0,26.1,16.9,56.84,956
2022,0,0,2.5,0,25.6,17.1,59.5,956
2022,0,0,2.5,0,25.3,17.4,61.66,955
2022,0,0,2.6,0,25,17.7,63.83,955
2022,0,0,2.7,0,24.7,17.9,65.82,955
2022,0,0,2.9,0,24.5,18,67.26,956
2022,0,0,2.8,0,24.1,18.1,69.29,956
2022,0,0,2.7,0,24.2,18.3,69.64,957
2022,314,72,3.4,139,26.5,18.7,62.39,959
2022,125,253,4.2,308,29.5,19.1,53.54,959
2022,5,269,4.5,272,32.2,19.2,46.09,960
2022,405,398,4.3,723,33.9,19.1,41.73,960
2022,180,542,3.8,705,34.7,19.1,39.86,959
2022,695,252,3.4,908,35.2,19.2,39.01,958
2022,692,244,3.2,881,35.4,19.3,38.92,957
2022,696,209,3,788,35.2,19.4,39.58,956
2022,625,191,2.7,620,34.7,19.5,40.92,955
2022,507,157,2.4,407,33.8,19.7,43.69,955
2022,296,99,1.2,178,31.9,21.2,53.26,955
2022,12,5,0.8,5,29.4,21.2,61.25,956
2022,0,0,0.8,0,28.6,21.1,63.91,957
2022,0,0,0.8,0,28.1,21.4,66.92,958
2022,0,0,0.6,0,27.6,21.6,69.9,959
2022,0,0,0.4,0,27.3,21.5,70.83,959
2022,0,0,0.8,0,26.7,21.4,72.8,959
2022,0,0,1.5,0,25.5,21.5,78.37,959
2022,0,0,3,0,23.9,21.1,84.55,959
2022,0,0,3.7,0,22.5,19.9,85.46,959
2022,0,0,3.4,0,21.5,18.9,85,959
2022,0,0,2.8,0,20.9,18.2,84.67,960
2022,0,0,2.4,0,20.5,17.9,85.22,961
2022,0,0,2.3,0,20.4,18,86.04,962
2022,0,8,2.6,8,20.9,18.3,84.86,962
2022,0,28,2.8,28,22.1,18.4,79.69,963
2022,0,88,2.9,88,24,18.2,69.93,963
2022,2,228,2.2,230,26.2,18.1,60.89,962
2022,15,424,1.4,438,27.6,18.2,56.74,961
2022,16,416,1.7,431,28.6,18.6,54.58,959
2022,238,528,2.3,747,29.5,18.9,52.84,957
2022,573,294,2.6,771,30.1,19.1,51.94,956
2022,24,345,2.8,361,30.3,19.3,51.94,955
2022,356,207,2.7,383,29.9,19.6,53.94,954
2022,176,111,1.6,158,28.7,20.5,61.28,954
2022,5,3,0.8,3,26.9,20.4,67.6,955
2022,0,0,0.8,0,26.3,20.3,69.48,955
2022,0,0,0.7,0,25.9,20.2,70.86,956
2022,0,0,0.7,0,25.5,20.1,72.14,957
2022,0,0,0.7,0,25.1,20.1,73.67,957
2022,0,0,0.6,0,24.8,20,74.72,957
2022,0,0,0.6,0,24.5,20,75.99,957
2022,0,0,0.6,0,24,20,78.24,956
2022,0,0,0.6,0,23.7,20,79.76,956
2022,0,0,0.6,0,23.4,20,81.47,956
2022,0,0,0.6,0,23.1,20.1,83.28,956
2022,0,0,0.6,0,22.8,20.2,85.15,957
2022,0,0,0.6,0,23.1,20.4,84.94,958
2022,0,78,1.2,78,25.2,20.6,75.79,958
2022,0,98,2.8,98,28,20.9,65.23,959
2022,0,161,4.3,162,30.3,21.1,57.96,959
2022,0,208,5.2,208,31.8,21.1,53.1,958
2022,0,296,5.6,296,32.7,20.9,49.88,957
2022,697,255,5.9,916,33.4,20.7,47.37,956
2022,242,542,6,766,33.8,20.4,45.56,955
2022,663,230,5.8,783,33.8,20.1,44.77,954
2022,32,343,5.5,365,33.4,20,45.3,953
2022,500,161,4.9,408,32.4,20,47.95,953
2022,294,98,3.5,177,30.7,20.4,54.28,953
2022,14,5,1.8,5,28.2,20.8,64.41,954
2022,0,0,1.2,0,27.1,21.1,69.93,955
2022,0,0,0.9,0,26.4,21.3,73.52,956
2022,0,0,0.8,0,25.9,21.4,76.12,957
2022,0,0,0.7,0,25.6,21.4,77.58,958
2022,0,0,0.7,0,25.2,21.5,79.97,959
2022,0,0,0.8,0,24.7,21.7,83.4,959
2022,0,0,1.7,0,24.3,21.9,86.3,959
2022,0,0,3.6,0,23.6,21.8,89.67,960
2022,0,0,5.1,0,22.3,21.1,92.75,961
2022,0,0,6.3,0,20.5,19,91.33,963
2022,0,0,5.8,0,19.4,17.6,89.12,964
2022,0,0,5.5,0,18.8,16.8,88.4,965
2022,0,7,5.5,7,18.7,16.3,85.85,967
2022,0,18,5.9,18,19.1,15.6,80.25,968
2022,0,25,6.2,25,20,14.7,71.45,968
2022,15,327,6.3,339,20.9,13.9,64.37,968
2022,1,185,6.1,185,21.8,13.5,59.22,968
2022,6,434,5.9,439,22.8,13.2,54.5,967
2022,84,493,5.5,570,23.5,12.8,51,966
2022,231,426,5.1,619,24,12.5,48.5,965
2022,63,390,4.7,434,24,12.1,47.48,964
2022,72,237,4.2,272,23.6,11.9,47.93,964
2022,0,54,3.2,54,22.3,12,52.15,964
2022,0,5,2.6,5,20.6,11.9,57.61,965
2022,0,0,2.6,0,19.9,11.7,59.32,966
2022,0,0,2.3,0,19.1,11.7,62.33,967
2022,0,0,2.2,0,18.5,11.6,64.25,968
2022,0,0,2.3,0,18.2,11.1,63.39,968
2022,0,0,2.5,0,17.9,10.3,61.21,968
2022,0,0,2.5,0,17.4,9.7,60.6,967
2022,0,0,2.4,0,16.9,9.2,60.5,966
2022,0,0,2.1,0,16.6,8.8,60.09,966
2022,0,0,1.8,0,16.7,8.6,58.91,966
2022,0,0,1.6,0,16.7,8.5,58.37,966
2022,0,0,1.5,0,16.5,8.2,57.84,967
2022,0,0,1.8,0,16.5,7.6,55.82,967
2022,9,117,2.6,119,17.7,6.7,48.61,968
2022,6,192,3.5,195,20.1,5.1,37.42,968
2022,660,174,3.9,609,22.5,4.6,31.09,968
2022,733,194,3.7,791,24.3,5.1,28.91,968
2022,656,242,3.4,842,25.7,5.9,28.19,967
2022,81,448,3.1,525,26.7,6.8,28.14,966
2022,167,541,2.8,696,27.1,7.5,28.86,964
2022,466,324,2.5,714,27.2,8.2,30.07,963
2022,625,198,2.2,629,26.8,8.6,31.75,963
2022,4,197,1.9,198,25.9,9,34.32,962
2022,0,36,1,36,24.4,10.9,42.73,963
2022,9,5,0.5,6,22.8,11.6,49.25,963
2022,0,0,0.4,0,22.3,11.4,50.22,963
2022,0,0,0.4,0,21.6,11.1,51.37,964
2022,0,0,0.6,0,20.9,11,53.13,964
2022,0,0,0.8,0,20.2,10.8,54.91,964
2022,0,0,0.8,0,19.7,10.6,55.58,964
2022,0,0,0.8,0,19.5,10.2,55.08,963
2022,0,0,0.7,0,19.5,10,54.07,962
2022,0,0,0.5,0,19.4,9.8,53.93,962
2022,0,0,0.4,0,19.3,9.7,53.74,961
2022,0,0,0.4,0,19.1,9.7,54.57,961
2022,0,0,0.5,0,18.9,10,56.3,962
2022,0,0,0.5,0,18.9,10.8,59.39,962
2022,8,105,0.8,107,20.8,10.5,51.87,963
2022,179,250,1.5,332,23.3,10.2,43.42,963
2022,536,224,2.2,580,25.9,10.8,38.74,963
2022,338,422,3,699,27.9,11.7,36.65,962
2022,452,417,3.6,832,29.4,12.5,35.29,961
2022,650,291,4.2,911,30.3,13,34.78,960
2022,635,285,4.6,875,30.8,13.5,34.82,959
2022,552,291,4.8,753,30.8,13.8,35.52,957
2022,472,256,4.7,582,30.5,14,36.69,956
2022,340,200,4,369,29.7,14.6,39.71,955
2022,165,102,2.8,146,27.9,15.1,45.8,955
2022,6,3,2.1,3,25.8,15.1,51.51,956
2022,0,0,2,0,25,15.2,54.6,957
2022,0,0,1.9,0,24.4,15.4,57.31,957
2022,0,0,1.9,0,23.8,15.6,60.18,958
2022,0,0,1.8,0,23.4,15.8,62.26,958
2022,0,0,1.7,0,23,15.9,64.36,959
2022,0,0,1.7,0,22.6,16,66.33,958
2022,0,0,1.8,0,22.3,16.1,67.86,958
2022,0,0,1.9,0,22,16.1,69.35,957
2022,0,0,2,0,21.7,16.2,70.96,957
2022,0,0,2,0,21.5,16.3,72.19,957
2022,0,0,2,0,21.2,16.4,73.92,958
2022,0,0,2.2,0,21.4,16.5,73.8,959
2022,175,89,3,131,23.3,16.8,66.96,960
2022,358,184,3.9,350,25.7,17,58.61,960
2022,484,246,4.8,568,27.7,17,52.15,960
2022,565,280,5.3,744,29,17.1,48.64,960
2022,50,483,5.5,529,30.1,17.3,46.14,959
2022,634,294,5.7,902,31.4,17.5,43.54,958
2022,628,284,5.8,867,32.5,17.7,41.29,956
2022,576,275,5.6,758,32.7,17.6,40.63,955
2022,507,242,5.1,593,32.5,17.5,40.83,954
2022,395,188,4.1,385,31.8,17.7,43.02,954
2022,216,104,2.8,162,30,18.2,49.24,954
2022,9,4,2.1,4,27.8,17.8,54.65,954
2022,0,0,2,0,27.1,17.8,56.65,955
2022,0,0,1.9,0,26.5,17.8,58.81,956
2022,0,0,1.5,0,25.5,17.9,62.75,957
2022,0,0,1.3,0,24.7,18,66.13,958
2022,0,0,1.2,0,24.1,18,68.65,958
2022,0,0,1.2,0,23.6,18,70.99,958
2022,0,0,1.2,0,23.1,18.2,73.91,958
2022,0,0,1.2,0,22.7,18.4,76.84,958
2022,0,0,1.1,0,22.3,18.6,79.52,958
2022,0,0,1,0,21.9,18.7,82.18,958
2022,0,0,1,0,21.6,18.9,84.38,959
2022,0,0,0.9,0,21.9,19.4,85.48,960
2022,0,13,1.5,13,24,19.9,78.1,961
2022,0,68,1.5,69,26.2,20.3,70.07,961
2022,0,75,1.5,76,28.4,20.7,62.96,961
2022,0,56,2,56,29.8,21.2,59.93,961
2022,528,348,2.6,835,30.5,21.4,58.5,960
2022,418,437,3,838,31.1,21.4,56.28,959
2022,333,490,3.3,801,31.5,21.2,54.39,958
2022,357,403,3.3,703,31.4,21.1,54.25,957
2022,0,21,2.6,21,30.6,21.5,58.26,956
2022,0,11,1.8,11,29.2,22.4,66.72,956
2022,0,30,1.2,30,27.3,23.3,78.73,956
2022,9,4,1,4,25.9,22.4,81.17,956
2022,0,0,1,0,25.4,22,81.4,957
2022,0,0,0.9,0,25.1,21.6,81.12,957
2022,0,0,0.8,0,24.7,21.4,81.75,958
2022,0,0,0.8,0,24.3,21.1,82.5,959
2022,0,0,0.8,0,23.9,20.8,82.92,959
2022,0,0,0.7,0,23.5,20.5,83.48,959
2022,0,0,0.7,0,23.2,20.3,83.6,958
2022,0,0,0.7,0,22.8,20,84.47,958
2022,0,0,0.7,0,22.6,19.8,84.44,957
2022,0,0,0.7,0,22.3,19.8,85.64,958
2022,0,0,0.7,0,22,19.8,87.28,958
2022,0,0,0.7,0,22.3,20.2,88.1,959
2022,121,95,1.5,124,24.1,20.6,80.77,960
2022,249,224,2,341,26.2,20.9,72.73,961
2022,354,313,2.9,551,28.4,20.9,63.74,961
2022,462,344,3.8,726,30.1,20.9,57.91,960
2022,622,292,4.5,868,31.4,20.7,53.14,960
2022,448,427,4.7,858,32.1,20.2,49.54,958
2022,0,161,4.8,162,32.2,20,48.5,957
2022,0,139,4.4,140,31.5,20,50.62,956
2022,0,87,3.5,87,30.5,20.6,55.61,955
2022,65,260,2.7,293,29.7,21.3,60.71,955
2022,32,144,1.9,152,28.3,21.8,67.95,955
2022,11,4,1.4,4,25.9,21.2,75.24,956
2022,0,0,1.4,0,25,21,78.35,956
2022,0,0,1.4,0,24.4,20.8,80.57,957
2022,0,0,1.3,0,23.9,20.8,82.62,958
2022,0,0,1.2,0,23.5,20.7,84.25,959
2022,0,0,1.3,0,23.5,20.7,84.08,959
2022,0,0,1.2,0,23.5,20.8,84.8,958
2022,0,0,1.1,0,23.2,21,87.26,958
2022,0,0,1.1,0,23,21.1,88.85,957
2022,0,0,0.9,0,22.7,21.1,90.59,957
2022,0,0,0.7,0,22.4,20.9,91.39,957
2022,0,0,0.7,0,22.3,20.8,91.29,958
2022,0,0,2.1,0,22.5,21,91.11,961
2022,0,54,4.9,54,21.3,20.3,94.14,963
2022,0,67,5.9,67,19.3,18.1,92.53,965
2022,0,36,5.9,36,18.4,16.2,87.22,965
2022,1,220,5.8,221,18.8,15.4,80.7,966
2022,1,250,5.8,251,19.5,14.7,73.57,965
2022,0,92,5.7,92,20.4,14,66.54,964
2022,0,80,5.5,80,21.1,13.4,61.4,963
2022,0,33,5.2,33,21.2,12.9,59.15,963
2022,0,57,4.4,57,20.7,12.7,60.2,962
2022,55,220,4,247,20.1,12.8,62.66,963
2022,94,155,3.8,181,19.4,12.6,64.95,963
2022,0,5,3.4,5,18.6,12.7,68.76,964
2022,0,0,3.4,0,18.1,13,72.01,965
2022,0,0,3.7,0,17.8,13,73.47,965
2022,0,0,4,0,17.5,13.1,75.51,966
2022,0,0,4.7,0,17.2,13.1,76.74,966
2022,0,0,5.2,0,16.9,12.7,76.46,967
2022,0,0,5.1,0,16.4,12.3,76.85,967
2022,0,0,4.7,0,15.8,11.9,77.84,967
2022,0,0,4.5,0,15.3,11.9,79.99,966
2022,0,0,4.4,0,14.9,12.1,83.25,966
2022,0,0,4.4,0,14.7,12.2,84.98,966
2022,0,0,4.1,0,14.7,12.2,85.14,966
2022,0,0,3.8,0,14.9,12.3,84.27,966
2022,0,10,3.2,10,15.8,12.6,81.17,968
2022,0,57,2.4,57,16.6,12.8,78.23,969
2022,3,189,2.7,191,17.3,12.7,74.19,969
2022,0,97,3.5,97,18.2,12.3,68.35,968
2022,11,354,4,365,19.7,11.9,60.77,967
2022,11,341,3.6,352,21.4,11.9,54.53,966
2022,34,425,3.1,457,21.6,11.8,53.52,965
2022,53,384,2.9,429,21.5,11.7,53.8,964
2022,4,201,2.6,204,21.2,11.9,55.36,962
2022,0,34,1.6,34,20.6,12.7,60.71,963
2022,0,5,1,5,19.5,13.7,69.2,963
2022,0,9,0.7,9,18.4,13.6,73.8,964
2022,0,0,0.5,0,18.3,13.7,74.35,965
2022,0,0,0.4,0,17.8,13.8,77.36,966
2022,0,0,0.6,0,17.6,13.5,76.96,967
2022,0,0,1.1,0,17.5,13.4,76.66,967
2022,0,0,1.4,0,17.2,13.2,77.51,967
2022,0,0,1.6,0,17.1,13.2,77.77,967
2022,0,0,1.6,0,16.9,13.2,78.64,966
2022,0,0,1.5,0,16.8,13.1,78.89,966
2022,0,0,1.5,0,16.8,13.1,78.67,965
2022,0,0,1.6,0,16.8,13,78.31,965
2022,0,0,1.7,0,16.8,12.9,77.74,965
2022,0,0,1.9,0,17.1,12.8,75.68,966
2022,359,87,2.4,178,18.3,12.8,70.16,966
2022,567,141,2.9,414,20.3,12.8,62.05,967
2022,437,288,3.2,585,22.4,13.1,55.73,967
2022,740,198,3.1,815,24.2,13.6,51.53,967
2022,797,151,3,894,25.6,14.1,48.88,967
2022,844,172,2.8,988,26.7,14.5,47.09,966
2022,841,166,2.6,954,27.3,14.9,46.66,965
2022,834,145,2.4,850,27.6,15.2,46.87,964
2022,778,133,2.2,675,27.4,15.5,48.21,963
2022,680,111,2,452,26.8,15.6,50.42,963
2022,493,75,1.2,210,25.4,16.7,58.61,963
2022,0,11,0.8,11,22.9,16.8,68.48,964
2022,0,0,0.8,0,21.9,16.3,70.37,965
2022,0,0,0.9,0,21.2,16,72.34,965
2022,0,0,1.1,0,20.8,15.8,73.18,966
2022,0,0,1.2,0,20.6,15.7,73.38,966
2022,0,0,1.4,0,20.3,15.6,74.29,966
2022,0,0,1.5,0,20.1,15.5,75.07,966
2022,0,0,1.6,0,19.8,15.5,76.42,965
2022,0,0,1.4,0,19.5,15.5,77.8,965
2022,0,0,1.3,0,19.1,15.4,79.31,965
2022,0,0,1.2,0,18.8,15.3,80.35,965
2022,0,0,1.3,0,18.5,15.3,81.4,966
2022,0,0,1.6,0,18.9,15.3,79.7,967
2022,379,86,2.4,182,21.2,15.4,69.62,967
2022,602,130,2.7,422,24.1,15.7,59.53,968
2022,718,157,2.9,647,26.6,15.8,51.67,968
2022,783,173,2.8,828,28.3,16,47.14,968
2022,865,150,2.6,958,29.6,16.2,44.28,967
2022,875,153,2.2,1000,30.5,16.4,42.64,965
2022,865,151,2,964,30.9,16.6,42.3,964
2022,833,146,1.8,852,31,16.8,42.46,963
2022,780,131,1.6,675,30.7,16.8,43.39,962
2022,681,110,1.5,452,29.9,16.8,45.46,962
2022,486,76,1,209,28.5,17.6,51.83,962
2022,61,11,0.6,13,26.1,17.8,60.37,962
2022,0,0,0.6,0,25.1,17.2,61.42,963
2022,0,0,0.7,0,24.5,16.9,62.7,964
2022,0,0,0.8,0,23.5,16.8,66.07,964
2022,0,0,0.9,0,22.4,16.7,70.31,964
2022,0,0,0.9,0,21.7,16.6,72.97,964
2022,0,0,1,0,21.3,16.5,74.31,964
2022,0,0,1,0,21,16.5,75.45,963
2022,0,0,0.9,0,20.9,16.5,75.98,963
2022,0,0,0.9,0,21.1,16.4,74.68,963
2022,0,0,0.8,0,21.3,16.4,73.75,963
2022,0,0,0.7,0,21.3,16.3,73.26,964
2022,0,0,0.6,0,21.5,17,75.7,964
2022,317,94,1,176,23.9,17.1,65.84,965
2022,544,147,0.7,412,27.2,17.2,54.44,966
2022,669,176,1.2,635,29.9,17.5,47.45,966
2022,741,193,1.8,814,31.4,18,44.91,965
2022,732,230,2.2,916,32.4,18.4,43.38,965
2022,746,234,2.6,957,33,18.5,42.27,963
2022,740,227,2.7,923,33.3,18.5,41.55,962
2022,656,241,2.7,797,33.3,18.3,41.15,961
2022,595,212,2.4,627,33,18.1,41.28,960
2022,488,168,2,413,32.2,18.2,43.34,960
2022,299,101,1.1,184,30.7,19.3,50.74,960
2022,19,7,0.7,7,28.3,19.2,57.98,961
2022,0,0,0.8,0,27,18.9,61.24,962
2022,0,0,0.9,0,25.9,18.8,64.88,963
2022,0,0,0.9,0,25.2,18.5,66.48,963
2022,0,0,1,0,24.9,18.5,67.49,964
2022,0,0,1,0,24.5,18.5,69.29,964
2022,0,0,1.1,0,24.2,18.5,70.71,964
2022,0,0,1.9,0,24,18.5,71.21,964
2022,0,0,3.1,0,23.7,18.4,72.35,964
2022,0,0,4,0,22.8,18.3,75.8,964
2022,0,0,4.3,0,21.8,17.8,78.21,964
2022,0,0,4.2,0,21.1,17.2,78.24,965
2022,1,2,4.1,2,20.8,16.6,77.13,965
2022,1,107,4.3,108,21.6,16.1,71.15,966
2022,339,224,4.5,390,23.1,15.5,62.32,966
2022,477,279,4.1,607,24.9,15.4,55.5,966
2022,292,450,3.4,696,26.3,15.8,52.48,966
2022,170,587,2.5,746,27.3,16.4,51.35,965
2022,599,330,1.7,913,28.1,16.9,50.77,964
2022,645,298,1.2,904,28.6,17.4,50.67,962
2022,694,229,1,817,29,17.6,50.36,960
2022,651,193,1,648,29.1,17.7,50.35,959
2022,566,149,1.1,434,28.7,17.8,51.7,958
2022,383,93,0.9,199,27.7,18.3,56.54,958
2022,33,10,0.6,11,25.4,18.7,66.47,959
2022,0,0,0.6,0,24.7,18.2,66.99,960
2022,0,0,0.4,0,24.2,17.9,68.09,960
2022,0,0,0.3,0,23.6,17.9,70.37,961
2022,0,0,0.4,0,23.6,17.8,70.13,961
2022,0,0,0.3,0,23.6,17.8,70.17,961
2022,0,0,0.4,0,23.2,17.9,72.34,960
2022,0,0,0.5,0,22.9,18,74.02,960
2022,0,0,0.5,0,22.6,18.1,75.54,959
2022,0,0,0.5,0,22.4,18.1,76.76,959
2022,0,0,0.6,0,22.1,18.2,78.34,959
2022,0,0,0.7,0,21.6,18.2,80.87,959
2022,5,3,0.8,3,21.9,18.6,81.46,959
2022,0,25,2,25,24.6,18.7,69.53,960
2022,430,183,2.9,395,27.3,18.9,60.27,960
2022,585,215,3.6,619,29.7,19,52.75,960
2022,688,224,4.4,804,31.7,18.9,46.68,959
2022,705,251,5.1,913,33.2,18.7,42.47,958
2022,719,251,5.5,951,34.1,18.6,40.04,956
2022,709,248,5.6,916,34.6,18.5,38.7,955
2022,631,258,5.5,794,34.6,18.3,38.13,953
2022,577,223,5.3,627,34.3,18.1,38.24,952
2022,463,178,4.7,411,33.4,18,40.03,952
2022,271,104,3.7,179,31.6,18.1,44.6,952
2022,17,6,3.1,7,29.4,17.7,49.29,952
2022,0,0,3,0,28.5,17.6,51.74,953
2022,0,0,3,0,27.8,17.8,54.44,954
2022,0,0,2.7,0,27.1,18.1,57.79,955
2022,0,0,2.4,0,26.4,18.4,61.29,956
2022,0,0,2.6,0,26,18.5,63.48,956
2022,0,0,2.7,0,25.8,18.7,64.8,955
2022,0,0,2.7,0,25.5,18.8,66.66,955
2022,0,0,2.5,0,25,19,69.38,954
2022,0,0,2.4,0,24.5,19.2,72.2,954
2022,0,0,2.4,0,24.2,19.3,74.2,954
2022,0,0,2.5,0,23.9,19.5,76.23,955
2022,15,6,2.9,6,24.2,19.7,75.97,956
2022,293,101,3.8,179,26.1,20.1,69.5,956
2022,482,171,5.2,410,28.5,20.2,60.78,957
2022,586,221,6,627,30.5,19.8,52.98,957
2022,649,251,6.6,800,32.1,19.7,48.06,957
2022,96,473,6.8,563,33.1,20,46.15,956
2022,120,549,6.8,666,33.9,20.2,44.6,955
2022,644,291,6.7,899,34.4,20,43.08,953
2022,653,246,6.6,802,34.4,19.9,42.65,952
2022,546,241,6.4,624,33.8,19.8,43.9,951
2022,230,285,6.1,401,32.8,19.8,46.45,951
2022,193,116,5.4,170,31.5,19.7,49.75,951
2022,7,5,4.9,5,30.3,19.6,52.81,952
2022,0,0,4.8,0,29.5,19.7,55.6,953
2022,0,0,4.5,0,28.8,19.9,58.52,953
2022,0,0,4.1,0,28.3,20,60.82,954
2022,0,0,4,0,27.8,20.1,62.96,955
2022,0,0,4.3,0,27.5,20.1,64.21,956
2022,0,0,4.3,0,27.2,20.2,65.48,955
2022,0,0,4.1,0,26.7,20.2,67.77,955
2022,0,0,3.6,0,26.2,20.4,70.34,955
2022,0,0,3.4,0,25.9,20.5,71.98,955
2022,0,0,3.2,0,25.6,20.5,73.5,955
2022,0,0,2.7,0,25.2,20.6,75.49,956
2022,8,6,1.8,6,24.9,20.8,77.89,958
2022,210,122,1.2,178,26,21,73.87,960
2022,12,183,2.3,189,26.8,20.2,67.23,961
2022,0,179,3.4,179,26.8,18.8,61.58,962
2022,86,449,3.7,521,26.7,17.1,55.58,962
2022,0,52,3.8,52,26.6,15.8,51.63,962
2022,1,224,3.5,225,26.6,15.1,49.31,961
2022,95,489,3.1,579,26.5,14.7,48.17,960
2022,574,305,2.7,793,26.4,14.5,47.82,960
2022,523,260,2.4,627,26.1,14.4,48.6,959
2022,418,203,2.1,415,25.6,14.7,51.08,959
2022,0,14,1.4,14,24.5,15.6,57.62,959
2022,10,7,1.2,7,23.2,15.9,63.42,960
2022,0,0,1.1,0,22.6,16.5,68.26,962
2022,0,0,1.1,0,22.2,16.9,72.02,963
2022,0,0,1.1,0,21.9,17.1,74.27,964
2022,0,0,1.3,0,21.4,17.1,76.61,964
2022,0,0,1.9,0,21,16.9,77.39,964
2022,0,0,2.4,0,20.5,16.8,79.38,964
2022,0,0,2.4,0,20.2,16.6,80.01,963
2022,0,0,2.3,0,20.1,16.3,78.83,962
2022,0,0,2.4,0,19.9,16,78.04,962
2022,0,0,2.5,0,19.4,15.8,79.63,963
2022,0,0,2.4,0,18.8,15.7,82.19,964
2022,11,7,2.7,7,18.3,15.6,84.43,965
2022,43,146,3.1,157,18.2,15.7,85.34,967
2022,287,246,3,390,19,15.1,78.36,968
2022,640,197,2.7,644,20.5,14.1,66.75,968
2022,440,347,3.3,721,21.5,13.6,60.71,968
2022,3,273,4.1,275,22.3,13.4,56.94,967
2022,799,209,4.4,990,23.8,13.4,52.21,966
2022,308,426,4.2,718,24.8,13.5,49.38,965
2022,19,366,3.8,382,25,13.4,48.47,964
2022,139,344,3.2,442,24.6,13.2,48.97,963
2022,297,240,2.5,391,23.9,13,50.44,963
2022,407,91,1.7,204,22.8,13,54,962
2022,47,11,0.7,13,20.6,13.9,65.39,962
2022,0,0,0.6,0,19.9,13.6,67.22,962
2022,0,0,0.4,0,19.7,13.3,66.43,962
2022,0,0,0.7,0,19,13.1,68.68,962
2022,0,0,0.9,0,18.3,13.1,71.75,963
2022,0,0,1.2,0,18.3,13.1,71.92,962
2022,0,0,1.3,0,18.1,13.2,72.87,961
2022,0,0,1.3,0,17.6,13.2,75.18,960
2022,0,0,1.4,0,17.4,13.2,76.18,960
2022,0,0,1.6,0,17.4,13.2,76.25,959
2022,0,0,1.8,0,17.3,13.2,76.75,958
2022,0,0,1.8,0,17,13.2,78.52,958
2022,57,11,2.3,13,17.6,13.4,76.54,958
2022,479,81,3.6,214,20.2,13.7,66.39,959
2022,678,120,5.1,462,23.5,14,55.3,959
2022,770,148,6.1,688,26.2,14.8,49.36,958
2022,818,169,6.8,866,28.3,15.9,47.01,957
2022,910,137,7.3,999,29.9,16.9,45.57,956
2022,931,131,7.5,1043,31.1,17.4,44.08,955
2022,929,125,7.4,1005,31.9,17.7,42.84,953
2022,897,122,7.2,886,32.2,17.8,42.46,952
2022,855,108,6.9,709,32.1,17.9,42.98,951
2022,764,92,6.4,480,31.3,18.1,45.5,951
2022,573,67,5.6,227,30,18.3,49.67,952
2022,107,14,4.5,18,28.1,18.5,56.14,953
2022,0,0,4.1,0,27.1,18.9,60.8,955
2022,0,0,4.1,0,26.4,19.2,64.76,956
2022,0,0,3.9,0,25.8,19.6,68.47,957
2022,0,0,3.5,0,25.2,19.8,72.11,958
2022,0,0,3.2,0,24.5,20,75.98,959
2022,0,0,2.6,0,23.8,20.1,79.65,959
2022,0,0,2.4,0,23.2,20.1,82.58,958
2022,0,0,2.2,0,22.7,20,84.81,958
2022,0,0,1.8,0,22.5,19.9,85.01,959
2022,0,0,1.5,0,22.7,19.3,81.2,960
2022,0,0,2.6,0,22.8,17.3,71.04,962
2022,3,5,3.6,6,22.3,13.9,59.15,963
2022,0,21,3.9,21,22.2,10.4,47.21,964
2022,26,292,4.7,305,22.6,7.6,38.17,965
2022,0,207,5.3,207,23.3,7.1,35.41,965
2022,0,187,5.1,187,23.8,7.7,35.67,965
2022,0,187,4.8,187,24.4,8.2,35.64,965
2022,62,527,4.7,588,25.3,8.5,34.52,964
2022,0,273,4.8,274,26.5,8.8,32.79,962
2022,763,201,4.6,853,27.2,9.1,32.14,962
2022,727,167,4.3,679,27.2,9.3,32.42,961
2022,9,221,4,226,26.5,9.3,33.86,961
2022,2,114,3.1,114,24.8,9.7,38.39,961
2022,0,12,1.9,12,22.7,10.3,45.58,962
2022,0,0,2.1,0,22.1,10.2,46.89,963
2022,0,0,2.2,0,21.5,10,48.05,964
2022,0,0,2.1,0,21.1,10.2,49.7,965
2022,0,0,2.4,0,20.6,10.4,52.1,966
2022,0,0,2.6,0,20.1,10.8,54.95,966
2022,0,0,2.7,0,19.6,11.1,57.88,966
2022,0,0,2.6,0,19,11.4,61.31,965
2022,0,0,2.3,0,18.5,11.7,64.38,965
2022,0,0,2,0,18,11.9,67.41,964
2022,0,0,1.7,0,17.6,12.1,70.35,964
2022,0,0,1.8,0,17.3,12.4,72.73,965
2022,29,12,2.1,14,17.2,12.4,73.6,966
2022,0,10,2.9,10,18.2,12.4,68.78,966
2022,0,68,3.2,68,19.8,12.1,61.11,967
2022,0,79,2.9,79,21.4,11.7,53.87,967
2022,0,255,2.4,255,22.7,11.5,49.15,966
2022,0,125,1.8,125,24.3,11.7,45.18,965
2022,0,252,1.6,252,26.1,12.2,42.12,964
2022,1,319,2.5,320,27.2,12.8,41.08,962
2022,807,176,3.3,866,27.8,13.4,41.18,960
2022,0,219,3.7,219,27.8,13.9,42.48,959
2022,663,125,3.7,462,27.3,14.2,44.68,959
2022,0,8,2.9,8,26.2,14.7,49.31,959
2022,54,13,1.2,15,23.6,15.4,59.95,959
2022,0,0,0.8,0,22.9,15.4,62.47,960
2022,0,0,0.5,0,22.9,15.4,62.51,961
2022,0,0,0.4,0,22.7,15.4,63.46,962
2022,0,0,0.3,0,22.5,15.6,65.15,963
2022,0,0,0.4,0,22.1,15.7,67.24,963
2022,0,0,0.5,0,21.5,15.8,69.95,962
2022,0,0,0.6,0,21.1,16.1,72.94,962
2022,0,0,0.6,0,20.8,16.5,76.19,961
2022,0,0,0.5,0,20.4,16.9,80.2,961
2022,0,0,0.5,0,20.2,17.2,83.05,961
2022,0,0,0.5,0,20.1,17.5,84.97,962
2022,0,10,0.5,10,20.6,17.9,84.46,963
2022,0,24,1.1,24,22.7,18.1,75.09,964
2022,0,38,1.8,38,25.4,18.4,65.18,964
2022,0,129,2.5,129,27,19.1,61.87,964
2022,0,174,3.1,175,28.5,19.5,58.25,963
2022,9,437,3.6,445,29.9,19.7,54.23,962
2022,0,131,3.7,131,31,19.7,51.03,961
2022,0,214,3.6,214,31.6,19.7,49.46,959
2022,25,418,3.5,440,31.6,19.8,49.65,958
2022,0,67,3.5,67,31.2,19.9,51.03,957
2022,1,186,3.1,187,30.2,20.2,55.16,957
2022,0,8,1.8,8,28.6,21.4,65.21,958
2022,0,7,1,7,26.3,22.1,77.67,959
2022,0,0,1,0,25.4,22.2,82.55,960
2022,0,0,1.1,0,24.8,22.3,86.23,960
2022,0,0,1,0,24.2,22.4,89.73,960
2022,0,0,0.8,0,23.7,22.5,93.11,961
2022,0,0,0.6,0,23.3,22.4,94.9,960
2022,0,0,0.3,0,23.1,22.3,95.14,960
2022,0,0,0.6,0,22.8,22.2,96.32,959
2022,0,0,1.5,0,22.2,21.9,98.39,959
2022,0,0,2,0,21.6,21.4,98.68,959
2022,0,0,2.8,0,20.9,20.5,97.67,961
2022,0,0,3.8,0,19.9,19.4,96.76,962
2022,22,12,3.4,13,19.2,18.4,95.4,963
2022,0,57,3.1,58,19.6,18.2,91.76,964
2022,627,134,3.5,456,20.7,18.1,85.28,964
2022,0,136,3.8,136,22.4,17.4,73.17,964
2022,0,247,3.5,247,24.1,16.6,62.82,964
2022,152,510,2.9,654,25.7,16.6,57.26,962
2022,0,108,2.3,108,27.1,17.1,54.25,961
2022,0,259,2.1,260,27.7,17.4,53.46,960
2022,0,240,2.3,240,27.6,17.5,54.31,959
2022,1,249,2.4,249,27.1,17.6,55.99,958
2022,0,91,2.3,91,26.4,17.6,58.29,958
2022,0,32,1.6,32,25.1,18,64.74,958
2022,30,13,0.9,14,23.3,18.6,74.77,959
2022,0,0,0.7,0,22.6,18.7,78.43,959
2022,0,0,0.7,0,22.1,18.9,81.91,960
2022,0,0,0.7,0,21.6,19,85.21,961
2022,0,0,0.8,0,21.2,19.1,87.7,961
2022,0,0,1,0,20.6,19.1,91.06,961
2022,0,0,1.2,0,20.2,19.1,93.66,960
2022,0,0,1.6,0,19.9,19.1,95.2,960
2022,0,0,2.2,0,19.6,18.8,95.15,960
2022,0,0,2.3,0,19.3,18.3,94.03,961
2022,0,0,2.1,0,19,17.7,92.11,961
2022,0,0,1.8,0,18.8,17.1,89.94,962
2022,0,11,1.7,11,18.7,16.7,88.32,963
2022,0,13,1.8,13,19.5,16.5,83.03,963
2022,0,143,1.7,143,21.3,16.1,72.18,963
2022,18,327,1.7,340,24.4,15.7,58.22,963
2022,855,137,2,873,26.8,16.1,51.95,962
2022,873,150,2.2,982,27.9,16.9,51.08,961
2022,872,157,2.8,1016,27.7,17.3,52.99,961
2022,0,271,3.5,272,26.7,17.5,57.17,960
2022,793,171,3.8,851,25.6,17.7,61.82,960
2022,690,157,3.1,645,24.6,17.9,66.31,960
2022,599,139,2,445,23.7,18.1,70.8,961
2022,402,93,1.2,207,22.8,18.3,75.69,961
2022,45,13,0.6,15,21.8,18.7,82.57,962
2022,0,0,0.5,0,21.3,18.8,85.86,963
2022,0,0,0.8,0,21.1,18.8,86.94,963
2022,0,0,1.5,0,20.9,18.9,88.31,964
2022,0,0,1.8,0,20.8,18.9,88.71,964
2022,0,0,1.8,0,20.5,18.8,90.25,964
2022,0,0,1.9,0,20.4,18.8,90.57,964
2022,0,0,2,0,20.2,18.7,91.26,964
2022,0,0,2.2,0,20.1,18.7,91.4,964
2022,0,0,2.1,0,19.9,18.6,92.19,964
2022,0,0,1.9,0,19.7,18.6,93.08,965
2022,0,0,2,0,19.6,18.5,93.24,966
2022,0,11,2.4,11,19.7,18.5,92.55,966
2022,10,96,3,99,20.4,18.7,89.7,967
2022,2,123,3.4,124,21.2,18.7,85.73,968
2022,23,264,4,280,22.4,18.2,76.96,968
2022,4,241,4,245,23.5,17.8,70.22,968
2022,1,173,3.9,173,24.4,17.5,65.61,968
2022,57,462,3.7,518,24.8,17.3,63.21,967
2022,95,435,3.5,525,24.9,17.1,61.92,967
2022,778,180,3.3,848,24.9,16.9,61.06,966
2022,727,160,3.1,674,24.7,16.6,60.82,965
2022,629,131,2.7,452,24.3,16.4,61.49,965
2022,439,88,1.5,213,23.4,16.8,66.53,965
2022,59,15,0.7,17,22,17.1,73.59,965
2022,0,0,0.5,0,21.6,16.9,74.63,965
2022,0,0,0.5,0,21.2,16.8,75.91,966
2022,0,0,0.6,0,20.7,16.6,77.42,966
2022,0,0,0.8,0,20.5,16.3,76.62,967
2022,0,0,0.9,0,20.5,15.9,74.7,966
2022,0,0,0.9,0,20.4,15.5,73.57,966
2022,0,0,1,0,20.3,15.2,72.62,965
2022,0,0,1,0,20.2,15,72.06,965
2022,0,0,1,0,20.1,14.8,71.62,965
2022,0,0,1,0,19.9,14.6,71.59,965
2022,0,0,1.1,0,19.7,14.4,71.65,966
2022,0,20,1.3,20,20.4,14.7,69.84,966
2022,442,94,2.2,225,22.6,14.6,60.67,967
2022,157,298,2.5,380,25.5,13.9,48.7,968
2022,733,165,2.9,690,27.7,13.3,41.15,968
2022,787,183,2.9,864,29.3,13.8,38.63,967
2022,815,194,2.9,974,30.6,14.5,37.7,967
2022,823,196,2.8,1009,31.5,15.3,37.63,965
2022,817,189,2.5,968,31.9,15.9,38.24,964
2022,773,186,2.3,850,32,16.4,39.2,963
2022,718,165,2.1,673,31.6,16.8,41.04,962
2022,122,255,2,317,30.8,17,43.73,962
2022,1,61,1.5,62,29.4,18,50.28,962
2022,0,12,0.8,12,26.5,18.8,62.52,963
2022,0,0,0.9,0,25.2,18.4,66.05,963
2022,0,0,0.9,0,24.6,18.4,68.25,964
2022,0,0,0.9,0,24.1,18.2,69.73,964
2022,0,0,0.9,0,23.6,18.1,71.32,965
2022,0,0,0.9,0,23,18,73.33,964
2022,0,0,0.9,0,22.4,17.9,75.61,964
2022,0,0,1,0,22,17.8,77.02,963
2022,0,0,1,0,21.6,17.7,78.57,963
2022,0,0,1,0,21.5,17.6,78.7,963
2022,0,0,1.1,0,21.5,17.5,78.22,963
2022,0,0,1.1,0,21.4,17.4,78.09,964
2022,58,19,1.5,22,22.3,17.6,74.76,964
2022,394,104,2.3,221,24.9,17.9,64.97,965
2022,591,149,2.5,459,27.6,18.5,57.51,965
2022,705,174,2.6,680,29.6,18.7,52.07,965
2022,765,191,2.6,854,31.1,18.9,48.31,964
2022,794,202,2.5,962,32.1,19.1,46.16,963
2022,802,205,2.5,998,32.7,19.3,45.16,962
2022,788,204,2.5,957,33,19.4,44.65,961
2022,568,353,2.4,841,32.9,19.3,44.7,959
2022,118,410,2.3,493,32.5,19.1,45.31,959
2022,598,141,2.2,447,31.8,18.9,46.37,958
2022,419,91,1.7,211,30.4,19.3,51.43,958
2022,63,14,0.8,17,27.6,19.9,62.76,959
2022,0,0,0.8,0,26.4,19.5,65.71,960
2022,0,0,0.8,0,25.7,19.3,67.92,960
2022,0,0,0.7,0,25.3,19.2,68.89,961
2022,0,0,0.7,0,25,19.1,69.81,961
2022,0,0,0.6,0,24.6,19.1,71.58,961
2022,0,0,0.6,0,24.2,19.1,73.26,961
2022,0,0,0.6,0,23.9,19.1,74.52,960
2022,0,0,0.5,0,23.7,19.2,75.73,960
2022,0,0,0.5,0,23.3,19.3,78.09,959
2022,0,0,0.7,0,22.9,19.3,80.28,960
2022,0,0,1.1,0,22.7,19.3,81.17,960
2022,0,17,1.7,17,22.9,19.5,81.15,961
2022,264,131,1.9,211,23.9,19.7,77.3,962
2022,444,208,1.7,442,25.3,19.8,71.65,962
2022,226,376,1.6,538,27.2,19.9,64.5,962
2022,649,266,1.9,828,29.4,20,57.04,961
2022,681,283,2,937,30.8,19.9,52.44,960
2022,700,279,2.1,972,32,19.7,48.3,959
2022,684,274,2.3,927,32.7,19.3,45.26,958
2022,666,248,2.4,820,32.8,19,44.02,957
2022,591,226,2.5,645,32.6,18.6,43.67,956
2022,489,179,2.3,429,31.9,18.5,45.11,956
2022,309,110,1.6,199,30.5,19.4,51.56,956
2022,26,12,0.9,13,28.1,19.6,60.15,957
2022,0,0,1,0,27.3,19.3,61.5,957
2022,0,0,1,0,26.9,19.4,63.35,958
2022,0,0,1,0,26.3,19.5,66.08,959
2022,0,0,1,0,25.8,19.5,68.33,960
2022,0,0,0.9,0,25.1,19.6,71.36,960
2022,0,0,0.8,0,24.5,19.6,74.05,959
2022,0,0,0.7,0,23.9,19.6,76.71,959
2022,0,0,0.6,0,23.5,19.6,78.81,959
2022,0,0,0.5,0,23.1,19.7,81.38,959
2022,0,0,0.5,0,22.9,19.9,83.1,960
2022,0,0,0.5,0,22.7,20,84.93,960
2022,0,11,0.9,11,23.1,20.4,84.74,961
2022,0,15,1.8,15,24.8,20.6,77.31,962
2022,28,268,2.7,283,27,20.9,69.2,962
2022,71,393,3.1,445,28.8,20.8,62.07,962
2022,129,496,3.1,608,29.9,20.4,56.75,962
2022,183,555,3.1,730,31,20,52.08,962
2022,10,454,3.1,464,32.1,19.8,48.17,961
2022,754,232,3.1,952,32.4,19.5,46.54,959
2022,41,431,3.1,467,32.4,19.2,45.76,958
2022,634,207,3,657,32,19,46.21,958
2022,11,230,2.7,236,31.4,19,47.83,958
2022,331,109,1.7,204,30.1,19.8,54.08,958
2022,32,13,1,15,27.9,20.1,62.61,958
2022,0,0,1,0,27,20,65.46,959
2022,0,0,1,0,26.5,20.1,67.89,960
2022,0,0,0.9,0,25.9,20.3,71.47,961
2022,0,0,0.9,0,25.5,20.6,74.2,962
2022,0,0,0.9,0,24.9,20.7,77.63,961
2022,0,0,0.9,0,24.3,20.8,81.06,961
2022,0,0,1,0,23.9,21,83.65,960
2022,0,0,1.2,0,23.6,21.1,85.9,960
2022,0,0,1.4,0,23.3,21.3,88.35,960
2022,0,0,1.6,0,23,21.4,90.92,960
2022,0,0,1.8,0,22.8,21.6,93.08,961
2022,0,23,2.3,23,22.9,21.9,94.04,962
2022,115,174,2.9,209,24,22.4,90.84,962
2022,1,191,3.7,191,26.3,22.3,78.7,963
2022,0,118,4.9,118,29,21.3,63.16,963
2022,129,494,5.2,606,30.5,20.8,56.16,962
2022,786,210,5.2,966,31.8,20.5,51.14,961
2022,812,202,5.1,1006,32.8,20.2,47.45,959
2022,810,192,5.1,967,33.4,19.9,45.19,958
2022,738,205,5.1,840,33.6,19.7,43.95,956
2022,670,188,5.2,664,33.3,19.5,44.16,955
2022,559,154,5.1,442,32.6,19.3,45.59,955
2022,376,99,4.5,207,31.2,19.3,49.22,955
2022,54,14,3.5,17,29.4,19.3,54.59,956
2022,0,0,3.2,0,28.2,19.3,58.63,956
2022,0,0,3.1,0,27.2,19.4,62.41,957
2022,0,0,2.8,0,26.3,19.5,66.41,958
2022,0,0,2.7,0,25.7,19.7,69.63,959
2022,0,0,2.7,0,25.2,20,72.83,958
2022,0,0,2.9,0,24.8,20.4,76.52,958
2022,0,0,3,0,24.4,20.9,80.93,957
2022,0,0,3.1,0,24.1,21.4,84.85,957
2022,0,0,3.1,0,23.9,21.7,87.46,956
2022,0,0,3.1,0,23.6,21.9,89.98,956
2022,0,0,3.1,0,23.4,21.9,91.46,957
2022,98,24,3.4,30,23.8,21.9,89.32,957
2022,468,93,4.7,237,25.6,21.8,79.38,958
2022,666,126,5.7,481,27.8,21.2,67.35,959
2022,773,144,6,704,29.7,20.7,58.6,958
2022,111,439,6,535,31.3,20.4,52.26,958
2022,19,455,6,473,32.8,20.1,47.33,957
2022,906,138,6,1037,33.9,20,44.11,956
2022,9,429,5.9,437,34.4,19.9,42.71,955
2022,885,123,5.7,885,34.4,20,42.83,954
2022,834,112,5.4,705,33.8,20.1,44.66,954
2022,733,98,4.9,476,32.8,20.2,47.69,954
2022,536,74,3.8,229,31.2,20.5,53.04,954
2022,0,16,2.1,16,28.7,21.1,63.37,955
2022,0,0,1.4,0,27.2,21.6,71.69,957
2022,0,0,1.1,0,26.4,22.1,77.24,958
2022,0,0,0.7,0,25.9,22.5,81.53,959
2022,0,0,0.2,0,25.5,22.9,85.39,960
2022,0,0,0.9,0,25,22.8,87.73,960
2022,0,0,2.4,0,23.5,22.3,92.79,960
2022,0,0,3.2,0,22.3,21.4,94.77,959
2022,0,0,3.4,0,21.3,20.2,93.2,959
2022,0,0,3.1,0,20.2,18.9,91.99,960
2022,0,0,2.2,0,19.6,18.2,91.91,961
2022,0,0,1.9,0,19.4,18,91.6,962
2022,1,23,2,24,19.3,17.8,91.04,963
2022,13,105,3.1,109,19.3,17.4,89.03,965
2022,4,134,4.2,136,19.6,16,79.87,965
2022,7,222,4.9,227,20.3,13.9,66.66,965
2022,18,340,4.9,356,22,12.3,54.28,964
2022,142,466,4.6,603,23.4,11.7,47.84,963
2022,227,422,4.4,647,25.1,11.7,43.2,962
2022,66,433,3.5,497,26,11.9,41.49,961
2022,313,378,3.3,647,25.9,12.2,42.43,960
2022,846,107,3.2,708,25.7,12.3,43.45,959
2022,762,90,2.5,484,24.9,12.5,46.17,959
2022,592,66,2.2,238,23.8,13,50.8,960
2022,2,21,1.1,21,21.8,14,61.08,960
2022,0,0,0.7,0,20.8,14.4,66.8,961
2022,0,0,0.5,0,20.5,14.7,69.43,962
2022,0,0,0.4,0,20.3,14.7,70.42,962
2022,0,0,0.4,0,20,14.8,71.99,963
2022,0,0,0.5,0,19.9,14.7,71.78,962
2022,0,0,0.5,0,19.8,14.6,71.81,962
2022,0,0,0.7,0,19.5,14.4,72.27,961
2022,0,0,1.1,0,19.2,14.4,73.94,961
2022,0,0,1.1,0,19,14.6,75.52,960
2022,0,0,0.6,0,18.7,14.6,77.04,960
2022,0,0,0.5,0,18.5,14.5,77.75,961
2022,2,28,0.6,28,19.3,14.7,74.76,962
2022,0,58,1.1,58,21.3,14.4,64.93,963
2022,0,126,2,126,24,13.4,51.54,964
2022,0,186,2.5,186,25.6,12.7,44.61,963
2022,2,343,2.8,345,26.7,13,42.81,963
2022,360,408,3,755,27.4,13.7,42.95,962
2022,178,471,2.8,649,27.6,14.3,44.14,962
2022,411,378,2.8,772,27,14.7,46.91,962
2022,1,291,2.8,291,26.4,15.1,49.77,961
2022,0,190,2.8,191,26,15.6,52.57,961
2022,0,75,2.7,75,25.4,16,56.19,962
2022,5,88,2.4,89,24.4,16.6,61.62,962
2022,0,12,1.5,12,22.8,17.2,70.83,963
2022,0,0,1.2,0,21.9,17.6,76.55,963
2022,0,0,1.1,0,21.4,17.8,79.73,964
2022,0,0,1.2,0,21.2,17.7,80.67,965
2022,0,0,1.3,0,21.1,17.5,80.13,965
2022,0,0,1.3,0,20.8,17.2,80.01,964
2022,0,0,1.1,0,20.4,16.8,79.96,963
2022,0,0,0.9,0,20.2,16.6,79.57,963
2022,0,0,0.9,0,20.1,16.3,78.84,962
2022,0,0,1,0,20,16.1,78.28,962
2022,0,0,1.1,0,19.8,15.9,78.29,963
2022,0,0,1.2,0,19.7,15.7,77.91,963
2022,2,33,1.4,33,20.5,16,75.29,964
2022,297,142,2.2,235,22.6,16.1,66.58,965
2022,307,249,2.9,414,25.1,16.1,57.42,966
2022,356,302,3.6,562,27.2,15.7,49.33,966
2022,515,331,3.8,782,29,15.3,43.44,965
2022,844,180,3.9,994,30.5,15.1,39.31,964
2022,812,174,4,981,31.6,14.9,36.49,963
2022,507,331,3.9,817,32.1,14.8,35.12,962
2022,419,337,3.7,698,32.2,14.6,34.58,961
2022,757,153,3.4,692,31.7,14.5,35.37,961
2022,409,213,2.9,425,30.9,14.6,37.26,960
2022,472,89,2.1,227,29.4,15.6,43.11,960
2022,78,19,1,23,26.3,16.4,54.59,961
2022,0,0,1,0,24.8,16.3,59.23,961
2022,0,0,1,0,23.8,16.5,63.7,962
2022,0,0,0.9,0,23,16.8,68.08,963
2022,0,0,0.7,0,22.3,17.2,72.87,964
2022,0,0,0.6,0,21.7,17.5,77.21,964
2022,0,0,0.5,0,21.4,17.6,79.07,963
2022,0,0,0.7,0,20.8,17.4,81.05,963
2022,0,0,0.8,0,20.4,17,81.09,962
2022,0,0,0.9,0,20.3,16.6,79.48,962
2022,0,0,0.9,0,20.3,16.2,77.29,962
2022,0,0,0.9,0,20.5,15.8,74.27,962
2022,175,29,0.8,42,21.8,16.6,72.34,963
2022,574,82,0.9,263,25.6,16.3,56.48,964
2022,741,111,1.1,511,28.8,14.9,42.84,964
2022,824,131,1.6,733,31,15,38.03,964
2022,868,145,1.9,906,32.5,16.1,37.42,963
2022,891,153,2,1014,33.8,17,36.84,962
2022,899,155,2,1049,34.6,17.5,36.42,961
2022,892,149,2.1,1006,35.1,17.7,35.86,959
2022,847,151,2.2,883,35.1,17.8,35.97,958
2022,802,134,2.3,706,34.8,17.7,36.45,957
2022,714,111,2.3,481,34,17.6,37.81,957
2022,530,79,1.9,234,32.5,18.1,42.42,957
2022,108,20,0.9,26,29.4,19.3,54.56,958
2022,0,0,0.9,0,27.9,19.1,58.74,959
2022,0,0,0.9,0,27.3,19.2,61.36,959
2022,0,0,1,0,26.7,19.3,63.98,960
2022,0,0,0.9,0,26,19.6,67.65,961
2022,0,0,0.9,0,25.4,19.9,71.4,960
2022,0,0,0.8,0,24.9,20.1,74.87,960
2022,0,0,0.8,0,24.6,20.3,77,960
2022,0,0,0.9,0,24.2,20.4,79.22,959
2022,0,0,0.9,0,23.9,20.5,81.1,959
2022,0,0,0.9,0,23.7,20.6,82.66,959
2022,0,0,0.9,0,23.5,20.7,84.38,960
2022,172,29,1.5,43,24.7,21,79.93,960
2022,575,78,2.5,262,27.6,21.2,68.15,961
2022,757,100,3.1,509,30.2,21.1,58.18,961
2022,848,112,3.4,733,32.1,20.8,51.48,961
2022,898,119,3.6,907,33.6,20.7,46.89,960
2022,921,124,3.8,1015,34.8,20.6,43.58,959
2022,923,129,3.9,1048,35.5,20.5,41.73,958
2022,910,131,4,1005,35.8,20.4,40.71,957
2022,177,491,4.1,644,35.7,20.2,40.48,956
2022,0,196,4.1,196,35.3,20.1,41.02,955
2022,686,117,4.1,473,34.5,20,42.69,955
2022,495,84,3.7,230,33.1,20,46.16,954
2022,93,20,2.5,25,31,20.2,52.51,955
2022,0,0,2.1,0,29.8,20.3,56.82,956
2022,0,0,2.2,0,29.1,20.5,59.8,956
2022,0,0,2.5,0,28.5,20.7,62.81,957
2022,0,0,2.6,0,27.8,21.1,67.03,957
2022,0,0,2.7,0,27.1,21.6,71.72,957
2022,0,0,2.8,0,26.5,21.9,75.7,956
2022,0,0,2.8,0,26,22.1,78.95,956
2022,0,0,2.4,0,25.4,22.2,82.29,955
2022,0,0,2.3,0,25,22.2,84.62,955
2022,0,0,2.4,0,24.6,22.3,86.89,955
2022,0,0,2.6,0,24.4,22.3,88.23,956
2022,176,29,3.2,44,24.9,22.4,86.08,956
2022,553,84,4.5,262,26.6,22.4,77.83,957
2022,736,110,5.9,509,28.4,22.3,69.52,957
2022,826,126,6.3,731,29.8,22.3,63.98,957
2022,865,143,6.5,902,31.4,22,57.54,956
2022,869,162,6.5,1004,32.8,21.8,52.36,955
2022,856,179,6.3,1032,33.8,21.6,48.95,954
2022,826,187,6.1,981,34.4,21.3,46.63,953
2022,799,175,5.9,866,34.5,21.1,45.71,952
2022,720,168,5.6,682,34.3,20.9,45.7,951
2022,598,145,5.2,455,33.4,20.9,48.01,951
2022,394,99,4.5,216,31.8,21.2,53.55,952
2022,68,17,3.5,21,29.5,21.8,63.4,953
2022,0,0,3.2,0,28,22.4,71.62,953
2022,0,0,2.3,0,27,22.9,78.46,955
2022,0,0,2,0,26.4,23.3,83.11,956
2022,0,0,2.5,0,25.9,23.5,86.43,956
2022,0,0,2.6,0,25.4,23.6,89.74,956
2022,0,0,2.2,0,24.9,23.7,93.1,956
2022,0,0,1.6,0,24.6,23.8,95.19,956
2022,0,0,1.1,0,24.5,23.9,96.22,956
2022,0,0,0.9,0,24.4,23.9,97.23,957
2022,0,0,0.7,0,24.4,24,97.63,957
2022,0,0,1,0,24.3,23.9,97.5,958
2022,0,4,2,4,24.1,23.4,95.79,960
2022,0,27,1.8,27,24.1,22.9,92.91,961
2022,0,26,1.8,26,24.5,22.5,88.65,961
2022,0,23,2.7,23,25.1,21.3,79.46,962
2022,0,89,3.1,89,26,19.8,68.51,962
2022,0,90,2.9,90,27.3,18.5,58.76,962
2022,0,120,2.7,120,28.3,17.5,52.01,961
2022,1,214,2.3,215,29,16.7,47.37,960
2022,3,264,2.3,266,29.3,15.9,44.38,959
2022,91,348,2,414,29,15.4,43.72,958
2022,80,260,1.4,302,28.5,15.1,44.19,958
2022,28,137,0.8,146,27,17.4,55.78,957
2022,1,23,0.7,23,25.6,16.7,57.9,958
2022,0,0,0.4,0,25.3,15.3,53.84,958
2022,0,0,0.4,0,24.9,15.1,54.35,959
2022,0,0,0.7,0,24,15.2,58,960
2022,0,0,0.6,0,23.6,15,58.5,960
2022,0,0,0.7,0,22.8,15,61.4,959
2022,0,0,0.8,0,21.7,14.8,64.96,959
2022,0,0,0.9,0,21.3,14.5,65.34,959
2022,0,0,0.8,0,21.5,14.3,63.47,958
2022,0,0,0.7,0,22,14,60.31,958
2022,0,0,0.7,0,21.8,13.9,60.76,958
2022,0,0,0.9,0,21,13.9,63.95,960
2022,5,41,0.7,42,21.8,15.4,67.21,960
2022,506,96,0.8,260,23.9,15.5,59.27,960
2022,454,213,1.3,461,25.1,15.1,53.98,961
2022,794,143,1.9,727,27.1,14.8,46.82,961
2022,855,149,2.3,900,29.3,14.7,40.9,960
2022,728,240,2.7,945,31.4,15.5,38.24,959
2022,483,349,3.3,831,32.6,16.7,38.72,957
2022,220,450,3.8,662,32.4,17.7,41.71,957
2022,800,174,4.2,867,32.1,18.5,44.63,956
2022,399,302,4.5,588,31.5,19.3,48.29,955
2022,650,129,4.5,468,30.9,20,52.3,955
2022,30,133,4.3,142,29.8,20.7,58.01,955
2022,1,24,3.6,24,28.2,21.1,65.32,956
2022,0,0,3.1,0,27,21.4,71.58,956
2022,0,0,2.8,0,26.2,21.8,76.56,957
2022,0,0,2.5,0,25.6,22.1,80.82,958
2022,0,0,2.4,0,25.3,22.3,83.59,958
2022,0,0,2.4,0,24.9,22.5,86.57,957
2022,0,0,2.6,0,24.6,22.6,88.82,957
2022,0,0,2.9,0,24.4,22.7,90.04,956
2022,0,0,2.9,0,24,22.6,91.67,956
2022,0,0,2.8,0,23.7,22.4,92.23,956
2022,0,0,2.6,0,23.3,22.1,93.11,956
2022,0,0,2.6,0,23,21.9,93.59,957
2022,175,33,3.2,48,23.6,21.8,89.61,958
2022,553,89,4.4,268,25.3,21.6,79.81,958
2022,731,115,5.3,515,27.5,21.4,69.27,959
2022,822,130,5.8,736,29.6,21.2,60.76,958
2022,868,143,6.1,907,31.2,21.1,55.08,958
2022,228,540,6.1,761,32.1,21,51.99,957
2022,28,487,6.1,515,32.8,20.9,49.56,955
2022,24,466,6.2,490,33.3,20.7,47.78,954
2022,83,457,6.2,529,33.3,20.7,47.6,953
2022,814,131,6.3,714,33,20.6,48.2,952
2022,731,108,6.1,490,32.2,20.4,49.95,951
2022,5,140,5.8,141,30.8,20.4,53.88,951
2022,128,24,5.2,32,29.4,20.5,58.9,952
2022,0,0,4.8,0,28.4,20.9,63.67,952
2022,0,0,4.7,0,27.7,21.3,67.98,954
2022,0,0,4.5,0,27,21.6,72.31,954
2022,0,0,4.6,0,26.4,21.9,76.17,955
2022,0,0,4.7,0,26,22,78.7,954
2022,0,0,5,0,25.6,22.1,81.01,954
2022,0,0,5.2,0,25.2,22.1,82.84,953
2022,0,0,5.2,0,24.9,21.9,83.69,952
2022,0,0,5.2,0,24.7,21.8,83.94,952
2022,0,0,5.2,0,24.6,21.7,83.73,952
2022,0,0,5.2,0,24.5,21.6,83.75,952
2022,224,31,5.5,52,24.9,21.6,81.77,953
2022,588,81,6.3,273,26.3,21.6,75.44,953
2022,755,105,7.2,519,27.7,21.7,69.7,954
2022,24,347,7.4,365,28.7,21.7,65.96,953
2022,23,423,7.5,443,29.9,21.6,61.1,953
2022,159,503,7.5,657,31,21.4,56.78,952
2022,922,135,7.5,1055,31.6,21.3,54.31,951
2022,911,135,7.4,1011,31.6,21.2,54.14,950
2022,437,422,7.2,801,31.2,21.3,55.57,950
2022,488,329,6.9,679,30.6,21.4,57.85,949
2022,675,123,6.6,476,30.1,21.6,60.31,949
2022,500,85,6.1,235,29.2,21.8,64.59,949
2022,113,22,5.2,29,27.8,22.3,71.91,950
2022,0,0,4.9,0,26.8,22.7,78.36,951
2022,0,0,4.8,0,26.3,23,82.34,952
2022,0,0,4.8,0,25.7,23.3,86.48,953
2022,0,0,4.7,0,25.3,23.4,89.06,954
2022,0,0,4.3,0,24.9,23.4,91.32,954
2022,0,0,3.6,0,24.5,23.4,93.53,955
2022,0,0,2.7,0,24.2,23.4,95.2,955
2022,0,0,1.2,0,23.8,23.4,97.56,956
2022,0,0,1.6,0,23.3,23,98.41,958
2022,0,0,4.9,0,21.9,21.3,96.24,960
2022,0,0,6.6,0,18.6,17.3,92.27,963
2022,0,6,6.6,6,16.3,14,86.39,964
2022,0,6,7,6,15.7,12.3,80.38,967
2022,0,13,7.3,13,15.3,10.8,74.47,968
2022,0,23,7.9,23,15,9.5,69.59,969
2022,0,37,8,37,15.4,8.4,62.98,969
2022,0,55,7.8,55,15.8,7.6,58.15,969
2022,0,162,7.2,163,15.9,7.5,57.49,970
2022,0,156,6.3,156,16,7.8,58.21,969
2022,0,87,5.8,87,15.8,7.9,59.42,969
2022,0,61,5.2,61,15.5,8.2,61.8,968
2022,2,126,4.7,127,15.5,8.6,63.3,968
2022,5,87,4.4,89,15.2,8.6,64.92,968
2022,0,17,4.2,17,14.8,8.3,64.87,968
2022,0,0,4.3,0,14.8,7.5,61.81,969
2022,0,0,4.9,0,15.2,6.3,55.4,970
2022,0,0,5.4,0,15.7,4.8,48.22,971
2022,0,0,5.7,0,15.9,3.5,43.63,972
2022,0,0,5.8,0,15.8,2.8,41.8,973
2022,0,0,5.9,0,15.5,2.5,41.56,973
2022,0,0,6.1,0,15.2,2.3,41.68,972
2022,0,0,6.3,0,14.8,2,41.98,972
2022,0,0,6.6,0,14.6,1.6,41.37,972
2022,0,0,6.9,0,14.4,1.1,40.52,972
2022,0,0,7,0,14,0.7,40.15,972
2022,0,24,7,24,14,0.3,39.26,973
2022,1,67,7.4,68,14.7,0.2,37.05,975
2022,35,220,7.8,239,15.7,-0.1,34.13,975
2022,842,142,8.1,764,17,0,31.55,975
2022,896,150,8.1,941,18.6,0.5,29.54,975
2022,613,323,7.9,919,20.2,1,27.86,975
2022,938,155,7.5,1092,21.7,1.5,26.23,974
2022,933,150,7.2,1049,22.7,1.8,25.21,973
2022,863,170,6.8,919,23.3,1.9,24.53,972
2022,824,147,6.3,738,23.3,1.8,24.3,971
2022,752,117,5.8,512,22.8,1.4,24.47,971
2022,591,82,4.8,261,21.5,1.3,26.29,971
2022,165,26,3.8,37,19.5,1.3,29.56,972
2022,0,0,3.7,0,18.2,0.9,31.18,973
2022,0,0,3.8,0,17.2,0.5,32.3,973
2022,0,0,3.7,0,16.4,0,32.8,974
2022,0,0,3.5,0,15.5,-0.4,33.72,974
2022,0,0,3.3,0,14.6,-0.6,35.27,974
2022,0,0,3.3,0,13.9,-0.7,36.52,974
2022,0,0,3.2,0,13.2,-0.8,38.05,973
2022,0,0,3,0,12.5,-0.8,39.84,973
2022,0,0,2.9,0,11.9,-0.9,41.27,973
2022,0,0,2.8,0,11.3,-1,42.52,974
2022,0,0,2.7,0,10.9,-1,43.47,974
2022,2,45,3.3,45,11.9,-0.9,41.03,975
2022,195,183,4.6,248,14.6,-0.3,36.17,975
2022,859,96,5.8,570,17.1,0.5,32.65,975
2022,938,110,6.2,803,19.4,0.8,28.76,975
2022,980,119,6.4,984,21.6,1,25.45,975
2022,1000,126,6.4,1097,23.3,1.1,23.23,974
2022,1005,127,6.3,1131,24.7,1.2,21.44,972
2022,996,126,6.1,1086,25.5,1.1,20.35,971
2022,963,125,5.8,962,25.9,0.9,19.6,970
2022,917,115,5.4,774,25.8,0.6,19.3,969
2022,836,98,4.9,538,25.1,0.4,19.73,968
2022,665,73,3.6,275,23.4,1.2,23.27,969
2022,6,34,2.1,35,19.4,2.2,31.73,969
2022,0,0,1.9,0,17.4,1.8,35.15,970
2022,0,0,1.8,0,16.2,1.9,37.99,970
2022,0,0,1.7,0,15,2.1,41.79,971
2022,0,0,1.6,0,14,2.2,44.7,971
2022,0,0,1.6,0,13.2,2.1,46.88,970
2022,0,0,1.5,0,12.4,1.9,48.84,970
2022,0,0,1.5,0,11.7,1.7,50.18,970
2022,0,0,1.6,0,11.2,1.4,50.85,970
2022,0,0,1.7,0,10.9,1,50.62,970
2022,0,0,1.8,0,10.5,0.7,50.67,970
2022,0,0,1.8,0,10.2,0.5,50.89,971
2022,277,35,2.5,62,11.8,0.7,46.49,971
2022,672,82,3.8,306,15.2,1,37.96,972
2022,835,107,4.9,568,18.1,2.2,34.58,972
2022,918,124,5.2,804,20.6,3,31.24,972
2022,966,133,5.3,986,22.8,3.3,28.02,971
2022,992,137,5.4,1100,24.7,3.6,25.42,970
2022,999,135,5.4,1133,26.1,3.6,23.37,969
2022,994,131,5.3,1089,27,3.3,21.67,968
2022,939,142,5.1,957,27.4,2.7,20.3,966
2022,893,130,4.7,772,27.3,2,19.48,966
2022,802,112,4.2,535,26.5,1.6,19.82,965
2022,622,82,2.6,272,24.6,3.6,25.54,965
2022,183,27,1.4,40,20,4.7,36.6,966
2022,0,0,1.3,0,17.9,4.6,41.45,966
2022,0,0,1.1,0,17.2,5.2,45.13,967
2022,0,0,1,0,16.6,5.4,47.57,968
2022,0,0,1,0,15.9,5.4,49.56,968
2022,0,0,1,0,15.1,5.1,51.3,968
2022,0,0,1,0,14.2,4.6,52.45,967
2022,0,0,1.2,0,13.6,3.9,51.83,966
2022,0,0,1.4,0,13.2,3,50.04,966
2022,0,0,1.6,0,12.9,2.2,48.22,966
2022,0,0,1.6,0,12.6,1.6,47.15,966
2022,0,0,1.6,0,12.3,1.3,47.11,967
2022,263,34,2,60,14.1,1.9,43.59,968
2022,639,84,3,297,18,2.6,35.71,968
2022,804,110,3.6,555,21.5,6.2,37.02,969
2022,888,127,3.9,785,24,7.9,35.66,969
2022,938,136,3.9,965,25.8,8.4,33.15,968
2022,962,140,3.8,1075,27.3,8.5,30.65,967
2022,974,138,3.7,1111,28.4,8.5,28.72,966
2022,969,133,3.5,1068,29.1,8.4,27.42,965
2022,963,117,3.3,954,29.3,8.1,26.59,963
2022,921,105,3.1,769,29.1,7.8,26.26,963
2022,846,90,2.7,537,28.3,7.6,27.1,962
2022,688,67,1.8,277,26.7,9,32.75,962
2022,261,25,0.9,43,22.7,10.6,46.46,963
2022,0,0,1,0,21.2,9.7,47.82,963
2022,0,0,1,0,20.6,9.4,48.71,964
2022,0,0,1,0,19.7,9.2,50.79,965
2022,0,0,1,0,18.4,9.2,54.92,965
2022,0,0,1,0,17.3,9.1,58.72,964
2022,0,0,1,0,16.6,9.2,61.48,964
2022,0,0,1,0,16,9.2,64.05,963
2022,0,0,1,0,15.5,9.2,66.09,963
2022,0,0,0.9,0,14.9,9.1,68.31,963
2022,0,0,1,0,14.4,8.9,69.45,963
2022,0,0,1.2,0,14.3,8.5,68.17,964
2022,351,32,1.5,67,16.6,9,60.82,964
2022,715,68,2.1,308,20.9,9.1,46.84,965
2022,859,88,2.2,564,24.6,9.5,38.39,966
2022,929,102,2.4,791,27,9.8,34.02,966
2022,965,112,2.3,965,28.5,10.1,31.86,965
2022,933,149,2.3,1056,29.7,10.3,30.07,964
2022,935,155,2.3,1089,30.5,10.4,28.95,963
2022,919,155,2.4,1041,30.9,10.6,28.53,962
2022,862,163,2.4,913,30.9,10.7,28.71,961
2022,800,150,2.3,727,30.5,10.6,29.3,960
2022,698,128,2.2,497,29.6,10.5,30.64,960
2022,512,91,1.5,248,28,11.4,35.69,961
2022,131,24,0.8,34,24.6,12.9,48.2,961
2022,0,0,0.6,0,23.3,11.9,48.81,962
2022,0,0,0.4,0,22.5,11.6,50.11,963
2022,0,0,0.8,0,21.7,11.3,51.49,964
2022,0,0,1,0,20.5,11,54.63,964
2022,0,0,1.1,0,19.5,10.9,57.41,964
2022,0,0,1.1,0,18.8,10.7,59.41,963
2022,0,0,1,0,18.2,10.6,61.35,963
2022,0,0,1,0,17.7,10.6,63.01,962
2022,0,0,1,0,17.2,10.5,64.69,962
2022,0,0,1,0,16.9,10.4,65.5,962
2022,0,0,1.1,0,16.6,10.3,66.33,963
2022,120,33,1.1,45,18.2,11.2,63.67,964
2022,423,117,1.9,259,22.3,11,48.71,965
2022,598,169,1.7,500,25.8,9.9,36.84,965
2022,696,202,2,719,28.4,9.7,31.12,965
2022,754,224,2.1,891,30.1,10.1,28.99,965
2022,951,135,2.2,1059,31.5,10.5,27.4,964
2022,954,139,2.3,1092,32.4,10.7,26.51,963
2022,940,139,2.3,1046,32.9,10.9,26.09,962
2022,872,155,2.3,914,32.8,11,26.3,961
2022,813,144,2.3,731,32.4,10.9,26.78,961
2022,709,124,2.1,500,31.4,10.9,28.28,960
2022,516,90,1.5,249,29.9,11.5,32.21,961
2022,134,24,0.7,34,26.5,13.5,44.83,961
2022,0,0,0.6,0,25.3,12.5,44.88,962
2022,0,0,0.5,0,24.7,12.1,45.39,963
2022,0,0,0.6,0,23.9,11.9,46.88,963
2022,0,0,0.9,0,22.7,11.7,49.89,964
2022,0,0,0.9,0,21.4,11.6,53.73,963
2022,0,0,0.9,0,20.4,11.5,56.62,963
2022,0,0,0.9,0,19.8,11.4,58.33,962
2022,0,0,1,0,19.2,11.3,60.19,962
2022,0,0,1,0,18.6,11.1,61.67,962
2022,0,0,1.1,0,18.1,10.9,62.74,962
2022,0,0,1.1,0,17.9,10.7,62.78,963
2022,180,36,1.1,54,19.8,11.7,59.52,963
2022,521,102,2,277,23.9,11.1,44.59,964
2022,696,138,2.1,524,27.2,10.1,34.2,965
2022,790,160,2.4,746,29.8,10.1,29.43,965
2022,845,173,2.4,920,31.6,10.7,27.61,964
2022,873,181,2.4,1030,32.9,11.3,26.68,964
2022,878,184,2.3,1061,33.8,11.7,26.19,963
2022,866,182,2.3,1017,34.2,12,26.13,962
2022,809,187,2.3,891,34.2,12.2,26.37,961
2022,751,169,2.4,711,33.8,12.1,26.87,960
2022,646,142,2.3,485,32.8,12.1,28.46,959
2022,455,99,1.6,240,31.2,13,32.85,960
2022,100,24,0.8,32,27.9,14.9,44.94,961
2022,0,0,0.8,0,26.6,13.8,45.24,961
2022,0,0,0.8,0,26.2,13.5,45.61,962
2022,0,0,0.8,0,25.6,13.4,46.7,963
2022,0,0,0.9,0,24.5,13.3,49.58,963
2022,0,0,0.9,0,23.5,13.1,52.23,962
2022,0,0,0.8,0,22.6,13.2,55.34,962
2022,0,0,0.9,0,21.8,13.2,57.97,962
2022,0,0,0.9,0,21,12.9,59.99,961
2022,0,0,0.9,0,20.1,12.7,62.62,961
2022,0,0,0.9,0,19.5,12.6,64.57,962
2022,0,0,0.9,0,19.2,12.5,65.26,962
2022,151,36,1,52,20.6,13.5,63.79,963
2022,465,110,1.2,266,24.1,12.8,49.14,964
2022,632,156,1.3,507,27.3,11.6,37.64,964
2022,722,187,1.9,723,30.5,11.2,30.48,964
2022,774,209,2.3,894,32.6,11.5,27.53,963
2022,780,235,2.4,993,34,11.9,26.16,962
2022,784,242,2.3,1026,34.9,12.3,25.52,961
2022,769,238,2.3,980,35.4,12.5,25.21,960
2022,702,243,2.3,854,35.4,12.6,25.35,959
2022,633,220,2.3,677,35.1,12.5,25.65,958
2022,518,180,2.1,456,34.2,12.6,27.02,958
2022,330,117,1.4,219,32.5,14.1,32.77,958
2022,58,19,0.8,24,29.2,15.9,44.49,958
2022,0,0,0.8,0,28.1,15,44.96,959
2022,0,0,0.7,0,27.5,15,46.59,960
2022,0,0,0.7,0,27,15.1,48.19,961
2022,0,0,0.8,0,26.2,14.9,49.82,961
2022,0,0,0.9,0,25.2,14.6,51.92,961
2022,0,0,0.8,0,24.5,14.6,54.11,960
2022,0,0,0.4,0,24.1,15.1,57.1,960
2022,0,0,0.3,0,23.6,15.3,59.83,960
2022,0,0,0.5,0,23.3,15.2,60.52,960
2022,0,0,0.5,0,22.8,15,61.45,960
2022,0,0,0.6,0,22.6,14.7,61,960
2022,45,25,0.5,29,23.4,15.5,61.17,961
2022,238,144,0.6,225,25.8,14.7,50.39,962
2022,409,228,1.8,456,28.8,14.4,41.32,962
2022,526,277,2.9,668,31.6,14.6,35.79,961
2022,599,306,3.4,837,33.5,14.9,32.81,961
2022,650,315,3.8,946,34.9,15.1,30.62,960
2022,679,308,4.1,987,35.7,14.9,28.98,958
2022,681,292,4.2,950,36.1,14.7,27.9,957
2022,660,267,4.1,841,36.1,14.5,27.54,955
2022,607,233,4,672,35.6,14.3,28.07,954
2022,500,188,3.8,455,34.8,14.4,29.43,954
2022,318,121,2.9,221,33.2,15,33.44,954
2022,56,21,1.5,26,30,15.7,42.06,955
2022,0,0,1.4,0,28.4,15.6,45.78,955
2022,0,0,1.5,0,27.6,15.8,48.46,956
2022,0,0,1.5,0,27,16,50.86,957
2022,0,0,1.5,0,26.1,16.2,54.43,957
2022,0,0,1.5,0,25.5,16.4,57.23,957
2022,0,0,1.5,0,24.9,16.6,60.17,957
2022,0,0,1.4,0,24.4,16.8,62.51,956
2022,0,0,1.4,0,23.9,16.9,64.85,956
2022,0,0,1.3,0,23.5,17,66.73,956
2022,0,0,1.3,0,23.3,17,67.78,956
2022,0,0,1.4,0,23.1,17.1,69.04,957
2022,68,35,2.2,42,24.3,17.4,65.6,957
2022,293,146,3.3,246,26.6,17.7,58.08,958
2022,471,216,4.6,478,29.3,17.8,50.04,959
2022,261,393,5.6,587,31.7,17.9,43.84,958
2022,542,336,6.2,815,33.5,18,39.87,958
2022,631,329,6.3,942,34.3,18.1,38.3,957
2022,666,317,6.1,983,35.1,18.1,36.78,956
2022,15,407,5.8,421,35.6,18.1,35.75,955
2022,0,35,5.6,35,35.8,18.1,35.2,954
2022,556,255,5.4,658,35.5,18,35.69,953
2022,0,26,5.1,26,34.6,18,37.58,953
2022,251,128,4.4,207,33.3,18.2,40.75,953
2022,36,16,3.5,19,31.2,18.4,46.56,954
2022,0,0,3.4,0,29.9,18.7,51.22,955
2022,0,0,3.5,0,29.1,19.2,55.33,956
2022,0,0,3.4,0,28.2,19.8,60.27,957
2022,0,0,3.1,0,27.4,20.1,64.62,958
2022,0,0,2.8,0,26.6,20.4,68.6,958
2022,0,0,2.6,0,26,20.5,71.76,958
2022,0,0,2.6,0,25.4,20.6,74.93,958
2022,0,0,2.5,0,25,20.7,77.16,957
2022,0,0,2.5,0,24.6,20.8,79.38,957
2022,0,0,2.5,0,24.2,20.8,81.55,957
2022,0,0,2.4,0,23.9,20.9,83.1,957
2022,95,36,2.8,47,24.7,21,79.69,958
2022,329,138,3.8,250,27,20.9,69.18,959
2022,503,201,5,482,29.7,20.4,57.58,959
2022,596,247,5.6,690,31.8,20.1,50.13,959
2022,660,273,5.8,857,33.3,19.9,45.44,958
2022,752,246,5.7,977,34,19.6,42.93,957
2022,772,245,5.6,1016,34.6,19.4,41.03,956
2022,748,249,5.4,972,35,19.4,40,955
2022,742,218,5.4,865,34.5,19.5,41.29,954
2022,685,195,5.5,692,33.8,19.7,43.49,953
2022,576,165,5.3,474,32.6,19.9,47.32,953
2022,405,112,4.8,240,31.2,20.1,51.67,954
2022,107,28,3.7,37,29.7,20,56.03,954
2022,0,0,2.9,0,28.5,19.8,59.44,955
2022,0,0,2.5,0,27.8,19.7,61.43,957
2022,0,0,2.5,0,27.2,19.6,63.24,957
2022,0,0,2.6,0,26.7,19.7,65.38,958
2022,0,0,2.2,0,26.1,19.8,68.48,958
2022,0,0,2,0,25.6,20,71.31,957
2022,0,0,2.1,0,25.2,20.2,73.79,957
2022,0,0,2.2,0,24.7,20.3,76.52,956
2022,0,0,2.4,0,24.3,20.4,78.68,955
2022,0,0,2.6,0,24.1,20.4,79.98,956
2022,0,0,3,0,24,20.5,80.77,956
2022,0,16,3.6,16,24.6,20.6,78.55,957
2022,0,17,4.5,17,25.8,20.7,73.53,957
2022,1,99,5.2,100,27,20.7,68.52,958
2022,10,268,5.5,275,28,20.7,64.69,958
2022,32,412,5.8,440,29,20.7,60.79,957
2022,112,483,6.1,592,30.3,20.4,55.66,956
2022,69,580,6.3,649,31.6,20.1,50.63,955
2022,450,407,6.4,842,32.5,19.8,47.13,954
2022,674,262,6.4,850,33,19.5,44.92,953
2022,821,129,6.3,725,33.4,19.1,43.01,951
2022,97,306,6.2,358,33.2,18.9,42.77,951
2022,117,160,5.8,197,32.3,18.6,44.36,951
2022,175,30,4.9,45,30.8,18.6,48.17,951
2022,0,0,4.4,0,29.7,18.7,51.7,952
2022,0,0,4.2,0,28.9,18.9,54.76,953
2022,0,0,4.2,0,28.3,19.1,57.31,954
2022,0,0,4.5,0,27.7,19.1,59.64,954
2022,0,0,4.7,0,27.2,19.2,61.49,954
2022,0,0,4.9,0,26.8,19.1,62.79,953
2022,0,0,5.1,0,26.4,19.1,64.05,953
2022,0,0,5.4,0,26.2,19,64.59,952
2022,0,0,5.5,0,25.9,19,65.89,952
2022,0,0,5.5,0,25.6,19.2,67.6,953
2022,0,0,5.4,0,25.2,19.3,69.9,953
2022,9,50,5.5,51,25.7,19.6,68.91,955
2022,603,87,6.2,292,27.2,19.8,63.86,955
2022,423,223,6.7,459,28.8,20,59.12,956
2022,870,118,6.9,765,30.4,20.3,54.91,955
2022,923,123,6.8,939,32.1,20.4,50.09,955
2022,901,116,6.7,991,33.6,20.4,46.14,954
2022,947,130,6.4,1077,34.4,20.4,44.09,953
2022,686,262,6.2,924,34.5,20.5,44,952
2022,666,238,5.9,819,34.3,20.6,44.79,952
2022,866,111,5.5,740,33.7,20.7,46.62,951
2022,734,117,4.9,512,32.9,20.9,49.26,951
2022,622,72,3.9,270,31.7,21.1,53.44,952
2022,7,39,2.3,40,29.7,21.5,61.51,953
2022,0,0,1.8,0,28.3,21.7,67.54,954
2022,0,0,1.9,0,27.5,21.8,71.12,955
2022,0,0,1.9,0,26.8,21.8,74.09,956
2022,0,0,1.8,0,26,21.9,77.92,957
2022,0,0,1.5,0,25.4,21.9,81.19,957
2022,0,0,1.2,0,25,22,83.64,958
2022,0,0,0.9,0,24.6,22.1,86.2,957
2022,0,0,0.8,0,24.2,22.3,89.08,957
2022,0,0,0.7,0,23.9,22.5,92.03,958
2022,0,0,0.9,0,23.6,22.6,94.21,959
2022,0,0,1.9,0,23.3,22.5,95.49,960
2022,0,3,3.2,3,23,22.3,95.83,961
2022,0,5,4.3,5,22.4,21.4,93.84,963
2022,0,30,4.8,30,22.1,19.9,87.18,963
2022,0,24,4.6,24,22.8,18.4,76.23,964
2022,0,38,4.3,38,24.2,17.2,65.14,963
2022,0,77,4.1,77,25.6,16.8,58.16,963
2022,0,87,4,87,26.4,16.7,55.18,963
2022,11,335,4.1,345,27.1,16.6,52.65,962
2022,1,294,4.2,294,27.7,16.5,50.39,961
2022,832,126,4.2,731,27.8,16.4,49.84,961
2022,79,301,4.1,344,27.2,16.3,51.26,960
2022,0,47,3.6,47,26,16.2,54.79,960
2022,0,26,2.4,26,24,16.2,61.6,961
2022,0,0,2,0,22.8,15.6,63.79,961
2022,0,0,2.2,0,22.3,14.8,62.57,962
2022,0,0,2.2,0,21.9,14.3,62.1,963
2022,0,0,2,0,21.6,14.1,62.31,964
2022,0,0,1.9,0,21.5,14,62.31,964
2022,0,0,1.7,0,21.3,14,63.08,963
2022,0,0,1.4,0,20.7,14.1,66.06,963
2022,0,0,1.3,0,20,14.3,69.65,962
2022,0,0,1.3,0,19.7,14.2,70.78,962
2022,0,0,1.2,0,19.4,14.3,72.16,962
2022,0,0,1.3,0,19.3,14.2,72.26,963
2022,1,47,2,47,20.4,14.3,68.01,964
2022,0,52,2.4,52,22.4,14.4,60.58,965
2022,791,96,2.6,538,25.4,14.3,50.39,966
2022,867,111,2.9,756,27.8,14.3,43.48,966
2022,905,124,2.8,925,29.3,14.7,40.97,966
2022,910,142,2.6,1027,30.3,15.4,40.55,966
2022,0,190,2.4,190,31,16.1,40.74,965
2022,3,395,2.2,397,31.8,16.6,40.19,963
2022,148,491,2,620,32.4,17,39.69,962
2022,82,388,1.9,447,32.7,17.2,39.61,962
2022,296,279,1.8,439,32.3,17.2,40.52,961
2022,55,181,1.5,199,31.3,17.5,43.77,962
2022,187,30,0.7,47,29,18.8,54.09,962
2022,0,0,0.6,0,28.1,18.4,55.74,963
2022,0,0,0.6,0,27.6,18.2,56.51,963
2022,0,0,0.8,0,26.3,18,60.29,964
2022,0,0,0.9,0,25,17.9,64.62,965
2022,0,0,1.1,0,24.3,17.7,66.87,965
2022,0,0,1.2,0,23.8,17.8,69.15,964
2022,0,0,0.9,0,23.1,18,73,964
2022,0,0,0.7,0,22.5,18.1,76.25,963
2022,0,0,0.7,0,21.9,18.1,79.14,963
2022,0,0,0.8,0,21.5,18.1,80.87,964
2022,0,0,0.9,0,21.3,18,81.45,964
2022,245,39,1.7,66,23.1,18.2,73.89,965
2022,584,90,1.9,290,26.2,18.3,61.98,966
2022,750,116,2.1,535,28.8,18.3,53.03,967
2022,837,134,2,756,30.8,18.2,46.98,966
2022,888,145,2.1,930,32.5,18.2,42.59,966
2022,911,153,2.3,1038,33.9,18.1,39.21,965
2022,913,158,2.4,1071,34.9,18,36.89,964
2022,897,160,2.5,1028,35.5,17.8,35.23,963
2022,882,147,2.5,918,35.6,17.5,34.41,961
2022,823,139,2.3,739,35.4,17.1,33.95,961
2022,722,124,2.2,514,34.6,16.7,34.54,960
2022,550,91,1.7,269,33.2,16.8,37.54,960
2022,200,32,0.8,50,30.2,18.1,48.32,960
2022,0,0,0.8,0,28.6,17.5,51.03,961
2022,0,0,0.8,0,28,17.1,51.69,961
2022,0,0,0.7,0,27.5,16.8,52,962
2022,0,0,0.6,0,27,16.5,52.57,962
2022,0,0,0.6,0,26,16.4,55.36,962
2022,0,0,0.7,0,24.9,16.3,58.78,962
2022,0,0,0.7,0,23.8,16.2,62.41,962
2022,0,0,0.7,0,22.9,16,65.29,961
2022,0,0,0.6,0,22.2,15.9,67.67,961
2022,0,0,0.6,0,21.7,15.8,69.37,961
2022,0,0,0.6,0,21.3,15.8,70.96,962
2022,270,37,1,67,22.7,16.2,66.93,963
2022,620,85,1.2,297,26,15.1,50.94,963
2022,780,110,1.4,545,29.6,13.6,37.51,964
2022,868,125,1.8,770,32.8,13.4,30.9,963
2022,916,134,2,944,34.7,13.7,28.38,963
2022,949,136,2,1058,36.1,13.8,26.46,962
2022,961,136,2.1,1097,37.1,13.8,24.9,960
2022,956,131,2.1,1055,37.6,13.6,23.94,959
2022,926,130,2,940,37.6,13.1,23.26,958
2022,884,118,2,763,37.3,12.5,22.71,957
2022,803,102,2,538,36.4,12.1,23.17,956
2022,641,77,1.6,285,34.9,12.2,25.41,957
2022,272,31,0.8,57,31.3,14.9,37.06,957
2022,0,0,0.9,0,29.7,13.9,38.02,958
2022,0,0,0.7,0,29.1,13.4,38.17,959
2022,0,0,0.6,0,29.1,13,37.14,959
2022,0,0,0.4,0,28.6,13,38.24,960
2022,0,0,0.3,0,27.9,12.9,39.57,960
2022,0,0,0.3,0,26.9,13,42.34,959
2022,0,0,0.2,0,25.8,13.2,45.68,959
2022,0,0,0.3,0,24.7,13.1,48.53,959
2022,0,0,0.5,0,23.4,13.2,52.59,959
2022,0,0,0.6,0,22.4,13.2,55.98,959
2022,0,0,0.5,0,22,13.2,57.47,959
2022,281,38,0.5,69,23.2,14.6,58.58,960
2022,615,87,0.6,298,26.7,13.9,45.47,961
2022,766,116,1,544,30.9,12.9,33.37,961
2022,848,136,1.4,766,33.8,13,28.49,961
2022,891,150,1.8,937,35.6,13.2,26.12,960
2022,922,153,2.3,1049,37,13.3,24.34,959
2022,931,155,2.7,1085,37.9,13.3,23.2,958
2022,921,152,3,1042,38.4,13.3,22.49,957
2022,880,152,3.2,922,38.3,13.3,22.64,956
2022,831,138,3.3,746,37.9,13.3,23.12,955
2022,738,118,3.2,520,37,13.4,24.5,954
2022,564,89,2.6,273,35.3,14.1,28.07,954
2022,200,33,1.2,52,31.5,15.8,38.82,955
2022,0,0,1.1,0,29.4,15.6,43.29,956
2022,0,0,1.1,0,28.3,15.6,46.19,956
2022,0,0,1.3,0,27.5,15.6,48.14,957
2022,0,0,1.4,0,26.8,15.5,49.87,958
2022,0,0,1.5,0,26.2,15.4,51.33,958
2022,0,0,1.6,0,25.7,15.2,52.29,957
2022,0,0,1.5,0,25.1,15.1,53.79,957
2022,0,0,1.5,0,24.6,15,55.09,957
2022,0,0,1.6,0,24.2,14.9,56.21,956
2022,0,0,1.6,0,23.8,14.9,57.59,957
2022,0,0,1.4,0,23.4,15,59.18,957
2022,208,38,2,61,25.2,15.5,55.1,958
2022,533,100,2.8,282,28.6,15.8,45.82,959
2022,699,136,4.1,525,32.2,16,37.88,959
2022,791,158,4.6,745,34.4,16.2,33.88,959
2022,843,172,4.8,916,35.9,16.2,31.18,958
2022,790,231,5,997,36.9,16.1,29.29,957
2022,811,226,5.1,1037,37.7,16,27.77,956
2022,818,211,5.2,1002,38.1,15.8,26.91,955
2022,385,488,5.2,825,38,15.5,26.55,954
2022,2,299,5.2,300,37.5,15.2,26.81,953
2022,429,232,5.1,466,36.5,15,27.98,952
2022,481,103,4.5,261,35,15,30.23,951
2022,145,34,2.9,48,32.3,15.4,36.09,952
2022,0,0,2.4,0,30.6,15.8,40.84,954
2022,0,0,2.3,0,30,16.2,43.37,955
2022,0,0,2,0,29.3,16.6,46.35,956
2022,0,0,2.1,0,28.7,16.8,48.72,956
2022,0,0,2.4,0,28.2,17.1,50.86,956
2022,0,0,2.3,0,27.5,17.3,53.68,955
2022,0,0,2,0,26.6,17.4,57.02,954
2022,0,0,2,0,26.2,17.5,58.65,953
2022,0,0,2.1,0,25.8,17.6,60.64,953
2022,0,0,2.3,0,25.4,17.9,63.23,953
2022,0,0,2.5,0,25.1,18.3,66.04,954
2022,190,39,3.4,60,26,18.8,64.72,955
2022,521,100,5,278,28.2,19.4,59.02,956
2022,701,130,6.1,521,30.5,19.7,52.44,956
2022,802,146,6.4,741,32.5,19.4,45.92,956
2022,860,156,6.5,915,34.1,18.9,40.74,955
2022,848,188,6.4,1011,35.4,18.5,37.08,954
2022,1,343,6.2,344,36.4,18.3,34.62,953
2022,875,167,6,1013,37.2,18,32.46,952
2022,349,479,5.8,785,37.3,17.7,31.76,951
2022,438,364,5.6,685,37,17.6,32.05,951
2022,655,138,5.4,496,36.1,17.6,33.73,951
2022,7,110,5,112,34.8,17.8,36.63,951
2022,6,47,3.2,47,32.7,18.2,42.29,952
2022,0,0,1.7,0,31,19,48.78,954
2022,0,0,1.7,0,30.5,19.4,51.52,955
2022,0,0,2.2,0,29.9,19.6,54.02,955
2022,0,0,2.4,0,29.2,19.8,56.96,955
2022,0,0,1.8,0,28.5,20.1,60.57,955
2022,0,0,1.3,0,27.7,20.6,65.28,955
2022,0,0,1.3,0,27,21,69.86,955
2022,0,0,1.6,0,26.5,21.3,73.31,955
2022,0,0,1.6,0,26.1,21.5,75.94,955
2022,0,0,1.7,0,25.8,21.6,77.89,956
2022,0,0,1.5,0,25.5,21.7,79.63,956
2022,0,7,1.8,7,25.9,21.9,78.47,957
2022,0,54,2.6,55,26.9,21.9,74.03,958
2022,62,254,3.3,289,28.2,21.7,68.06,958
2022,149,360,3.3,470,29.2,21.5,63.42,958
2022,277,423,3.3,668,30.2,21.4,59.37,958
2022,322,446,3.5,759,30.7,21.3,57.43,958
2022,44,637,3.7,681,30.7,21.3,57.28,958
2022,255,423,3.7,669,30.8,21.2,56.78,957
2022,232,427,3.7,630,30.8,21.1,56.33,957
2022,76,377,3.5,433,30.4,20.8,56.66,956
2022,336,230,3.2,414,29.4,20.7,59.69,956
2022,560,87,2.7,273,28.2,20.9,64.66,956
2022,8,46,1.7,47,27,21.2,70.74,956
2022,0,0,0.8,0,26.1,21.5,75.93,957
2022,0,0,0.4,0,25.8,21.8,78.42,959
2022,0,0,0.3,0,25.7,21.9,79.35,960
2022,0,0,0.9,0,25.3,21.9,81.32,960
2022,0,0,1.5,0,24.9,22,83.93,961
2022,0,0,2.5,0,24.2,22,87.56,961
2022,0,0,3.2,0,23.6,21.7,88.96,961
2022,0,0,3.7,0,23,20.7,86.73,961
2022,0,0,3.9,0,22.2,19,82.32,962
2022,0,0,3.5,0,21.7,18,79.51,962
2022,0,0,3.4,0,21.5,17.6,78.36,963
2022,236,38,3.9,64,22,17.1,73.91,963
2022,581,87,5.1,285,23.5,16.1,63.09,963
2022,747,112,5.8,528,25.5,14.9,52.04,963
2022,826,133,5.9,745,27.7,14.3,43.78,963
2022,865,152,5.6,914,29.5,14,38.72,963
2022,852,183,5.3,1010,30.9,13.8,35.37,963
2022,859,188,4.9,1046,31.9,13.7,33.15,962
2022,705,258,4.6,940,32.4,13.6,32,961
2022,787,197,4.3,887,32.3,13.6,32.16,960
2022,445,313,4.1,640,31.7,13.8,33.74,959
2022,638,149,3.9,500,30.7,14.3,36.78,959
2022,467,107,3.4,263,29.3,14.9,41.43,959
2022,148,37,2.1,52,27.4,15.7,48.81,960
2022,0,0,1.5,0,25.9,16.4,55.72,961
2022,0,0,1,0,24.9,16.8,60.83,962
2022,0,0,0.6,0,24.1,17.2,65.18,963
2022,0,0,0.4,0,23.7,17.3,67.19,963
2022,0,0,0.2,0,23.4,17.2,68.34,963
2022,0,0,0.4,0,22.9,17.1,69.69,962
2022,0,0,0.5,0,22.5,17,70.88,962
2022,0,0,0.6,0,22.3,16.8,71.08,961
2022,0,0,0.8,0,22.2,16.7,70.91,961
2022,0,0,0.9,0,22,16.5,71.2,962
2022,0,0,1,0,21.7,16.3,71.62,962
2022,182,39,2,60,23.1,16.3,65.47,963
2022,23,183,2.9,191,25.1,16.4,58.53,964
2022,680,136,3.2,514,27.1,16.6,52.76,964
2022,781,154,3.2,732,29,16.5,46.71,964
2022,839,165,3.3,905,30.6,16.2,41.8,963
2022,894,157,3.3,1023,31.9,15.9,38.16,962
2022,901,160,3.3,1060,32.9,15.6,35.51,961
2022,893,157,3.3,1022,33.7,15.3,33.29,960
2022,866,151,3.2,912,34,15,31.98,959
2022,814,141,3.2,739,33.9,14.6,31.43,959
2022,720,123,3,519,33.3,14.3,31.8,958
2022,554,92,2.5,278,32.2,14.3,33.85,958
2022,216,37,1.1,60,29.3,15.7,43.72,959
2022,0,0,1,0,27.2,15.7,49.36,959
2022,0,0,1,0,26.3,15.7,52.07,960
2022,0,0,1,0,25.6,15.6,53.85,961
2022,0,0,0.9,0,24.9,15.5,56.05,961
2022,0,0,0.7,0,24.2,15.6,58.71,961
2022,0,0,0.6,0,24,15.7,59.91,960
2022,0,0,0.6,0,23.9,15.9,60.77,960
2022,0,0,0.7,0,23.5,15.9,62.51,960
2022,0,0,0.7,0,23,15.9,64.34,960
2022,0,0,0.7,0,22.6,16,66.17,961
2022,0,0,0.8,0,22.1,15.9,68.01,961
2022,195,41,1.5,63,23.8,16.1,62.24,962
2022,538,100,2,284,27,16.1,51.27,963
2022,714,131,2.2,528,30,16.2,43.37,963
2022,809,150,2.3,748,32.3,15.9,37.41,962
2022,867,159,2.6,922,34.2,15.6,32.97,961
2022,923,149,2.9,1042,35.7,15.2,29.62,961
2022,936,150,3.1,1085,36.8,14.6,26.73,960
2022,702,261,3.1,941,37.4,13.7,24.48,959
2022,896,148,3.2,935,37.5,12.9,23.04,958
2022,811,128,3.1,725,36.9,12.1,22.54,957
2022,401,243,2.9,465,35.7,11.3,22.97,957
2022,35,158,1.9,170,34,11.9,26.19,957
2022,16,55,1,56,30.7,13.6,35.3,958
2022,0,0,1,0,28.8,13.3,38.51,959
2022,0,0,1,0,27.7,12.7,39.44,960
2022,0,0,1,0,26.5,12.1,40.74,960
2022,0,0,1,0,25.4,11.6,42.13,961
2022,0,0,1.1,0,24.6,11.2,43.03,960
2022,0,0,1,0,23.9,10.9,44.02,960
2022,0,0,1,0,23.2,10.8,45.7,960
2022,0,0,1.1,0,22.8,10.6,46.15,960
2022,0,0,1.4,0,22.7,10.2,45.02,960
2022,0,0,1.7,0,22.6,9.7,43.84,961
2022,0,0,1.9,0,22.4,9.2,43.09,962
2022,15,56,2.4,57,23,8.9,40.68,963
2022,601,93,2.9,298,24.6,8.6,36.02,964
2022,758,123,3.4,544,26.6,8.2,31.26,964
2022,846,142,3.6,767,29,8.6,27.92,964
2022,891,154,3.6,938,31.4,8.8,24.7,964
2022,964,130,3.6,1063,33.6,8.9,21.95,963
2022,961,138,3.7,1097,35,9,20.35,962
2022,938,145,3.8,1053,35.9,9,19.48,961
2022,911,139,3.8,940,36.3,9.1,19.18,960
2022,859,131,3.8,765,36.1,9.2,19.4,959
2022,778,112,3.6,542,35.5,9.1,19.95,959
2022,622,85,3,296,34.1,9.4,22.01,958
2022,275,37,1.5,68,30.3,11.2,30.72,959
2022,0,0,1.5,0,28.1,10.9,34.25,960
2022,0,0,1.5,0,26.7,11,37.48,961
2022,0,0,1.2,0,25.2,11,41.09,961
2022,0,0,0.9,0,24,11.2,44.53,962
2022,0,0,0.8,0,23.3,11,45.82,962
2022,0,0,0.9,0,22.5,10.6,47,962
2022,0,0,1,0,21.8,10.1,47.4,961
2022,0,0,1.1,0,21.3,9.6,47.31,961
2022,0,0,1.3,0,20.9,9.2,47.07,961
2022,0,0,1.4,0,20.6,8.9,47.05,962
2022,0,0,1.5,0,20.4,8.8,47.15,962
2022,288,38,2.5,70,22.6,8.8,41.41,963
2022,641,83,3.2,301,26.1,8.9,33.69,964
2022,801,108,3.6,552,29.8,10,29.34,964
2022,885,124,3.8,777,32.4,10.8,26.6,964
2022,927,135,3.8,950,34.4,10.8,23.75,963
2022,955,140,3.9,1065,36.1,10.4,21.07,962
2022,945,152,4,1096,37.3,9.8,19.03,961
2022,914,164,4,1049,38,9.3,17.72,960
2022,850,178,3.9,925,38.3,8.9,16.95,959
2022,789,167,3.8,750,38,8.5,16.72,958
2022,697,141,3.6,528,37.2,8.1,17.06,958
2022,541,102,2.7,286,35.6,8.8,19.47,958
2022,215,40,1.2,64,31.1,11.2,29.5,958
2022,0,0,1.2,0,28.6,10.9,33.4,959
2022,0,0,1.2,0,27.4,11.2,36.4,959
2022,0,0,1.3,0,26.3,11.4,39.33,960
2022,0,0,1.2,0,25.3,11.9,43.13,961
2022,0,0,1,0,24.4,12.4,47.1,961
2022,0,0,0.8,0,23.8,12.7,49.71,961
2022,0,0,0.7,0,23.2,12.7,51.74,960
2022,0,0,0.8,0,22.5,12.6,53.47,960
2022,0,0,0.9,0,22,12.3,54.05,960
2022,0,0,0.9,0,21.6,11.9,53.86,961
2022,0,0,1,0,21.4,11.3,52.65,962
2022,231,40,1.4,65,23.9,11.4,45.46,962
2022,586,91,2.2,290,28,10.5,33.49,963
2022,754,119,2.2,537,31.6,11.8,29.81,963
2022,846,136,2.4,760,34.1,12.4,26.91,963
2022,898,148,2.5,937,36,12.5,24.31,962
2022,923,155,2.6,1047,37.5,12.1,21.92,961
2022,928,161,2.7,1087,38.5,11.6,20.08,960
2022,909,164,2.8,1043,39.1,11.1,18.8,959
2022,842,179,2.9,920,39.1,10.7,18.33,957
2022,786,165,2.9,746,38.8,10.4,18.2,956
2022,695,140,2.7,526,38,10.2,18.72,956
2022,535,101,2.1,285,36.4,10.9,21.39,956
2022,216,40,0.9,64,32.4,13.7,32.3,956
2022,0,0,1,0,30.4,13.3,35.11,956
2022,0,0,1.1,0,29.4,13.2,36.92,957
2022,0,0,1,0,28.2,12.9,38.81,958
2022,0,0,1,0,26.7,12.6,41.59,958
2022,0,0,0.9,0,25.5,12.3,43.74,958
2022,0,0,0.8,0,24.7,12.1,45.28,958
2022,0,0,0.8,0,24,11.9,46.81,958
2022,0,0,0.8,0,23.3,11.7,48.22,957
2022,0,0,0.9,0,22.6,11.5,49.47,958
2022,0,0,1.1,0,22.2,11.2,49.61,958
2022,0,0,1.3,0,21.9,10.9,49.66,959
2022,219,39,2.1,63,24.1,10.9,43.53,959
2022,553,97,2.8,284,27.5,10.5,34.51,960
2022,724,129,3,529,31,10.4,28.15,960
2022,821,147,2.8,752,33.9,10.5,24.05,959
2022,879,158,2.5,930,36,10.7,21.58,958
2022,822,218,2.2,1013,37.5,10.6,19.84,957
2022,825,226,2,1049,38.5,10.4,18.55,955
2022,806,229,2,1009,39.1,10.3,17.74,954
2022,675,272,2.1,867,39,10,17.52,953
2022,594,256,2.1,695,38.5,9.8,17.74,952
2022,473,214,2.1,478,37.5,9.7,18.63,952
2022,301,142,1.4,246,35.8,11,22.35,952
2022,79,36,0.8,46,32.4,14,32.8,952
2022,0,0,0.9,0,31,13.2,33.74,953
2022,0,0,0.9,0,30.3,12.6,33.85,953
2022,0,0,0.8,0,30,12.2,33.4,954
2022,0,0,0.8,0,29.4,12,34.2,955
2022,0,0,0.7,0,28.7,11.8,35.06,954
2022,0,0,0.6,0,27.9,12,37.23,954
2022,0,0,0.6,0,27.4,12,38.39,953
2022,0,0,0.5,0,27,12.2,39.75,953
2022,0,0,0.5,0,26.5,12.4,41.62,953
2022,0,0,0.5,0,26.3,12.8,43.23,954
2022,0,0,0.5,0,26.1,12.9,44.03,954
2022,2,47,0.4,47,26.7,13.9,45.23,955
2022,115,199,0.6,238,29.3,12.4,35.28,955
2022,159,340,0.5,428,32.7,12.2,28.75,955
2022,675,210,0.8,707,35.4,12.3,24.94,955
2022,746,227,1.1,882,37.2,12.5,22.8,954
2022,774,242,1.5,990,38.5,12.7,21.48,953
2022,776,249,1.9,1023,39.3,12.8,20.78,952
2022,750,254,2.1,981,39.6,12.9,20.61,951
2022,662,274,2.3,858,39.3,13,21.09,950
2022,590,251,2.5,688,38.6,13.1,22.07,949
2022,262,307,2.5,454,37.4,13.3,23.83,949
2022,10,145,2,149,35.9,14.1,27.28,949
2022,0,39,1,39,33,16.1,36.33,949
2022,0,0,1.1,0,31.7,16.1,39,950
2022,0,0,1.4,0,31.1,16,40.23,951
2022,0,0,1.8,0,30.6,16.1,41.76,952
2022,0,0,1.8,0,29.6,16.6,45.59,953
2022,0,0,1.6,0,28.3,17,50.32,952
2022,0,0,1.4,0,27.2,17.3,54.84,952
2022,0,0,1.3,0,26.4,17.7,58.68,952
2022,0,0,1.2,0,25.7,17.9,62.15,952
2022,0,0,1.1,0,25.1,18.1,65.27,952
2022,0,0,0.8,0,24.6,18.3,68.05,952
2022,0,0,0.7,0,24.1,18.5,71,953
2022,0,22,0.8,22,25,19.1,69.63,954
2022,0,19,0.9,19,26.9,18.9,61.76,955
2022,18,276,1.9,286,29.7,18.2,50.21,955
2022,1,155,2.6,155,32,18.2,43.87,955
2022,546,316,2.9,795,33.6,18.2,40.22,954
2022,647,315,3.2,940,34.8,18.2,37.57,953
2022,657,327,3.5,982,35.4,18.1,36.07,952
2022,20,427,3.6,446,35.5,17.9,35.45,951
2022,661,274,3.5,857,35.4,17.6,34.95,950
2022,582,256,3.2,688,35.1,17.2,34.67,950
2022,453,221,2.9,475,34.3,16.9,35.61,949
2022,260,152,2.4,243,33.1,17.1,38.51,950
2022,48,34,1.4,40,30.9,18.3,46.92,950
2022,0,0,1.4,0,29.7,18.6,51.24,951
2022,0,0,1.3,0,29,19.1,55.14,952
2022,0,0,1.3,0,28.4,19.6,58.81,953
2022,0,0,1.2,0,27.8,20,62.69,953
2022,0,0,1.1,0,27.3,20.5,66.54,953
2022,0,0,0.9,0,26.8,20.9,70.26,952
2022,0,0,1.2,0,26.4,21.1,72.67,952
2022,0,0,2.3,0,26,21.1,74.27,952
2022,0,0,2.2,0,25.5,21,76.38,953
2022,0,0,1.2,0,24.9,21,78.9,953
2022,0,0,0.9,0,24.3,21,81.96,954
2022,0,33,1,33,24.4,21.2,82.58,954
2022,14,135,1.5,139,24.7,21.3,81.6,955
2022,532,190,2.1,482,25.7,21.4,77.11,956
2022,158,386,2.5,503,26.8,21.6,72.99,956
2022,713,240,2.7,865,28.6,21.3,64.69,956
2022,665,308,2.1,950,30.5,20.8,56.24,955
2022,672,316,1.1,987,31.8,20.4,50.87,955
2022,653,321,1.1,954,32.4,20,47.92,954
2022,5,326,2,330,32.2,19.7,47.78,953
2022,447,326,2.8,658,31.1,19.8,51.05,953
2022,471,219,3.4,483,29.3,20.3,58.39,953
2022,286,156,3.4,257,27.3,21.1,68.98,954
2022,0,41,3,41,25.2,21.8,81.36,955
2022,0,0,3.4,0,23.8,21.9,89.01,956
2022,0,0,3.7,0,22.8,21.4,91.95,957
2022,0,0,2.8,0,22.1,20.8,92.45,958
2022,0,0,2.6,0,21.5,20,91.31,958
2022,0,0,2.4,0,21,19.6,91.44,958
2022,0,0,2.4,0,20.9,19.4,91.13,958
2022,0,0,2.6,0,20.6,19.2,91.84,958
2022,0,0,2.8,0,20.4,19,91.94,958
2022,0,0,2.8,0,20.2,19.1,93.34,958
2022,0,0,3.1,0,20.2,19.3,94.3,959
2022,0,0,3.4,0,20.3,19.4,94.6,960
2022,0,10,3.4,10,20.5,19.5,93.9,961
2022,50,170,3.3,187,20.8,19.5,92.33,962
2022,640,147,3.5,498,21.5,19.4,87.64,962
2022,602,246,4.3,687,23,19.1,78.54,961
2022,704,249,5.1,864,26.5,18,59.69,960
2022,768,225,4.5,967,28.8,16.8,48.33,960
2022,666,303,4.2,968,29.1,16.1,45.51,959
2022,861,181,4,1016,29.7,16,43.52,959
2022,768,173,3.6,852,29.9,15.9,42.9,958
2022,700,181,3.4,702,29.4,16,44.31,958
2022,639,157,3,517,28.6,16.3,47.33,958
2022,468,119,1.9,284,27.5,17.3,53.73,959
2022,181,48,1.2,70,25.9,17.6,60.23,959
2022,0,0,1.6,0,25.1,17.2,61.72,959
2022,0,0,1.9,0,24.8,17.1,62.47,960
2022,0,0,1.5,0,24.2,17.2,64.92,961
2022,0,0,1.3,0,23.6,17.1,67.01,961
2022,0,0,1.2,0,23.1,16.9,68.1,961
2022,0,0,1.3,0,22.8,16.6,68.26,960
2022,0,0,1.3,0,22.6,16.5,68.25,960
2022,0,0,1.2,0,22.4,16.3,68.41,960
2022,0,0,1.2,0,22.2,16.1,68.56,960
2022,0,0,1.2,0,22,16,68.58,960
2022,0,0,1.1,0,21.8,15.8,68.7,960
2022,231,37,1.8,62,23.2,15.8,63.1,960
2022,570,88,2.6,279,25.8,15.6,53.42,961
2022,729,118,3.3,517,28.3,15.5,45.88,961
2022,808,141,3.4,732,30.2,15.6,41.35,961
2022,852,158,3.4,903,31.5,15.7,38.59,960
2022,891,158,3.2,1017,32.5,15.7,36.53,960
2022,896,164,3,1057,33.3,15.7,34.83,959
2022,889,162,2.9,1023,33.7,15.7,34.03,958
2022,848,164,2.8,914,33.8,15.7,33.85,957
2022,797,152,2.6,747,33.5,15.6,34.31,956
2022,717,130,2.4,535,32.8,15.6,35.62,956
2022,569,97,2,299,31.7,15.8,38.46,956
2022,261,44,0.9,78,29.1,17.4,49.33,956
2022,0,0,0.8,0,27.3,17.4,54.7,957
2022,0,0,0.7,0,26.9,17.4,56.09,957
2022,0,0,0.6,0,27,17.2,55,958
2022,0,0,0.4,0,27,17.1,54.56,958
2022,0,0,0.5,0,26.5,17,55.81,958
2022,0,0,0.6,0,25.7,16.8,57.93,957
2022,0,0,0.8,0,24.8,16.6,60.5,957
2022,0,0,0.8,0,24.1,16.5,62.42,956
2022,0,0,0.8,0,23.6,16.3,63.49,956
2022,0,0,0.8,0,23.3,16.1,63.79,957
2022,0,0,0.8,0,23.3,15.9,63.05,957
2022,1,46,0.9,46,25.2,16.6,59.05,958
2022,562,91,1.1,278,28.5,16,46.7,959
2022,727,120,1.7,518,31.5,16.2,39.8,959
2022,816,140,2.3,736,33.4,16.2,35.78,959
2022,863,156,2.7,909,34.9,16.1,32.76,958
2022,912,149,3,1028,36,16,30.55,957
2022,921,152,3.1,1070,36.8,15.8,28.89,956
2022,915,150,3.1,1037,37.2,15.6,27.87,955
2022,892,142,3,932,37.3,15.3,27.19,954
2022,846,132,3,764,36.9,15,27.24,954
2022,763,116,2.8,548,36.1,14.6,27.83,953
2022,16,179,2.3,185,34.8,14.8,30.31,954
2022,1,55,1,55,31.7,16.7,40.57,954
2022,0,0,0.9,0,29.7,16.5,45.08,955
2022,0,0,0.9,0,29,16.5,46.75,956
2022,0,0,0.9,0,28.3,16.3,48.24,957
2022,0,0,1,0,27.7,16,48.97,957
2022,0,0,1.1,0,27.3,16,50.19,957
2022,0,0,1,0,26.6,16.6,54.11,956
2022,0,0,0.6,0,26,17.3,58.67,956
2022,0,0,0.3,0,25.8,17.9,61.92,957
2022,0,0,0.2,0,25.6,18.2,63.49,957
2022,0,0,0.4,0,25.3,18,64.1,958
2022,0,0,0.5,0,25,17.9,64.82,959
2022,14,53,1,54,26.2,17.7,59.66,959
2022,570,89,1,279,28.7,18.1,52.81,960
2022,696,131,1.5,511,30.9,18.5,47.52,960
2022,797,149,2.1,731,32.7,18.2,42.28,960
2022,856,160,2.6,907,34.3,17.8,37.53,959
2022,870,177,3.1,1015,35.6,17.2,33.7,958
2022,232,475,3.4,706,36.4,16.5,30.92,957
2022,894,165,3.5,1033,36.8,15.8,28.92,956
2022,839,177,3.5,920,36.7,15.1,27.84,956
2022,443,316,3.4,648,36.2,14.5,27.48,955
2022,361,261,3.1,466,35.3,14,27.87,955
2022,266,174,2.4,270,34,14.1,30.16,955
2022,13,66,1.1,67,31.2,15.8,39.42,956
2022,0,0,0.9,0,29.3,16.1,44.91,956
2022,0,0,0.9,0,28.4,16.6,48.83,957
2022,0,0,0.9,0,27.7,17,52.24,958
2022,0,0,1,0,27,17.2,55.17,958
2022,0,0,1.1,0,26.3,17.5,58.37,958
2022,0,0,1.2,0,25.9,17.7,60.61,958
2022,0,0,1.1,0,25.6,17.9,62.57,958
2022,0,0,1,0,25.2,18.2,64.98,958
2022,0,0,0.9,0,24.9,18.3,66.68,959
2022,0,0,0.8,0,24.6,18.2,67.73,959
2022,0,0,0.7,0,24.4,18.1,68.16,960
2022,0,14,1.2,14,25.8,18.5,63.93,960
2022,22,139,1.7,146,28,18.9,57.86,961
2022,357,235,1.8,430,29.9,19.2,52.75,961
2022,599,223,1.8,660,31.3,19.5,49.65,961
2022,1,265,1.8,265,32.4,19.5,46.49,960
2022,237,552,1.9,780,33.3,19.3,43.72,960
2022,270,562,1.9,831,33.8,19.1,41.98,959
2022,250,548,1.9,790,33.9,18.9,41.14,958
2022,566,302,1.8,803,33.8,18.7,40.85,958
2022,602,241,1.7,692,33.3,18.5,41.72,957
2022,704,133,1.6,535,32.5,18.5,43.62,957
2022,558,100,1.5,301,31.5,18.7,46.63,957
2022,20,65,0.9,68,29.9,19.7,54.42,958
2022,0,0,0.9,0,28.6,20,59.57,959
2022,0,0,1,0,27.9,20.1,62.46,959
2022,0,0,1.2,0,27.4,20.3,65.06,960
2022,0,0,1.2,0,26.8,20.4,68.02,960
2022,0,0,1.3,0,26.4,20.6,70.38,960
2022,0,0,1.3,0,25.9,20.8,73.3,960
2022,0,0,1.3,0,25.5,20.9,75.82,959
2022,0,0,1.3,0,25.1,21.1,78.44,959
2022,0,0,1.2,0,24.7,21.2,80.86,959
2022,0,0,1.1,0,24.3,21.3,83.2,960
2022,0,0,1.2,0,24.1,21.3,84.5,960
2022,3,38,2.3,38,25.3,21.4,79.02,961
2022,632,72,3.3,281,27.3,21,68.58,962
2022,75,244,3.5,285,29.3,20.6,59.34,962
2022,870,105,3.6,737,30.9,20.2,52.99,962
2022,917,112,3.8,910,32.4,19.9,47.8,962
2022,941,117,3.9,1023,33.6,19.7,44.03,961
2022,955,115,4,1066,34.4,19.5,41.68,960
2022,954,110,4.1,1036,35,19.4,39.99,958
2022,688,218,4.1,828,35,19.3,39.79,958
2022,877,108,4.2,766,34.7,19.2,40.11,957
2022,800,97,4.1,555,33.9,19,41.61,956
2022,656,78,3.9,316,32.6,19.1,45,956
2022,20,63,3,66,30.7,19.6,51.75,957
2022,0,0,2.5,0,29.1,20.2,58.91,957
2022,0,0,2.6,0,28.2,20.8,64.07,958
2022,0,0,2.9,0,27.3,21.2,69.44,958
2022,0,0,2.9,0,26.5,21.5,74.23,959
2022,0,0,2.9,0,25.8,21.6,77.74,958
2022,0,0,2.9,0,25.1,21.5,80.71,958
2022,0,0,2.8,0,24.4,21.4,83.46,957
2022,0,0,2.7,0,23.9,21.3,85.46,957
2022,0,0,2.7,0,23.5,21.3,87.27,957
2022,0,0,2.7,0,23.1,21.2,89.13,957
2022,0,0,2.7,0,22.8,21.2,90.49,957
2022,9,46,3.4,47,23.7,21.2,86.16,958
2022,365,143,4.7,263,26.1,21.3,74.78,958
2022,787,93,5.2,520,28.9,21.1,62.8,958
2022,648,167,5.2,638,31.2,20.6,53.43,958
2022,741,211,5.2,855,32.7,20.3,48.16,958
2022,938,120,5.2,1021,33.5,20.1,45.43,957
2022,946,121,5.4,1064,34.1,20,43.68,956
2022,939,121,5.4,1032,34.3,19.9,42.98,955
2022,903,125,5.4,927,34.3,19.8,42.65,954
2022,870,112,5.4,765,34.1,19.7,42.79,953
2022,805,95,5.4,556,33.7,19.6,43.54,953
2022,667,76,4.8,318,32.8,19.6,45.8,953
2022,361,41,3.5,91,31.3,19.8,50.4,954
2022,0,0,2.9,0,30,20.1,55.35,955
2022,0,0,3,0,29.3,20.3,58.35,956
2022,0,0,3.2,0,28.6,20.4,61.4,956
2022,0,0,3.3,0,27.9,20.7,64.76,957
2022,0,0,3.5,0,27.3,20.9,68.01,956
2022,0,0,3.5,0,26.7,21.1,71.59,956
2022,0,0,3.4,0,26.2,21.3,74.59,955
2022,0,0,3.2,0,25.7,21.5,77.55,955
2022,0,0,3.1,0,25.3,21.6,79.97,955
2022,0,0,2.9,0,24.9,21.7,82.48,956
2022,0,0,2.9,0,24.5,21.8,84.8,956
2022,6,43,3.8,44,25.6,21.9,79.8,957
2022,631,73,5,280,28,21.7,68.59,958
2022,717,126,5.2,513,30.5,21.2,57.78,958
2022,812,108,5.2,697,32.6,20.9,50.21,958
2022,915,115,5.2,910,34.2,20.6,44.97,957
2022,932,125,5.2,1020,35.4,20.3,41.35,957
2022,945,123,5.3,1064,36.1,20,39.16,956
2022,940,121,5.4,1034,36.5,19.8,37.82,955
2022,876,143,5.4,921,36.4,19.6,37.42,954
2022,828,135,5.3,758,36,19.3,37.73,954
2022,740,121,5.2,546,35.2,19.2,39.04,953
2022,583,96,4.9,309,34,19.2,41.73,954
2022,25,69,4,73,32.3,19.4,46.45,954
2022,0,0,3.4,0,30.9,19.7,51.33,955
2022,0,0,3.1,0,30.1,20,54.81,956
2022,0,0,3,0,29.4,20.3,58.13,956
2022,0,0,3,0,28.9,20.6,61.02,956
2022,0,0,3.2,0,28.3,21,64.5,956
2022,0,0,3.3,0,27.8,21.3,67.82,956
2022,0,0,3.4,0,27.3,21.6,71.16,955
2022,0,0,3.5,0,26.9,21.9,74,955
2022,0,0,3.6,0,26.5,22,76.43,955
2022,0,0,3.7,0,26.2,22,77.92,955
2022,0,0,3.6,0,26,22,78.65,956
2022,4,40,4.3,41,26.5,21.9,75.89,957
2022,92,169,5.4,199,28.2,21.6,67.32,957
2022,99,260,5.8,314,30.2,21.4,59.18,957
2022,303,330,5.9,550,31.6,21.3,54.59,957
2022,390,341,5.9,679,32.6,21.3,51.47,957
2022,217,447,5.8,655,33.4,21.2,48.83,957
2022,913,147,5.7,1056,34.2,21,46.11,956
2022,485,316,5.6,787,34.8,20.7,43.98,955
2022,490,332,5.5,768,34.9,20.5,43.07,954
2022,822,108,5.4,729,34.6,20.3,43.22,953
2022,772,109,5.3,554,33.9,20.2,44.58,953
2022,626,88,4.7,318,32.8,20.2,47.46,953
2022,311,47,3.6,92,31,20.5,53.55,954
2022,0,0,3.2,0,29.3,20.9,60.59,956
2022,0,0,3.1,0,28.2,21.3,66.3,956
2022,0,0,2.9,0,27.2,21.7,71.81,956
2022,0,0,2.7,0,26.3,22,77.39,956
2022,0,0,2.4,0,25.6,22.3,82.19,956
2022,0,0,2.1,0,25.1,22.6,86.29,957
2022,0,0,2.1,0,24.6,22.8,89.93,957
2022,0,0,2.1,0,24.2,22.9,92.69,957
2022,0,0,2.2,0,23.8,23,95.24,957
2022,0,0,2.2,0,23.6,23,96.65,958
2022,0,0,2.3,0,23.4,23.1,97.96,958
2022,0,18,2.8,18,23.8,23.4,97.68,959
2022,1,54,3.5,54,24.7,24,95.93,960
2022,0,16,4.1,16,25.6,24.4,93.16,960
2022,0,57,4.6,57,26.4,24.4,89.01,960
2022,0,95,5,95,27.3,24.2,83.16,960
2022,1,197,5.2,197,28,23.7,77.49,959
2022,9,357,5.2,366,28.5,23.3,73.64,959
2022,10,357,5.2,366,28.8,23.1,71.26,958
2022,223,443,5.1,642,28.8,22.9,70.32,957
2022,357,316,4.8,586,28.4,22.7,71.48,957
2022,280,240,4.5,402,27.8,22.8,74.07,957
2022,25,144,4.2,153,26.8,22.8,78.76,957
2022,7,60,3.8,61,25.8,22.8,83.45,957
2022,0,0,3.7,0,25.1,22.8,87.04,957
2022,0,0,3.6,0,24.6,22.9,90.22,958
2022,0,0,3.4,0,24.2,23,93,959
2022,0,0,3.5,0,24,23,94.3,959
2022,0,0,3.7,0,23.7,23,95.88,959
2022,0,0,3.8,0,23.5,23,96.79,958
2022,0,0,3.9,0,23.4,22.9,97.14,957
2022,0,0,3.9,0,23.3,22.8,97.19,957
2022,0,0,4,0,23.1,22.6,97.28,957
2022,0,0,4.1,0,22.9,22.4,97.22,957
2022,0,0,4.1,0,22.8,22.3,96.77,957
2022,0,29,4.2,29,22.9,22.3,96.34,958
2022,177,149,4.4,206,23.5,22.4,93.82,958
2022,513,169,4.7,445,24.6,22.3,87.3,959
2022,145,338,5.1,443,26.2,21.7,76.36,959
2022,591,274,5.4,786,28,20.8,65.05,958
2022,84,483,5.6,564,29.3,20.2,57.97,958
2022,448,365,5.7,811,29.9,19.9,55.1,957
2022,931,80,5.8,985,30,19.8,54.4,956
2022,901,96,5.8,898,29.8,19.8,54.86,955
2022,725,185,5.6,733,29.3,19.7,56.41,955
2022,642,141,5.3,513,28.8,19.8,58.16,954
2022,498,136,4.9,321,28.1,19.9,61.23,954
2022,18,65,4.4,68,26.9,20.2,66.87,955
2022,0,0,4.2,0,25.9,20.5,72.11,955
2022,0,0,4.1,0,25.3,20.7,75.91,956
2022,0,0,4.1,0,25,20.9,78.13,957
2022,0,0,4,0,24.7,21.1,80.26,957
2022,0,0,4,0,24.5,21.2,82.03,957
2022,0,0,4,0,24.3,21.4,83.91,957
2022,0,0,3.9,0,24.1,21.6,85.88,957
2022,0,0,3.8,0,23.9,21.8,87.86,957
2022,0,0,3.7,0,23.7,21.9,89.72,957
2022,0,0,3.5,0,23.5,22,91.17,957
2022,0,0,3.4,0,23.3,22,92.16,958
2022,0,13,3.6,13,23.5,22,91.06,958
2022,0,55,3.9,55,24.2,22.1,88.15,959
2022,0,44,4.2,44,25.3,22.2,82.75,959
2022,0,80,4.2,80,26.9,21.8,73.64,959
2022,0,213,4,213,28.6,21.5,65.5,959
2022,0,246,3.7,246,29.8,21.4,60.59,958
2022,210,454,3.4,662,30.5,21.4,58.23,958
2022,848,147,3.1,971,30.9,21.4,56.98,957
2022,305,417,3,689,30.8,21.4,57.32,957
2022,699,186,2.9,716,30.5,21.3,58.16,956
2022,708,133,2.9,545,29.9,21.3,60.12,956
2022,552,105,2.2,311,28.8,21.5,64.78,956
2022,0,37,0.7,37,27.1,22.1,73.93,957
2022,0,0,0.4,0,26.1,22.2,79.21,958
2022,0,0,0.6,0,25.5,22.3,82.35,959
2022,0,0,0.8,0,25.1,22.2,84.19,960
2022,0,0,1,0,24.7,22.2,86.07,960
2022,0,0,1.2,0,24.3,22.2,88.16,960
2022,0,0,1.2,0,24,22.2,89.75,959
2022,0,0,1.1,0,23.7,22.2,91.33,959
2022,0,0,1,0,23.4,22.2,92.76,958
2022,0,0,0.9,0,23.2,22.1,93.51,958
2022,0,0,0.9,0,23,22,94.02,958
2022,0,0,0.9,0,22.9,21.9,93.94,958
2022,2,38,1.4,38,24.1,22.3,89.76,959
2022,2,71,1.7,71,26.1,22.7,81.58,960
2022,9,228,1.6,233,28.4,22.4,69.98,960
2022,13,328,1.4,338,30.6,21.7,59.06,960
2022,7,386,1.4,392,32.3,21.2,52.05,959
2022,538,407,1.3,922,33.2,20.9,48.63,958
2022,218,555,1.3,772,33.7,20.7,46.76,958
2022,623,287,1.3,893,33.9,20.6,45.7,957
2022,710,226,1.4,860,33.7,20.3,45.53,956
2022,792,156,1.4,757,33.2,20.1,46.21,956
2022,711,135,1.5,550,32.5,20,47.77,956
2022,568,104,1.5,317,31.5,20.3,51.6,956
2022,26,74,1.1,78,29.6,21.1,60.21,956
2022,0,0,1.3,0,28.2,20.9,64.67,956
2022,0,0,1.8,0,27.5,21.1,68.1,957
2022,0,0,2.2,0,26.8,21.5,72.57,958
2022,0,0,2.4,0,26.2,21.9,77.03,958
2022,0,0,2.3,0,25.6,22.1,81.14,958
2022,0,0,2.3,0,25.1,22.3,84.33,957
2022,0,0,2.2,0,24.6,22.3,87.3,957
2022,0,0,2,0,24.2,22.4,89.45,956
2022,0,0,1.8,0,23.9,22.4,91.18,957
2022,0,0,1.8,0,23.7,22.4,92.16,957
2022,0,0,1.9,0,23.5,22.4,93.29,957
2022,3,37,2.7,37,24.6,22.5,88.32,958
2022,21,127,3.6,133,26.9,22.6,77.51,959
2022,101,249,4,303,29.1,22.3,66.77,959
2022,107,323,4,400,30.5,22.1,60.92,959
2022,162,393,4,533,31.5,22.1,57.59,959
2022,480,350,3.8,810,32.2,22.3,56.07,958
2022,869,140,3.6,1004,32.4,22.5,55.98,957
2022,914,144,3.4,1033,32.4,22.5,55.99,957
2022,885,142,3.1,932,32.2,22.4,56.17,956
2022,844,130,2.8,772,31.8,22.2,56.94,956
2022,765,115,2.6,562,31.2,22.2,58.76,956
2022,284,174,2.1,281,30.2,22.4,63.15,956
2022,321,52,1.4,101,28.6,22.9,71.3,956
2022,0,0,1.4,0,27.6,22.8,75.15,956
2022,0,0,1.4,0,27.1,22.9,77.84,957
2022,0,0,1.1,0,26.7,23.1,80.74,958
2022,0,0,1,0,26.4,23.3,83.23,959
2022,0,0,1.1,0,26,23.5,86.13,959
2022,0,0,1,0,25.7,23.6,88.4,958
2022,0,0,1,0,25.3,23.8,91.16,958
2022,0,0,0.9,0,25,23.8,93.19,957
2022,0,0,0.6,0,24.7,23.9,95.33,957
2022,0,0,1.2,0,24.5,23.8,96.11,958
2022,0,0,3.1,0,23.7,23,95.62,959
2022,107,37,4.3,47,22.5,21,91.22,960
2022,441,110,4.3,250,21.8,19.2,85.27,960
2022,478,227,4.3,481,22.4,18.4,78.23,961
2022,722,182,4.6,699,24.2,17.5,66.05,961
2022,2,355,4.4,357,26.1,16.4,55.17,962
2022,64,496,3.9,557,27.3,16,50.01,962
2022,345,446,3.8,789,27.9,15.9,47.92,961
2022,577,335,3.9,897,28.1,15.9,47.38,960
2022,822,184,3.9,919,28,15.9,47.87,959
2022,783,165,3.7,761,27.6,16.1,49.41,959
2022,708,140,3.1,555,26.8,16.2,52.38,958
2022,570,107,2.2,323,25.8,16.6,56.75,958
2022,284,56,1.4,100,24.5,17,62.91,957
2022,0,0,1.2,0,23.6,16.9,66.24,958
2022,0,0,1.1,0,23.2,16.8,67.22,958
2022,0,0,0.9,0,23,16.7,67.71,958
2022,0,0,0.9,0,23.1,16.7,67.42,958
2022,0,0,0.9,0,23.1,16.7,67.28,958
2022,0,0,1.1,0,23,16.6,67.1,957
2022,0,0,1.3,0,22.8,16.6,68.11,957
2022,0,0,1.4,0,22.5,16.7,69.76,956
2022,0,0,1,0,22.2,16.8,71.42,955
2022,0,0,0.7,0,21.7,16.8,73.77,955
2022,0,0,0.7,0,21.3,16.8,75.38,955
2022,0,30,1.5,30,23,16.9,68.67,956
2022,6,138,1,140,26,16.7,56.39,957
2022,313,274,1.4,439,28.4,16.7,49.04,957
2022,790,147,2.2,712,29.8,17.1,46.44,957
2022,856,154,2.5,891,30.7,17.7,45.79,956
2022,902,149,2.8,1012,31.3,18.2,45.79,955
2022,921,146,3,1062,31.6,18.6,46.16,954
2022,921,140,3.1,1037,31.5,19.1,47.69,953
2022,906,131,3.3,941,31.1,19.7,50.61,953
2022,875,116,3.5,783,30.4,20.3,54.78,952
2022,815,98,3.7,577,29.5,20.8,59.68,952
2022,693,77,3.2,341,27.9,21.5,68.04,953
2022,40,75,2.2,82,25.5,22.3,82.39,954
2022,0,0,1.8,0,24,22.5,91.15,954
2022,0,0,1.7,0,23.4,22.5,94.58,955
2022,0,0,1.7,0,23,22.5,96.78,956
2022,0,0,1.6,0,22.7,22.4,98.1,956
2022,0,0,1.7,0,22.5,22.3,98.77,956
2022,0,0,1.8,0,22.4,22.2,99.08,956
2022,0,0,1.8,0,22.3,22.2,99.34,955
2022,0,0,1.8,0,22.2,22.1,99.52,955
2022,0,0,1.9,0,22.1,22.1,99.77,955
2022,0,0,2,0,22.1,22,99.45,955
2022,0,0,2,0,22.1,22,99.31,956
2022,0,7,2.6,7,22.6,22.4,98.69,957
2022,0,29,3.3,29,23.4,22.9,97.21,957
2022,1,104,3.8,104,24.4,23.4,94.17,958
2022,1,149,4.1,150,25.8,23.5,87.29,957
2022,0,96,4.2,97,27,23.3,80.04,957
2022,221,418,4.2,629,27.7,23,75.5,956
2022,303,405,4.2,707,28.1,22.8,72.92,956
2022,303,430,4.1,725,28.2,22.6,71.83,955
2022,182,422,3.9,585,28,22.6,72.46,955
2022,211,331,3.7,492,27.5,22.6,74.82,955
2022,0,99,3.2,99,26.7,22.8,79.31,955
2022,692,76,2.4,341,25.7,23.2,86.32,956
2022,0,26,1.5,26,24.4,23.4,94.42,956
2022,0,0,1,0,23.7,23.3,97.89,957
2022,0,0,0.8,0,23.3,23.2,99.46,958
2022,0,0,0.7,0,23.2,23.1,99.18,959
2022,0,0,0.5,0,23,22.9,99.56,960
2022,0,0,0.5,0,22.8,22.8,99.79,960
2022,0,0,0.5,0,22.6,22.6,99.75,959
2022,0,0,0.6,0,22.5,22.4,99.35,959
2022,0,0,0.8,0,22.3,22.2,99.47,958
2022,0,0,1.4,0,22.1,22,99.3,958
2022,0,0,2.3,0,21.8,21.6,98.94,959
2022,0,0,2.9,0,21.3,21,98.25,960
2022,0,5,3.3,5,20.8,20.3,96.73,962
2022,0,27,3.1,27,20.8,19.9,94.83,963
2022,0,68,2.9,68,21,19.7,92.06,964
2022,1,120,3.1,121,21.6,19.6,88.39,964
2022,2,225,3.2,227,22.7,19.4,81.47,964
2022,37,434,3.1,469,23.8,18.9,74.22,963
2022,223,433,2.8,654,24.5,18.5,69.47,963
2022,303,407,2.5,702,25,18.4,66.96,962
2022,536,297,2.2,778,25.2,18.4,66.11,961
2022,355,314,1.8,585,25.2,18.5,66.42,960
2022,434,211,1.5,468,25,18.7,68.01,960
2022,417,146,1,306,24.5,19,71.6,960
2022,19,70,0.4,73,23.5,19.4,77.79,960
2022,0,0,0.3,0,22.8,19.1,79.57,960
2022,0,0,0.4,0,22.2,19,81.95,960
2022,0,0,0.5,0,21.6,19,84.98,961
2022,0,0,0.6,0,21.3,18.7,85.26,961
2022,0,0,0.6,0,21,18.4,85.24,960
2022,0,0,0.6,0,20.8,18.3,85.37,960
2022,0,0,0.6,0,20.7,18.1,85,959
2022,0,0,0.6,0,20.6,18,85.32,959
2022,0,0,0.6,0,20.5,18,85.63,959
2022,0,0,0.6,0,20.4,17.9,85.76,960
2022,0,0,0.7,0,20.2,17.9,86.42,960
2022,268,28,1.1,50,21.8,18.5,81.75,961
2022,638,67,1.7,265,24,18.6,71.63,962
2022,789,91,2.2,504,25.9,18.6,64.28,962
2022,864,109,2.3,723,27.3,19.1,61,962
2022,905,123,2.3,900,28.4,19.7,59.14,962
2022,932,130,2.3,1019,29.5,20.1,57,961
2022,942,132,2.3,1069,30,20.3,56.04,961
2022,939,128,2.3,1044,30.5,20.4,54.99,960
2022,901,136,2.2,944,30.7,20.5,54.52,959
2022,862,125,2.1,786,30.4,20.4,55.34,958
2022,794,108,1.8,579,29.8,20.5,57.32,958
2022,666,86,1.4,343,29,20.7,60.91,958
2022,388,50,0.7,113,27.2,21.7,71.87,959
2022,0,0,0.7,0,25.7,21.2,76.31,959
2022,0,0,0.7,0,25.1,21.1,78.66,960
2022,0,0,0.8,0,24.3,21,81.92,960
2022,0,0,0.9,0,23.6,20.8,84.53,960
2022,0,0,1.1,0,23.2,20.6,85.29,960
2022,0,0,1.1,0,23,20.3,84.99,959
2022,0,0,1,0,22.7,20.1,85.22,959
2022,0,0,0.9,0,22.4,19.8,85.04,958
2022,0,0,0.9,0,22.2,19.4,84.32,958
2022,0,0,0.9,0,21.9,19.1,84.13,958
2022,0,0,0.8,0,21.8,18.8,83.28,959
2022,204,30,1.3,47,23.7,19.4,76.99,959
2022,588,79,1.4,260,26.3,19.4,65.9,960
2022,758,105,0.6,501,29.3,19.6,56.04,961
2022,851,121,1.1,725,30.9,19.8,51.54,961
2022,903,131,1.5,905,31.9,19.9,49.12,960
2022,967,113,1.8,1035,32.7,20,47.33,960
2022,974,117,2,1085,33.1,20.1,46.52,959
2022,966,118,2.1,1060,33.2,20.2,46.44,958
2022,914,136,2.2,957,33.1,20.2,46.72,957
2022,866,130,2.2,796,32.6,20.1,47.85,957
2022,788,118,2,586,31.9,19.9,49.14,956
2022,642,97,1.5,346,30.8,20.2,53.14,957
2022,352,56,0.8,114,28.6,21.4,65.07,957
2022,0,0,0.7,0,27.3,20.6,66.69,958
2022,0,0,0.6,0,26.8,20.3,67.5,959
2022,0,0,0.8,0,25.9,20.2,70.72,959
2022,0,0,0.9,0,24.7,20.2,76.14,959
2022,0,0,1,0,24,20.2,79.33,959
2022,0,0,1.1,0,23.5,20.3,82.12,958
2022,0,0,1.2,0,23.1,20.4,84.6,958
2022,0,0,1.2,0,22.8,20.3,86.08,958
2022,0,0,1.1,0,22.4,20.2,87.49,958
2022,0,0,1,0,22.1,20.1,88.24,958
2022,0,0,0.9,0,21.9,20,88.94,959
2022,128,32,1.2,43,23.6,21,85.12,959
2022,493,96,1.4,247,25.8,21.3,76.43,960
2022,680,131,1.3,485,28.9,21.3,63.53,960
2022,782,152,1.2,706,30.8,21,56.09,960
2022,841,165,1.2,885,32.1,21.1,52.2,960
2022,911,146,1.4,1014,33,21.2,49.92,959
2022,927,146,1.7,1068,33.6,21.2,48.23,958
2022,925,143,2,1045,33.7,21.1,47.86,957
2022,907,136,2.2,951,33.6,21.1,47.98,956
2022,870,125,2.3,794,33.1,21,49.13,956
2022,401,246,2.3,485,32.4,20.8,50.62,956
2022,677,86,2.1,350,31.2,21.2,55.21,956
2022,403,51,1.2,118,28.8,21.9,66.17,956
2022,0,0,1,0,27.1,21.6,71.73,957
2022,0,0,1,0,26.4,21.7,75.55,958
2022,0,0,1.1,0,25.8,21.9,79.13,958
2022,0,0,1.2,0,25.4,22.1,82.12,959
2022,0,0,1.4,0,25,22.3,85.24,958
2022,0,0,1.9,0,24.7,22.6,87.86,958
2022,0,0,1.9,0,24.4,22.7,90.25,958
2022,0,0,1.8,0,24,22.7,92.54,957
2022,0,0,1.8,0,23.8,22.7,93.48,957
2022,0,0,1.7,0,23.5,22.6,94.82,958
2022,0,0,1.6,0,23.3,22.5,95.31,958
2022,83,32,2.3,39,24.6,22.6,88.66,959
2022,430,110,3.2,241,26.8,22.3,76.17,959
2022,639,148,3.6,480,28.7,21.8,66.22,959
2022,763,164,3.8,704,30,21.8,61.52,959
2022,839,170,4,887,31.2,22,57.98,958
2022,924,141,4.1,1021,32,22.1,55.97,957
2022,940,140,4.2,1074,32.5,22.2,54.84,956
2022,940,135,4.2,1052,32.7,22.3,54.51,955
2022,933,121,4.2,961,32.4,22.4,55.83,954
2022,896,112,4.1,803,31.9,22.5,57.64,954
2022,827,100,4,594,31,22.5,60.72,953
2022,699,81,3.4,355,29.7,22.8,66.46,953
2022,422,49,2.4,120,27.7,23.3,77.22,954
2022,0,0,2.1,0,26.3,23.6,85.31,955
2022,0,0,2.1,0,25.6,23.8,90.02,956
2022,0,0,2.3,0,25.2,24,92.82,956
2022,0,0,2.5,0,24.7,24,95.75,956
2022,0,0,2.5,0,24.4,23.9,97.21,955
2022,0,0,2.4,0,24.1,23.9,98.54,955
2022,0,0,2.4,0,23.9,23.8,99.11,954
2022,0,0,2.5,0,23.8,23.7,99.35,954
2022,0,0,2.7,0,23.8,23.6,99.04,954
2022,0,0,3,0,23.7,23.6,99.43,955
2022,0,0,3.2,0,23.6,23.5,99.53,955
2022,0,7,3.2,7,23.9,23.7,98.87,956
2022,6,92,3.6,94,24.5,24.1,97.59,956
2022,0,16,4.4,16,25.3,24.3,94.09,957
2022,1,148,5,149,26.7,24.1,85.67,956
2022,0,40,5,40,28.2,23.8,76.93,956
2022,0,47,4.8,47,29.2,23.5,71.62,955
2022,0,76,4.8,76,29.9,23.5,68.66,955
2022,0,128,5,128,30.2,23.5,67.36,954
2022,126,449,5.2,562,30.2,23.4,67.15,953
2022,255,345,5.4,542,29.9,23.4,68.13,952
2022,344,237,5.1,443,28.9,23.4,72.25,952
2022,109,176,4.1,219,27.4,23.6,79.75,952
2022,8,65,2.9,66,26,23.9,88.25,953
2022,0,0,2.2,0,25.1,24,93.81,954
2022,0,0,1.3,0,24.6,24.1,96.81,955
2022,0,0,1.3,0,24.3,24,98.42,956
2022,0,0,2.7,0,24,23.7,98.35,957
2022,0,0,3.7,0,23.5,23.2,98.4,958
2022,0,0,4.1,0,23.1,22.7,97.76,958
2022,0,0,4.4,0,22.9,22.4,96.84,959
2022,0,0,4.5,0,22.6,22.1,96.81,958
2022,0,0,4.3,0,22.4,21.7,96.02,959
2022,0,0,4,0,22.1,21.1,94.11,959
2022,0,0,3.7,0,21.7,20.2,91.45,960
2022,2,30,3.3,30,21.3,19.6,89.77,961
2022,314,128,2.9,222,21.4,19.2,87.49,961
2022,571,179,2.7,474,22,19.1,83.8,962
2022,651,183,2.9,641,23.2,18.9,76.87,962
2022,774,159,3.6,818,25.2,18.7,67.06,961
2022,754,226,4.1,943,27.4,18.7,58.99,960
2022,563,334,4,894,28.8,19.1,55.84,960
2022,471,354,3.8,814,29.5,19.4,54.73,959
2022,731,226,3.3,885,29.7,19.7,55,959
2022,290,340,2.8,564,29.4,19.9,56.63,958
2022,369,249,2.2,470,28.7,20.3,60.41,959
2022,385,169,1.5,322,27.9,20.6,64.75,959
2022,360,56,0.7,118,26.2,21.6,75.79,959
2022,0,0,0.6,0,25.3,21.2,77.87,960
2022,0,0,0.6,0,24.6,21.2,81.14,961
2022,0,0,0.6,0,24.1,21,82.73,961
2022,0,0,0.6,0,23.7,20.9,84.32,962
2022,0,0,0.6,0,23.2,20.7,85.62,962
2022,0,0,0.7,0,22.9,20.3,85.32,961
2022,0,0,0.8,0,22.6,20,85.09,961
2022,0,0,1,0,22.3,19.7,85.04,961
2022,0,0,1.1,0,22,19.5,85.62,961
2022,0,0,1.3,0,21.7,19.4,86.62,961
2022,0,0,1.4,0,21.5,19.3,87.25,961
2022,143,28,2.2,39,23,19.6,81.17,962
2022,542,83,2.6,245,25.3,19.7,71.18,962
2022,728,111,2.9,485,27.5,19.7,62.38,963
2022,825,129,2.8,709,29,19.7,57.39,962
2022,880,142,2.7,891,29.9,19.8,54.74,962
2022,926,137,2.5,1018,30.3,19.8,53.54,961
2022,936,141,2.3,1071,30.5,19.8,52.98,960
2022,933,140,2,1052,30.4,19.9,53.42,960
2022,592,363,1.9,897,30.3,19.9,53.94,959
2022,877,124,1.8,804,30,20,54.96,958
2022,816,106,1.8,598,29.5,20,56.67,957
2022,697,84,1.6,361,28.6,20.2,60.5,957
2022,442,50,0.8,127,26.7,21.2,71.65,958
2022,0,0,0.7,0,25.3,20.7,75.52,958
2022,0,0,0.7,0,24.8,20.5,76.92,959
2022,0,0,0.8,0,24.3,20.4,78.74,960
2022,0,0,0.8,0,23.8,20.3,80.85,960
2022,0,0,0.8,0,23.3,20.2,82.68,960
2022,0,0,0.9,0,22.8,20,84.01,959
2022,0,0,1,0,22.4,19.8,85.28,959
2022,0,0,1.1,0,22.1,19.8,86.69,959
2022,0,0,1.1,0,21.8,19.8,88.35,958
2022,0,0,1,0,21.5,19.8,90.2,959
2022,0,0,0.9,0,21.3,19.8,91.33,959
2022,184,26,1.7,39,23,20.2,84.03,960
2022,580,74,2.1,246,25.5,20.5,73.88,961
2022,755,100,2.4,486,27.9,20.5,64.13,961
2022,847,116,2.4,709,29.6,20.9,59.53,961
2022,897,127,2.6,891,30.8,21.4,57.23,961
2022,906,147,2.8,1009,31.6,21.8,56.01,960
2022,920,149,3,1063,32,22,55.65,959
2022,919,145,3.2,1044,32.2,22.2,55.46,958
2022,899,140,3.3,952,32.1,22.2,55.84,957
2022,862,128,3.4,797,31.7,22.2,57.05,956
2022,427,283,3.3,540,31.1,22.1,58.82,956
2022,674,88,2.8,357,30.1,22.2,62.66,956
2022,412,53,1.8,125,28.3,22.6,71.33,956
2022,0,0,1.3,0,26.9,22.6,77.28,957
2022,0,0,1.3,0,26.3,22.7,80.57,958
2022,0,0,1.2,0,25.7,22.8,83.83,959
2022,0,0,1.3,0,25.2,22.8,86.44,959
2022,0,0,1.4,0,24.8,22.8,88.49,959
2022,0,0,1.5,0,24.4,22.8,90.54,959
2022,0,0,1.6,0,24.1,22.7,91.95,958
2022,0,0,1.8,0,23.9,22.7,93.07,958
2022,0,0,1.9,0,23.7,22.7,94.18,958
2022,0,0,1.9,0,23.5,22.7,95.14,958
2022,0,0,2,0,23.5,22.7,95.05,959
2022,1,24,2.5,25,24.2,22.8,91.66,960
2022,0,39,3.1,39,25.4,22.8,85.59,960
2022,31,200,3.5,216,26.7,22.6,78.3,960
2022,204,317,3.4,459,27.8,22.5,73.07,961
2022,32,366,3,393,28.8,22.5,68.78,960
2022,200,446,2.6,636,29.6,22.4,65.49,960
2022,878,141,2.1,1013,29.9,22.4,64.24,960
2022,861,142,2,983,29.9,22.4,64.25,959
2022,551,283,1.9,781,29.6,22.5,65.52,959
2022,541,245,1.9,666,29.2,22.5,67.16,958
2022,151,277,1.9,368,28.5,22.6,70.53,958
2022,55,178,1.7,200,27.6,22.9,75.41,958
2022,3,59,1.1,59,26.4,23.2,82.74,959
2022,0,0,0.7,0,25.5,23.4,88.34,960
2022,0,0,0.5,0,25,23.5,91.58,960
2022,0,0,0.4,0,24.8,23.5,92.42,961
2022,0,0,0.2,0,24.7,23.3,91.76,961
2022,0,0,0.3,0,24.4,23.3,93.54,961
2022,0,0,0.6,0,24,23.1,94.71,961
2022,0,0,0.9,0,23.6,22.8,95.37,961
2022,0,0,1.3,0,23.3,22.5,94.98,961
2022,0,0,1.7,0,23,22,93.83,960
2022,0,0,2,0,22.7,21.3,91.6,961
2022,0,0,2.2,0,22.3,20.5,89.39,961
2022,0,17,2.6,17,22.5,20.1,86.36,962
2022,0,70,3.5,70,23.2,19.9,81.73,963
2022,42,268,4.5,289,24.3,19.3,73.57,963
2022,28,281,4.7,300,25.7,18.8,65.66,963
2022,7,381,4.6,387,26.4,18.7,62.73,963
2022,144,446,4.3,583,26.6,18.7,61.81,963
2022,71,479,4,550,26.7,18.6,61.28,963
2022,667,230,3.8,883,27.3,18.8,59.68,962
2022,846,141,3.6,906,28,19.2,58.9,962
2022,755,183,3.3,770,28.1,19.7,60.27,961
2022,181,285,3.1,395,27.5,20.1,63.94,961
2022,216,199,2.6,286,26.4,20.5,70.22,961
2022,1,42,2,42,24.9,20.8,77.87,961
2022,0,0,2,0,23.9,20.6,81.85,962
2022,0,0,2.2,0,23.4,20.3,82.92,963
2022,0,0,2.3,0,23,20,83.3,963
2022,0,0,2.4,0,22.7,19.7,83.06,963
2022,0,0,2.2,0,22.5,19.4,82.5,963
2022,0,0,1.8,0,22.4,19.1,81.58,962
2022,0,0,1.6,0,22.4,18.9,80.69,961
2022,0,0,1.4,0,22.4,18.8,80.12,961
2022,0,0,1.2,0,22.4,18.7,79.41,960
2022,0,0,1.1,0,22.3,18.5,79.11,960
2022,0,0,1,0,22.1,18.3,79.09,961
2022,99,26,1.5,32,23.4,18.8,75.28,962
2022,477,93,1.7,232,25.3,18.8,67.18,962
2022,675,128,1.7,470,28.2,17.8,53.33,963
2022,787,146,1.5,695,30,17.9,48.2,963
2022,853,157,1.3,879,31.3,18.4,46.34,962
2022,946,123,1.5,1020,32.3,18.9,45.17,961
2022,957,125,1.8,1076,32.9,19.3,44.67,960
2022,953,124,2,1057,33.2,19.6,44.71,959
2022,923,128,2.2,964,33.1,19.8,45.57,958
2022,889,116,2.4,809,32.7,19.9,47.06,957
2022,826,101,2.6,604,31.9,20,49.51,957
2022,714,80,2.4,369,30.6,20.4,54.44,957
2022,467,49,1.5,133,28.5,21.1,64.33,958
2022,0,0,1.3,0,26.9,21.2,71.03,958
2022,0,0,1.3,0,26.1,21.5,75.95,959
2022,0,0,1.2,0,25.4,21.9,80.79,960
2022,0,0,1.1,0,24.8,22.1,84.93,960
2022,0,0,1.1,0,24.3,22.2,88.26,959
2022,0,0,1,0,23.9,22.3,90.9,959
2022,0,0,0.9,0,23.4,22.4,93.85,959
2022,0,0,0.9,0,23.1,22.3,95.4,959
2022,0,0,0.9,0,22.8,22.2,96.63,959
2022,0,0,0.8,0,22.5,22.1,97.45,959
2022,0,0,0.8,0,22.3,21.9,97.41,959
2022,175,23,1.5,34,23.8,22.1,90.29,960
2022,583,70,1.7,239,26.1,22.3,79.42,961
2022,756,96,1.7,478,28.4,22,68.19,961
2022,840,116,2,700,30,21.9,61.75,961
2022,887,131,2.3,882,30.8,22,59.38,961
2022,623,276,2.5,867,31.1,22.1,59,961
2022,913,150,2.7,1057,30.9,22.2,60.04,960
2022,870,134,2.7,987,30.5,22.3,61.8,960
2022,876,151,2.5,945,30,22.4,63.67,959
2022,650,223,2.4,730,29.4,22.4,66.12,958
2022,19,226,2.3,237,28.6,22.6,70.07,958
2022,1,85,1.9,85,27.6,22.8,75.11,957
2022,0,26,1.2,27,26.3,23.2,82.86,957
2022,0,0,1,0,25.3,23.2,88.44,958
2022,0,0,1.6,0,25.8,25.5,98.28,955
2022,0,0,1.5,0,25.5,25.3,98.98,956
2022,0,0,1.4,0,25.1,25.1,100,956
2022,0,0,1.4,0,24.8,24.8,100,956
